{"particle":{},"spr":{},"img":{"img_xiaohongmao-sc/xiaohongmao003":[60.65,53.15],"img_xiaohongmao-sc/xiaohongmaozhuanshen3":[60.65,40.05],"img_xiaohongmao-sc/xiaohongmaowin":[60.65,39.8],"img_xiaohongmao-sc/xiaohongmao002":[60.65,50.65],"img_xiaohongmao-sc/xiaohongmaozhuanshen2":[60.65,41.3],"img_xiaohongmao-sc/xiaohongmao004":[60.65,50.1],"img_xiaohongmao-sc/xiaohongmaozhuanshen4":[60.65,39.85],"img_xiaohongmao-sc/xiaohongmao001":[60.65,50.1],"img_xiaohongmao-sc/xiaohongmaozhuanshen1":[60.65,46.95]},"s9":{},"mc":{"mc_xiaohongmao":{"loop":true,"frameEvents":{},"labels":[["1",0,11],["2",12,21],["3",22,22]],"frames":[[["img_xiaohongmao-sc/xiaohongmao001","img",-0.6,-25.05,1,1,0,0,1,"",0]],[["img_xiaohongmao-sc/xiaohongmao001","img",-0.6,-25.05,1,1,0,0,1,"",0]],[["img_xiaohongmao-sc/xiaohongmao001","img",-0.6,-25.05,1,1,0,0,1,"",0]],[["img_xiaohongmao-sc/xiaohongmao002","img",-0.6,-25.6,1,1,0,0,1,"",0]],[["img_xiaohongmao-sc/xiaohongmao002","img",-0.6,-25.6,1,1,0,0,1,"",0]],[["img_xiaohongmao-sc/xiaohongmao002","img",-0.6,-25.6,1,1,0,0,1,"",0]],[["img_xiaohongmao-sc/xiaohongmao004","img",-0.6,-25.05,1,1,0,0,1,"",0]],[["img_xiaohongmao-sc/xiaohongmao004","img",-0.6,-25.05,1,1,0,0,1,"",0]],[["img_xiaohongmao-sc/xiaohongmao004","img",-0.6,-25.05,1,1,0,0,1,"",0]],[["img_xiaohongmao-sc/xiaohongmao002","img",-0.6,-25.7,1,1,0,0,1,"",1]],[["img_xiaohongmao-sc/xiaohongmao002","img",-0.6,-25.7,1,1,0,0,1,"",1]],[["img_xiaohongmao-sc/xiaohongmao002","img",-0.6,-25.7,1,1,0,0,1,"",1]],[["img_xiaohongmao-sc/xiaohongmao003","img",-0.8,-27.1,1,1,0,0,1,"",0]],[["img_xiaohongmao-sc/xiaohongmao003","img",-0.8,-27.1,1,1,0,0,1,"",0]],[["img_xiaohongmao-sc/xiaohongmaozhuanshen1","img",-3.1,-20.65,1,1,0,0,1,"",0]],[["img_xiaohongmao-sc/xiaohongmaozhuanshen1","img",-3.1,-20.65,1,1,0,0,1,"",0]],[["img_xiaohongmao-sc/xiaohongmaozhuanshen2","img",-4.8,-15.1,1,1,0,0,1,"",0]],[["img_xiaohongmao-sc/xiaohongmaozhuanshen2","img",-4.8,-15.1,1,1,0,0,1,"",0]],[["img_xiaohongmao-sc/xiaohongmaozhuanshen3","img",-4.35,-13.65,1,1,0,0,1,"",0]],[["img_xiaohongmao-sc/xiaohongmaozhuanshen3","img",-4.35,-13.65,1,1,0,0,1,"",0]],[["img_xiaohongmao-sc/xiaohongmaozhuanshen4","img",-4.35,-13.8,1,1,0,0,1,"",0]],[["img_xiaohongmao-sc/xiaohongmaozhuanshen4","img",-4.35,-13.8,1,1,0,0,1,"",0]],[["img_xiaohongmao-sc/xiaohongmaowin","img",-4.3,-13.7,1,1,0,0,1,"",0]]],"objCount":{"img_xiaohongmao-sc/xiaohongmao003":["img",1],"img_xiaohongmao-sc/xiaohongmaozhuanshen3":["img",1],"img_xiaohongmao-sc/xiaohongmaozhuanshen4":["img",1],"img_xiaohongmao-sc/xiaohongmaowin":["img",1],"img_xiaohongmao-sc/xiaohongmao002":["img",2],"img_xiaohongmao-sc/xiaohongmaozhuanshen2":["img",1],"img_xiaohongmao-sc/xiaohongmao004":["img",1],"img_xiaohongmao-sc/xiaohongmao001":["img",1],"img_xiaohongmao-sc/xiaohongmaozhuanshen1":["img",1]}}},"shapeImg":{},"btn":{},"comp":{}}