{"frames": [

{
	"filename": "checked",
	"frame": {"x":0,"y":0,"w":106,"h":104},
	"rotated": false,
	"trimmed": false,
	"spriteSourceSize": {"x":0,"y":0,"w":106,"h":104},
	"sourceSize": {"w":106,"h":104},
	"pivot": {"x":0.5,"y":0.5}
},
{
	"filename": "unchecked",
	"frame": {"x":106,"y":0,"w":106,"h":104},
	"rotated": false,
	"trimmed": false,
	"spriteSourceSize": {"x":0,"y":0,"w":106,"h":104},
	"sourceSize": {"w":106,"h":104},
	"pivot": {"x":0.5,"y":0.5}
}],
"meta": {
	"app": "https://www.codeandweb.com/texturepacker",
	"version": "1.0",
	"image": "checkmark.png",
	"format": "RGBA8888",
	"size": {"w":212,"h":104},
	"scale": "1",
	"smartupdate": "$TexturePacker:SmartUpdate:a313c9da02d54827a5e172e5f69ae107:03be0b74bd1c8ccdd99c5435684eb5c7:2f5042315b83b267c41ace5fba1accfd$"
}
}
