{
	"textures": [
		{
			"image": "spider_monster.png",
			"format": "RGBA8888",
			"size": {
				"w": 2867,
				"h": 2867
			},
			"scale": 1,
			"frames": [
				{
					"filename": "death/E/0001",
					"frame": {
						"x": 0,
						"y": 0,
						"w": 188,
						"h": 133
					},
					"rotated": false,
					"trimmed": true,
					"spriteSourceSize": {
						"x": 63,
						"y": 140,
						"w": 188,
						"h": 133
					},
					"sourceSize": {
						"w": 298,
						"h": 300
					},
					"anchor": {
						"x": 0.5,
						"y": 0.5
					}
				},
				{
					"filename": "death/E/0002",
					"frame": {
						"x": 188,
						"y": 0,
						"w": 207,
						"h": 163
					},
					"rotated": false,
					"trimmed": true,
					"spriteSourceSize": {
						"x": 62,
						"y": 123,
						"w": 207,
						"h": 163
					},
					"sourceSize": {
						"w": 298,
						"h": 300
					},
					"anchor": {
						"x": 0.5,
						"y": 0.5
					}
				},
				{
					"filename": "death/E/0003",
					"frame": {
						"x": 395,
						"y": 0,
						"w": 228,
						"h": 172
					},
					"rotated": false,
					"trimmed": true,
					"spriteSourceSize": {
						"x": 26,
						"y": 120,
						"w": 228,
						"h": 172
					},
					"sourceSize": {
						"w": 298,
						"h": 300
					},
					"anchor": {
						"x": 0.5,
						"y": 0.5
					}
				},
				{
					"filename": "death/E/0004",
					"frame": {
						"x": 623,
						"y": 0,
						"w": 245,
						"h": 134
					},
					"rotated": false,
					"trimmed": true,
					"spriteSourceSize": {
						"x": 7,
						"y": 142,
						"w": 245,
						"h": 134
					},
					"sourceSize": {
						"w": 298,
						"h": 300
					},
					"anchor": {
						"x": 0.5,
						"y": 0.5
					}
				},
				{
					"filename": "death/E/0005",
					"frame": {
						"x": 868,
						"y": 0,
						"w": 230,
						"h": 90
					},
					"rotated": false,
					"trimmed": true,
					"spriteSourceSize": {
						"x": 31,
						"y": 186,
						"w": 230,
						"h": 90
					},
					"sourceSize": {
						"w": 298,
						"h": 300
					},
					"anchor": {
						"x": 0.5,
						"y": 0.5
					}
				},
				{
					"filename": "death/E/0006",
					"frame": {
						"x": 1098,
						"y": 0,
						"w": 225,
						"h": 87
					},
					"rotated": false,
					"trimmed": true,
					"spriteSourceSize": {
						"x": 34,
						"y": 191,
						"w": 225,
						"h": 87
					},
					"sourceSize": {
						"w": 298,
						"h": 300
					},
					"anchor": {
						"x": 0.5,
						"y": 0.5
					}
				},
				{
					"filename": "death/N/0001",
					"frame": {
						"x": 1323,
						"y": 0,
						"w": 227,
						"h": 118
					},
					"rotated": false,
					"trimmed": true,
					"spriteSourceSize": {
						"x": 29,
						"y": 150,
						"w": 227,
						"h": 118
					},
					"sourceSize": {
						"w": 298,
						"h": 300
					},
					"anchor": {
						"x": 0.5,
						"y": 0.5
					}
				},
				{
					"filename": "death/N/0002",
					"frame": {
						"x": 1550,
						"y": 0,
						"w": 222,
						"h": 150
					},
					"rotated": false,
					"trimmed": true,
					"spriteSourceSize": {
						"x": 36,
						"y": 132,
						"w": 222,
						"h": 150
					},
					"sourceSize": {
						"w": 298,
						"h": 300
					},
					"anchor": {
						"x": 0.5,
						"y": 0.5
					}
				},
				{
					"filename": "death/N/0003",
					"frame": {
						"x": 1772,
						"y": 0,
						"w": 242,
						"h": 173
					},
					"rotated": false,
					"trimmed": true,
					"spriteSourceSize": {
						"x": 51,
						"y": 122,
						"w": 242,
						"h": 173
					},
					"sourceSize": {
						"w": 298,
						"h": 300
					},
					"anchor": {
						"x": 0.5,
						"y": 0.5
					}
				},
				{
					"filename": "death/N/0004",
					"frame": {
						"x": 2014,
						"y": 0,
						"w": 197,
						"h": 143
					},
					"rotated": false,
					"trimmed": true,
					"spriteSourceSize": {
						"x": 52,
						"y": 142,
						"w": 197,
						"h": 143
					},
					"sourceSize": {
						"w": 298,
						"h": 300
					},
					"anchor": {
						"x": 0.5,
						"y": 0.5
					}
				},
				{
					"filename": "death/N/0005",
					"frame": {
						"x": 2211,
						"y": 0,
						"w": 200,
						"h": 99
					},
					"rotated": false,
					"trimmed": true,
					"spriteSourceSize": {
						"x": 50,
						"y": 187,
						"w": 200,
						"h": 99
					},
					"sourceSize": {
						"w": 298,
						"h": 300
					},
					"anchor": {
						"x": 0.5,
						"y": 0.5
					}
				},
				{
					"filename": "death/N/0006",
					"frame": {
						"x": 2411,
						"y": 0,
						"w": 200,
						"h": 94
					},
					"rotated": false,
					"trimmed": true,
					"spriteSourceSize": {
						"x": 49,
						"y": 194,
						"w": 200,
						"h": 94
					},
					"sourceSize": {
						"w": 298,
						"h": 300
					},
					"anchor": {
						"x": 0.5,
						"y": 0.5
					}
				},
				{
					"filename": "death/NE/0001",
					"frame": {
						"x": 2611,
						"y": 0,
						"w": 246,
						"h": 132
					},
					"rotated": false,
					"trimmed": true,
					"spriteSourceSize": {
						"x": 28,
						"y": 141,
						"w": 246,
						"h": 132
					},
					"sourceSize": {
						"w": 298,
						"h": 300
					},
					"anchor": {
						"x": 0.5,
						"y": 0.5
					}
				},
				{
					"filename": "death/NE/0002",
					"frame": {
						"x": 0,
						"y": 173,
						"w": 237,
						"h": 169
					},
					"rotated": false,
					"trimmed": true,
					"spriteSourceSize": {
						"x": 33,
						"y": 122,
						"w": 237,
						"h": 169
					},
					"sourceSize": {
						"w": 298,
						"h": 300
					},
					"anchor": {
						"x": 0.5,
						"y": 0.5
					}
				},
				{
					"filename": "death/NE/0003",
					"frame": {
						"x": 237,
						"y": 173,
						"w": 224,
						"h": 177
					},
					"rotated": false,
					"trimmed": true,
					"spriteSourceSize": {
						"x": 34,
						"y": 122,
						"w": 224,
						"h": 177
					},
					"sourceSize": {
						"w": 298,
						"h": 300
					},
					"anchor": {
						"x": 0.5,
						"y": 0.5
					}
				},
				{
					"filename": "death/NE/0004",
					"frame": {
						"x": 461,
						"y": 173,
						"w": 227,
						"h": 144
					},
					"rotated": false,
					"trimmed": true,
					"spriteSourceSize": {
						"x": 32,
						"y": 142,
						"w": 227,
						"h": 144
					},
					"sourceSize": {
						"w": 298,
						"h": 300
					},
					"anchor": {
						"x": 0.5,
						"y": 0.5
					}
				},
				{
					"filename": "death/NE/0005",
					"frame": {
						"x": 688,
						"y": 173,
						"w": 226,
						"h": 103
					},
					"rotated": false,
					"trimmed": true,
					"spriteSourceSize": {
						"x": 32,
						"y": 182,
						"w": 226,
						"h": 103
					},
					"sourceSize": {
						"w": 298,
						"h": 300
					},
					"anchor": {
						"x": 0.5,
						"y": 0.5
					}
				},
				{
					"filename": "death/NE/0006",
					"frame": {
						"x": 914,
						"y": 173,
						"w": 223,
						"h": 95
					},
					"rotated": false,
					"trimmed": true,
					"spriteSourceSize": {
						"x": 33,
						"y": 191,
						"w": 223,
						"h": 95
					},
					"sourceSize": {
						"w": 298,
						"h": 300
					},
					"anchor": {
						"x": 0.5,
						"y": 0.5
					}
				},
				{
					"filename": "death/NW/0001",
					"frame": {
						"x": 1137,
						"y": 173,
						"w": 246,
						"h": 127
					},
					"rotated": false,
					"trimmed": true,
					"spriteSourceSize": {
						"x": 29,
						"y": 148,
						"w": 246,
						"h": 127
					},
					"sourceSize": {
						"w": 298,
						"h": 300
					},
					"anchor": {
						"x": 0.5,
						"y": 0.5
					}
				},
				{
					"filename": "death/NW/0002",
					"frame": {
						"x": 1383,
						"y": 173,
						"w": 257,
						"h": 145
					},
					"rotated": false,
					"trimmed": true,
					"spriteSourceSize": {
						"x": 17,
						"y": 130,
						"w": 257,
						"h": 145
					},
					"sourceSize": {
						"w": 298,
						"h": 300
					},
					"anchor": {
						"x": 0.5,
						"y": 0.5
					}
				},
				{
					"filename": "death/NW/0003",
					"frame": {
						"x": 1640,
						"y": 173,
						"w": 256,
						"h": 160
					},
					"rotated": false,
					"trimmed": true,
					"spriteSourceSize": {
						"x": 42,
						"y": 122,
						"w": 256,
						"h": 160
					},
					"sourceSize": {
						"w": 298,
						"h": 300
					},
					"anchor": {
						"x": 0.5,
						"y": 0.5
					}
				},
				{
					"filename": "death/NW/0004",
					"frame": {
						"x": 1896,
						"y": 173,
						"w": 251,
						"h": 144
					},
					"rotated": false,
					"trimmed": true,
					"spriteSourceSize": {
						"x": 46,
						"y": 144,
						"w": 251,
						"h": 144
					},
					"sourceSize": {
						"w": 298,
						"h": 300
					},
					"anchor": {
						"x": 0.5,
						"y": 0.5
					}
				},
				{
					"filename": "death/NW/0005",
					"frame": {
						"x": 2147,
						"y": 173,
						"w": 245,
						"h": 98
					},
					"rotated": false,
					"trimmed": true,
					"spriteSourceSize": {
						"x": 36,
						"y": 190,
						"w": 245,
						"h": 98
					},
					"sourceSize": {
						"w": 298,
						"h": 300
					},
					"anchor": {
						"x": 0.5,
						"y": 0.5
					}
				},
				{
					"filename": "death/NW/0006",
					"frame": {
						"x": 2392,
						"y": 173,
						"w": 242,
						"h": 93
					},
					"rotated": false,
					"trimmed": true,
					"spriteSourceSize": {
						"x": 37,
						"y": 194,
						"w": 242,
						"h": 93
					},
					"sourceSize": {
						"w": 298,
						"h": 300
					},
					"anchor": {
						"x": 0.5,
						"y": 0.5
					}
				},
				{
					"filename": "death/S/0001",
					"frame": {
						"x": 2634,
						"y": 173,
						"w": 226,
						"h": 133
					},
					"rotated": false,
					"trimmed": true,
					"spriteSourceSize": {
						"x": 49,
						"y": 139,
						"w": 226,
						"h": 133
					},
					"sourceSize": {
						"w": 298,
						"h": 300
					},
					"anchor": {
						"x": 0.5,
						"y": 0.5
					}
				},
				{
					"filename": "death/S/0002",
					"frame": {
						"x": 0,
						"y": 350,
						"w": 286,
						"h": 204
					},
					"rotated": false,
					"trimmed": true,
					"spriteSourceSize": {
						"x": 12,
						"y": 85,
						"w": 286,
						"h": 204
					},
					"sourceSize": {
						"w": 298,
						"h": 300
					},
					"anchor": {
						"x": 0.5,
						"y": 0.5
					}
				},
				{
					"filename": "death/S/0003",
					"frame": {
						"x": 286,
						"y": 350,
						"w": 242,
						"h": 128
					},
					"rotated": false,
					"trimmed": true,
					"spriteSourceSize": {
						"x": 11,
						"y": 144,
						"w": 242,
						"h": 128
					},
					"sourceSize": {
						"w": 298,
						"h": 300
					},
					"anchor": {
						"x": 0.5,
						"y": 0.5
					}
				},
				{
					"filename": "death/S/0004",
					"frame": {
						"x": 528,
						"y": 350,
						"w": 198,
						"h": 107
					},
					"rotated": false,
					"trimmed": true,
					"spriteSourceSize": {
						"x": 55,
						"y": 170,
						"w": 198,
						"h": 107
					},
					"sourceSize": {
						"w": 298,
						"h": 300
					},
					"anchor": {
						"x": 0.5,
						"y": 0.5
					}
				},
				{
					"filename": "death/S/0005",
					"frame": {
						"x": 726,
						"y": 350,
						"w": 199,
						"h": 92
					},
					"rotated": false,
					"trimmed": true,
					"spriteSourceSize": {
						"x": 55,
						"y": 187,
						"w": 199,
						"h": 92
					},
					"sourceSize": {
						"w": 298,
						"h": 300
					},
					"anchor": {
						"x": 0.5,
						"y": 0.5
					}
				},
				{
					"filename": "death/S/0006",
					"frame": {
						"x": 925,
						"y": 350,
						"w": 199,
						"h": 93
					},
					"rotated": false,
					"trimmed": true,
					"spriteSourceSize": {
						"x": 56,
						"y": 189,
						"w": 199,
						"h": 93
					},
					"sourceSize": {
						"w": 298,
						"h": 300
					},
					"anchor": {
						"x": 0.5,
						"y": 0.5
					}
				},
				{
					"filename": "death/SE/0001",
					"frame": {
						"x": 1124,
						"y": 350,
						"w": 245,
						"h": 141
					},
					"rotated": false,
					"trimmed": true,
					"spriteSourceSize": {
						"x": 30,
						"y": 134,
						"w": 245,
						"h": 141
					},
					"sourceSize": {
						"w": 298,
						"h": 300
					},
					"anchor": {
						"x": 0.5,
						"y": 0.5
					}
				},
				{
					"filename": "death/SE/0002",
					"frame": {
						"x": 1369,
						"y": 350,
						"w": 257,
						"h": 135
					},
					"rotated": false,
					"trimmed": true,
					"spriteSourceSize": {
						"x": 30,
						"y": 135,
						"w": 257,
						"h": 135
					},
					"sourceSize": {
						"w": 298,
						"h": 300
					},
					"anchor": {
						"x": 0.5,
						"y": 0.5
					}
				},
				{
					"filename": "death/SE/0003",
					"frame": {
						"x": 1626,
						"y": 350,
						"w": 256,
						"h": 149
					},
					"rotated": false,
					"trimmed": true,
					"spriteSourceSize": {
						"x": 6,
						"y": 128,
						"w": 256,
						"h": 149
					},
					"sourceSize": {
						"w": 298,
						"h": 300
					},
					"anchor": {
						"x": 0.5,
						"y": 0.5
					}
				},
				{
					"filename": "death/SE/0004",
					"frame": {
						"x": 1882,
						"y": 350,
						"w": 252,
						"h": 119
					},
					"rotated": false,
					"trimmed": true,
					"spriteSourceSize": {
						"x": 7,
						"y": 154,
						"w": 252,
						"h": 119
					},
					"sourceSize": {
						"w": 298,
						"h": 300
					},
					"anchor": {
						"x": 0.5,
						"y": 0.5
					}
				},
				{
					"filename": "death/SE/0005",
					"frame": {
						"x": 2134,
						"y": 350,
						"w": 244,
						"h": 83
					},
					"rotated": false,
					"trimmed": true,
					"spriteSourceSize": {
						"x": 23,
						"y": 189,
						"w": 244,
						"h": 83
					},
					"sourceSize": {
						"w": 298,
						"h": 300
					},
					"anchor": {
						"x": 0.5,
						"y": 0.5
					}
				},
				{
					"filename": "death/SE/0006",
					"frame": {
						"x": 2378,
						"y": 350,
						"w": 243,
						"h": 84
					},
					"rotated": false,
					"trimmed": true,
					"spriteSourceSize": {
						"x": 25,
						"y": 194,
						"w": 243,
						"h": 84
					},
					"sourceSize": {
						"w": 298,
						"h": 300
					},
					"anchor": {
						"x": 0.5,
						"y": 0.5
					}
				},
				{
					"filename": "death/SW/0001",
					"frame": {
						"x": 2621,
						"y": 350,
						"w": 246,
						"h": 142
					},
					"rotated": false,
					"trimmed": true,
					"spriteSourceSize": {
						"x": 31,
						"y": 139,
						"w": 246,
						"h": 142
					},
					"sourceSize": {
						"w": 298,
						"h": 300
					},
					"anchor": {
						"x": 0.5,
						"y": 0.5
					}
				},
				{
					"filename": "death/SW/0002",
					"frame": {
						"x": 0,
						"y": 554,
						"w": 237,
						"h": 128
					},
					"rotated": false,
					"trimmed": true,
					"spriteSourceSize": {
						"x": 34,
						"y": 147,
						"w": 237,
						"h": 128
					},
					"sourceSize": {
						"w": 298,
						"h": 300
					},
					"anchor": {
						"x": 0.5,
						"y": 0.5
					}
				},
				{
					"filename": "death/SW/0003",
					"frame": {
						"x": 237,
						"y": 554,
						"w": 224,
						"h": 144
					},
					"rotated": false,
					"trimmed": true,
					"spriteSourceSize": {
						"x": 46,
						"y": 139,
						"w": 224,
						"h": 144
					},
					"sourceSize": {
						"w": 298,
						"h": 300
					},
					"anchor": {
						"x": 0.5,
						"y": 0.5
					}
				},
				{
					"filename": "death/SW/0004",
					"frame": {
						"x": 461,
						"y": 554,
						"w": 228,
						"h": 113
					},
					"rotated": false,
					"trimmed": true,
					"spriteSourceSize": {
						"x": 45,
						"y": 172,
						"w": 228,
						"h": 113
					},
					"sourceSize": {
						"w": 298,
						"h": 300
					},
					"anchor": {
						"x": 0.5,
						"y": 0.5
					}
				},
				{
					"filename": "death/SW/0005",
					"frame": {
						"x": 689,
						"y": 554,
						"w": 225,
						"h": 99
					},
					"rotated": false,
					"trimmed": true,
					"spriteSourceSize": {
						"x": 47,
						"y": 187,
						"w": 225,
						"h": 99
					},
					"sourceSize": {
						"w": 298,
						"h": 300
					},
					"anchor": {
						"x": 0.5,
						"y": 0.5
					}
				},
				{
					"filename": "death/SW/0006",
					"frame": {
						"x": 914,
						"y": 554,
						"w": 223,
						"h": 97
					},
					"rotated": false,
					"trimmed": true,
					"spriteSourceSize": {
						"x": 48,
						"y": 188,
						"w": 223,
						"h": 97
					},
					"sourceSize": {
						"w": 298,
						"h": 300
					},
					"anchor": {
						"x": 0.5,
						"y": 0.5
					}
				},
				{
					"filename": "death/W/0001",
					"frame": {
						"x": 1137,
						"y": 554,
						"w": 188,
						"h": 131
					},
					"rotated": false,
					"trimmed": true,
					"spriteSourceSize": {
						"x": 53,
						"y": 144,
						"w": 188,
						"h": 131
					},
					"sourceSize": {
						"w": 298,
						"h": 300
					},
					"anchor": {
						"x": 0.5,
						"y": 0.5
					}
				},
				{
					"filename": "death/W/0002",
					"frame": {
						"x": 1325,
						"y": 554,
						"w": 208,
						"h": 143
					},
					"rotated": false,
					"trimmed": true,
					"spriteSourceSize": {
						"x": 35,
						"y": 133,
						"w": 208,
						"h": 143
					},
					"sourceSize": {
						"w": 298,
						"h": 300
					},
					"anchor": {
						"x": 0.5,
						"y": 0.5
					}
				},
				{
					"filename": "death/W/0003",
					"frame": {
						"x": 1533,
						"y": 554,
						"w": 228,
						"h": 155
					},
					"rotated": false,
					"trimmed": true,
					"spriteSourceSize": {
						"x": 50,
						"y": 127,
						"w": 228,
						"h": 155
					},
					"sourceSize": {
						"w": 298,
						"h": 300
					},
					"anchor": {
						"x": 0.5,
						"y": 0.5
					}
				},
				{
					"filename": "death/W/0004",
					"frame": {
						"x": 1761,
						"y": 554,
						"w": 245,
						"h": 133
					},
					"rotated": false,
					"trimmed": true,
					"spriteSourceSize": {
						"x": 52,
						"y": 156,
						"w": 245,
						"h": 133
					},
					"sourceSize": {
						"w": 298,
						"h": 300
					},
					"anchor": {
						"x": 0.5,
						"y": 0.5
					}
				},
				{
					"filename": "death/W/0005",
					"frame": {
						"x": 2006,
						"y": 554,
						"w": 230,
						"h": 98
					},
					"rotated": false,
					"trimmed": true,
					"spriteSourceSize": {
						"x": 43,
						"y": 191,
						"w": 230,
						"h": 98
					},
					"sourceSize": {
						"w": 298,
						"h": 300
					},
					"anchor": {
						"x": 0.5,
						"y": 0.5
					}
				},
				{
					"filename": "death/W/0006",
					"frame": {
						"x": 2236,
						"y": 554,
						"w": 225,
						"h": 94
					},
					"rotated": false,
					"trimmed": true,
					"spriteSourceSize": {
						"x": 45,
						"y": 194,
						"w": 225,
						"h": 94
					},
					"sourceSize": {
						"w": 298,
						"h": 300
					},
					"anchor": {
						"x": 0.5,
						"y": 0.5
					}
				},
				{
					"filename": "fight/E/0001",
					"frame": {
						"x": 2461,
						"y": 554,
						"w": 187,
						"h": 133
					},
					"rotated": false,
					"trimmed": true,
					"spriteSourceSize": {
						"x": 63,
						"y": 140,
						"w": 187,
						"h": 133
					},
					"sourceSize": {
						"w": 298,
						"h": 300
					},
					"anchor": {
						"x": 0.5,
						"y": 0.5
					}
				},
				{
					"filename": "fight/E/0002",
					"frame": {
						"x": 0,
						"y": 709,
						"w": 222,
						"h": 194
					},
					"rotated": false,
					"trimmed": true,
					"spriteSourceSize": {
						"x": 27,
						"y": 80,
						"w": 222,
						"h": 194
					},
					"sourceSize": {
						"w": 298,
						"h": 300
					},
					"anchor": {
						"x": 0.5,
						"y": 0.5
					}
				},
				{
					"filename": "fight/E/0003",
					"frame": {
						"x": 222,
						"y": 709,
						"w": 229,
						"h": 198
					},
					"rotated": false,
					"trimmed": true,
					"spriteSourceSize": {
						"x": 27,
						"y": 76,
						"w": 229,
						"h": 198
					},
					"sourceSize": {
						"w": 298,
						"h": 300
					},
					"anchor": {
						"x": 0.5,
						"y": 0.5
					}
				},
				{
					"filename": "fight/E/0004",
					"frame": {
						"x": 451,
						"y": 709,
						"w": 227,
						"h": 178
					},
					"rotated": false,
					"trimmed": true,
					"spriteSourceSize": {
						"x": 65,
						"y": 95,
						"w": 227,
						"h": 178
					},
					"sourceSize": {
						"w": 298,
						"h": 300
					},
					"anchor": {
						"x": 0.5,
						"y": 0.5
					}
				},
				{
					"filename": "fight/E/0005",
					"frame": {
						"x": 678,
						"y": 709,
						"w": 220,
						"h": 133
					},
					"rotated": false,
					"trimmed": true,
					"spriteSourceSize": {
						"x": 63,
						"y": 140,
						"w": 220,
						"h": 133
					},
					"sourceSize": {
						"w": 298,
						"h": 300
					},
					"anchor": {
						"x": 0.5,
						"y": 0.5
					}
				},
				{
					"filename": "fight/E/0006",
					"frame": {
						"x": 898,
						"y": 709,
						"w": 187,
						"h": 133
					},
					"rotated": false,
					"trimmed": true,
					"spriteSourceSize": {
						"x": 63,
						"y": 140,
						"w": 187,
						"h": 133
					},
					"sourceSize": {
						"w": 298,
						"h": 300
					},
					"anchor": {
						"x": 0.5,
						"y": 0.5
					}
				},
				{
					"filename": "fight/N/0001",
					"frame": {
						"x": 1085,
						"y": 709,
						"w": 227,
						"h": 121
					},
					"rotated": false,
					"trimmed": true,
					"spriteSourceSize": {
						"x": 29,
						"y": 147,
						"w": 227,
						"h": 121
					},
					"sourceSize": {
						"w": 298,
						"h": 300
					},
					"anchor": {
						"x": 0.5,
						"y": 0.5
					}
				},
				{
					"filename": "fight/N/0002",
					"frame": {
						"x": 1312,
						"y": 709,
						"w": 242,
						"h": 188
					},
					"rotated": false,
					"trimmed": true,
					"spriteSourceSize": {
						"x": 28,
						"y": 85,
						"w": 242,
						"h": 188
					},
					"sourceSize": {
						"w": 298,
						"h": 300
					},
					"anchor": {
						"x": 0.5,
						"y": 0.5
					}
				},
				{
					"filename": "fight/N/0003",
					"frame": {
						"x": 1554,
						"y": 709,
						"w": 235,
						"h": 191
					},
					"rotated": false,
					"trimmed": true,
					"spriteSourceSize": {
						"x": 31,
						"y": 81,
						"w": 235,
						"h": 191
					},
					"sourceSize": {
						"w": 298,
						"h": 300
					},
					"anchor": {
						"x": 0.5,
						"y": 0.5
					}
				},
				{
					"filename": "fight/N/0004",
					"frame": {
						"x": 1789,
						"y": 709,
						"w": 233,
						"h": 175
					},
					"rotated": false,
					"trimmed": true,
					"spriteSourceSize": {
						"x": 30,
						"y": 94,
						"w": 233,
						"h": 175
					},
					"sourceSize": {
						"w": 298,
						"h": 300
					},
					"anchor": {
						"x": 0.5,
						"y": 0.5
					}
				},
				{
					"filename": "fight/N/0005",
					"frame": {
						"x": 2022,
						"y": 709,
						"w": 227,
						"h": 125
					},
					"rotated": false,
					"trimmed": true,
					"spriteSourceSize": {
						"x": 29,
						"y": 142,
						"w": 227,
						"h": 125
					},
					"sourceSize": {
						"w": 298,
						"h": 300
					},
					"anchor": {
						"x": 0.5,
						"y": 0.5
					}
				},
				{
					"filename": "fight/N/0006",
					"frame": {
						"x": 2249,
						"y": 709,
						"w": 227,
						"h": 117
					},
					"rotated": false,
					"trimmed": true,
					"spriteSourceSize": {
						"x": 29,
						"y": 151,
						"w": 227,
						"h": 117
					},
					"sourceSize": {
						"w": 298,
						"h": 300
					},
					"anchor": {
						"x": 0.5,
						"y": 0.5
					}
				},
				{
					"filename": "fight/NE/0001",
					"frame": {
						"x": 2476,
						"y": 709,
						"w": 248,
						"h": 135
					},
					"rotated": false,
					"trimmed": true,
					"spriteSourceSize": {
						"x": 25,
						"y": 139,
						"w": 248,
						"h": 135
					},
					"sourceSize": {
						"w": 298,
						"h": 300
					},
					"anchor": {
						"x": 0.5,
						"y": 0.5
					}
				},
				{
					"filename": "fight/NE/0002",
					"frame": {
						"x": 0,
						"y": 907,
						"w": 245,
						"h": 200
					},
					"rotated": false,
					"trimmed": true,
					"spriteSourceSize": {
						"x": 0,
						"y": 79,
						"w": 245,
						"h": 200
					},
					"sourceSize": {
						"w": 298,
						"h": 300
					},
					"anchor": {
						"x": 0.5,
						"y": 0.5
					}
				},
				{
					"filename": "fight/NE/0003",
					"frame": {
						"x": 245,
						"y": 907,
						"w": 242,
						"h": 203
					},
					"rotated": false,
					"trimmed": true,
					"spriteSourceSize": {
						"x": 0,
						"y": 76,
						"w": 242,
						"h": 203
					},
					"sourceSize": {
						"w": 298,
						"h": 300
					},
					"anchor": {
						"x": 0.5,
						"y": 0.5
					}
				},
				{
					"filename": "fight/NE/0004",
					"frame": {
						"x": 487,
						"y": 907,
						"w": 242,
						"h": 187
					},
					"rotated": false,
					"trimmed": true,
					"spriteSourceSize": {
						"x": 12,
						"y": 90,
						"w": 242,
						"h": 187
					},
					"sourceSize": {
						"w": 298,
						"h": 300
					},
					"anchor": {
						"x": 0.5,
						"y": 0.5
					}
				},
				{
					"filename": "fight/NE/0005",
					"frame": {
						"x": 729,
						"y": 907,
						"w": 249,
						"h": 137
					},
					"rotated": false,
					"trimmed": true,
					"spriteSourceSize": {
						"x": 27,
						"y": 136,
						"w": 249,
						"h": 137
					},
					"sourceSize": {
						"w": 298,
						"h": 300
					},
					"anchor": {
						"x": 0.5,
						"y": 0.5
					}
				},
				{
					"filename": "fight/NE/0006",
					"frame": {
						"x": 978,
						"y": 907,
						"w": 247,
						"h": 131
					},
					"rotated": false,
					"trimmed": true,
					"spriteSourceSize": {
						"x": 27,
						"y": 142,
						"w": 247,
						"h": 131
					},
					"sourceSize": {
						"w": 298,
						"h": 300
					},
					"anchor": {
						"x": 0.5,
						"y": 0.5
					}
				},
				{
					"filename": "fight/NW/0001",
					"frame": {
						"x": 1225,
						"y": 907,
						"w": 247,
						"h": 129
					},
					"rotated": false,
					"trimmed": true,
					"spriteSourceSize": {
						"x": 28,
						"y": 145,
						"w": 247,
						"h": 129
					},
					"sourceSize": {
						"w": 298,
						"h": 300
					},
					"anchor": {
						"x": 0.5,
						"y": 0.5
					}
				},
				{
					"filename": "fight/NW/0002",
					"frame": {
						"x": 1472,
						"y": 907,
						"w": 241,
						"h": 183
					},
					"rotated": false,
					"trimmed": true,
					"spriteSourceSize": {
						"x": 39,
						"y": 92,
						"w": 241,
						"h": 183
					},
					"sourceSize": {
						"w": 298,
						"h": 300
					},
					"anchor": {
						"x": 0.5,
						"y": 0.5
					}
				},
				{
					"filename": "fight/NW/0003",
					"frame": {
						"x": 1713,
						"y": 907,
						"w": 244,
						"h": 184
					},
					"rotated": false,
					"trimmed": true,
					"spriteSourceSize": {
						"x": 42,
						"y": 89,
						"w": 244,
						"h": 184
					},
					"sourceSize": {
						"w": 298,
						"h": 300
					},
					"anchor": {
						"x": 0.5,
						"y": 0.5
					}
				},
				{
					"filename": "fight/NW/0004",
					"frame": {
						"x": 1957,
						"y": 907,
						"w": 244,
						"h": 176
					},
					"rotated": false,
					"trimmed": true,
					"spriteSourceSize": {
						"x": 32,
						"y": 95,
						"w": 244,
						"h": 176
					},
					"sourceSize": {
						"w": 298,
						"h": 300
					},
					"anchor": {
						"x": 0.5,
						"y": 0.5
					}
				},
				{
					"filename": "fight/NW/0005",
					"frame": {
						"x": 2201,
						"y": 907,
						"w": 254,
						"h": 125
					},
					"rotated": false,
					"trimmed": true,
					"spriteSourceSize": {
						"x": 21,
						"y": 149,
						"w": 254,
						"h": 125
					},
					"sourceSize": {
						"w": 298,
						"h": 300
					},
					"anchor": {
						"x": 0.5,
						"y": 0.5
					}
				},
				{
					"filename": "fight/NW/0006",
					"frame": {
						"x": 2455,
						"y": 907,
						"w": 245,
						"h": 127
					},
					"rotated": false,
					"trimmed": true,
					"spriteSourceSize": {
						"x": 30,
						"y": 148,
						"w": 245,
						"h": 127
					},
					"sourceSize": {
						"w": 298,
						"h": 300
					},
					"anchor": {
						"x": 0.5,
						"y": 0.5
					}
				},
				{
					"filename": "fight/S/0001",
					"frame": {
						"x": 0,
						"y": 1110,
						"w": 227,
						"h": 133
					},
					"rotated": false,
					"trimmed": true,
					"spriteSourceSize": {
						"x": 48,
						"y": 139,
						"w": 227,
						"h": 133
					},
					"sourceSize": {
						"w": 298,
						"h": 300
					},
					"anchor": {
						"x": 0.5,
						"y": 0.5
					}
				},
				{
					"filename": "fight/S/0002",
					"frame": {
						"x": 227,
						"y": 1110,
						"w": 241,
						"h": 168
					},
					"rotated": false,
					"trimmed": true,
					"spriteSourceSize": {
						"x": 35,
						"y": 95,
						"w": 241,
						"h": 168
					},
					"sourceSize": {
						"w": 298,
						"h": 300
					},
					"anchor": {
						"x": 0.5,
						"y": 0.5
					}
				},
				{
					"filename": "fight/S/0003",
					"frame": {
						"x": 468,
						"y": 1110,
						"w": 235,
						"h": 172
					},
					"rotated": false,
					"trimmed": true,
					"spriteSourceSize": {
						"x": 39,
						"y": 89,
						"w": 235,
						"h": 172
					},
					"sourceSize": {
						"w": 298,
						"h": 300
					},
					"anchor": {
						"x": 0.5,
						"y": 0.5
					}
				},
				{
					"filename": "fight/S/0004",
					"frame": {
						"x": 703,
						"y": 1110,
						"w": 233,
						"h": 148
					},
					"rotated": false,
					"trimmed": true,
					"spriteSourceSize": {
						"x": 41,
						"y": 116,
						"w": 233,
						"h": 148
					},
					"sourceSize": {
						"w": 298,
						"h": 300
					},
					"anchor": {
						"x": 0.5,
						"y": 0.5
					}
				},
				{
					"filename": "fight/S/0005",
					"frame": {
						"x": 936,
						"y": 1110,
						"w": 226,
						"h": 136
					},
					"rotated": false,
					"trimmed": true,
					"spriteSourceSize": {
						"x": 49,
						"y": 139,
						"w": 226,
						"h": 136
					},
					"sourceSize": {
						"w": 298,
						"h": 300
					},
					"anchor": {
						"x": 0.5,
						"y": 0.5
					}
				},
				{
					"filename": "fight/S/0006",
					"frame": {
						"x": 1162,
						"y": 1110,
						"w": 226,
						"h": 135
					},
					"rotated": false,
					"trimmed": true,
					"spriteSourceSize": {
						"x": 49,
						"y": 139,
						"w": 226,
						"h": 135
					},
					"sourceSize": {
						"w": 298,
						"h": 300
					},
					"anchor": {
						"x": 0.5,
						"y": 0.5
					}
				},
				{
					"filename": "fight/SE/0001",
					"frame": {
						"x": 1388,
						"y": 1110,
						"w": 246,
						"h": 141
					},
					"rotated": false,
					"trimmed": true,
					"spriteSourceSize": {
						"x": 30,
						"y": 134,
						"w": 246,
						"h": 141
					},
					"sourceSize": {
						"w": 298,
						"h": 300
					},
					"anchor": {
						"x": 0.5,
						"y": 0.5
					}
				},
				{
					"filename": "fight/SE/0002",
					"frame": {
						"x": 1634,
						"y": 1110,
						"w": 242,
						"h": 183
					},
					"rotated": false,
					"trimmed": true,
					"spriteSourceSize": {
						"x": 24,
						"y": 86,
						"w": 242,
						"h": 183
					},
					"sourceSize": {
						"w": 298,
						"h": 300
					},
					"anchor": {
						"x": 0.5,
						"y": 0.5
					}
				},
				{
					"filename": "fight/SE/0003",
					"frame": {
						"x": 1876,
						"y": 1110,
						"w": 244,
						"h": 188
					},
					"rotated": false,
					"trimmed": true,
					"spriteSourceSize": {
						"x": 18,
						"y": 81,
						"w": 244,
						"h": 188
					},
					"sourceSize": {
						"w": 298,
						"h": 300
					},
					"anchor": {
						"x": 0.5,
						"y": 0.5
					}
				},
				{
					"filename": "fight/SE/0004",
					"frame": {
						"x": 2120,
						"y": 1110,
						"w": 244,
						"h": 162
					},
					"rotated": false,
					"trimmed": true,
					"spriteSourceSize": {
						"x": 28,
						"y": 106,
						"w": 244,
						"h": 162
					},
					"sourceSize": {
						"w": 298,
						"h": 300
					},
					"anchor": {
						"x": 0.5,
						"y": 0.5
					}
				},
				{
					"filename": "fight/SE/0005",
					"frame": {
						"x": 2364,
						"y": 1110,
						"w": 253,
						"h": 139
					},
					"rotated": false,
					"trimmed": true,
					"spriteSourceSize": {
						"x": 30,
						"y": 134,
						"w": 253,
						"h": 139
					},
					"sourceSize": {
						"w": 298,
						"h": 300
					},
					"anchor": {
						"x": 0.5,
						"y": 0.5
					}
				},
				{
					"filename": "fight/SE/0006",
					"frame": {
						"x": 2617,
						"y": 1110,
						"w": 245,
						"h": 141
					},
					"rotated": false,
					"trimmed": true,
					"spriteSourceSize": {
						"x": 30,
						"y": 134,
						"w": 245,
						"h": 141
					},
					"sourceSize": {
						"w": 298,
						"h": 300
					},
					"anchor": {
						"x": 0.5,
						"y": 0.5
					}
				},
				{
					"filename": "fight/SW/0001",
					"frame": {
						"x": 0,
						"y": 1298,
						"w": 247,
						"h": 139
					},
					"rotated": false,
					"trimmed": true,
					"spriteSourceSize": {
						"x": 32,
						"y": 139,
						"w": 247,
						"h": 139
					},
					"sourceSize": {
						"w": 298,
						"h": 300
					},
					"anchor": {
						"x": 0.5,
						"y": 0.5
					}
				},
				{
					"filename": "fight/SW/0002",
					"frame": {
						"x": 247,
						"y": 1298,
						"w": 238,
						"h": 180
					},
					"rotated": false,
					"trimmed": true,
					"spriteSourceSize": {
						"x": 60,
						"y": 92,
						"w": 238,
						"h": 180
					},
					"sourceSize": {
						"w": 298,
						"h": 300
					},
					"anchor": {
						"x": 0.5,
						"y": 0.5
					}
				},
				{
					"filename": "fight/SW/0003",
					"frame": {
						"x": 485,
						"y": 1298,
						"w": 235,
						"h": 184
					},
					"rotated": false,
					"trimmed": true,
					"spriteSourceSize": {
						"x": 63,
						"y": 88,
						"w": 235,
						"h": 184
					},
					"sourceSize": {
						"w": 298,
						"h": 300
					},
					"anchor": {
						"x": 0.5,
						"y": 0.5
					}
				},
				{
					"filename": "fight/SW/0004",
					"frame": {
						"x": 720,
						"y": 1298,
						"w": 241,
						"h": 165
					},
					"rotated": false,
					"trimmed": true,
					"spriteSourceSize": {
						"x": 51,
						"y": 107,
						"w": 241,
						"h": 165
					},
					"sourceSize": {
						"w": 298,
						"h": 300
					},
					"anchor": {
						"x": 0.5,
						"y": 0.5
					}
				},
				{
					"filename": "fight/SW/0005",
					"frame": {
						"x": 961,
						"y": 1298,
						"w": 248,
						"h": 137
					},
					"rotated": false,
					"trimmed": true,
					"spriteSourceSize": {
						"x": 29,
						"y": 139,
						"w": 248,
						"h": 137
					},
					"sourceSize": {
						"w": 298,
						"h": 300
					},
					"anchor": {
						"x": 0.5,
						"y": 0.5
					}
				},
				{
					"filename": "fight/SW/0006",
					"frame": {
						"x": 1209,
						"y": 1298,
						"w": 246,
						"h": 142
					},
					"rotated": false,
					"trimmed": true,
					"spriteSourceSize": {
						"x": 31,
						"y": 139,
						"w": 246,
						"h": 142
					},
					"sourceSize": {
						"w": 298,
						"h": 300
					},
					"anchor": {
						"x": 0.5,
						"y": 0.5
					}
				},
				{
					"filename": "fight/W/0001",
					"frame": {
						"x": 1455,
						"y": 1298,
						"w": 187,
						"h": 131
					},
					"rotated": false,
					"trimmed": true,
					"spriteSourceSize": {
						"x": 54,
						"y": 143,
						"w": 187,
						"h": 131
					},
					"sourceSize": {
						"w": 298,
						"h": 300
					},
					"anchor": {
						"x": 0.5,
						"y": 0.5
					}
				},
				{
					"filename": "fight/W/0002",
					"frame": {
						"x": 1642,
						"y": 1298,
						"w": 222,
						"h": 189
					},
					"rotated": false,
					"trimmed": true,
					"spriteSourceSize": {
						"x": 55,
						"y": 88,
						"w": 222,
						"h": 189
					},
					"sourceSize": {
						"w": 298,
						"h": 300
					},
					"anchor": {
						"x": 0.5,
						"y": 0.5
					}
				},
				{
					"filename": "fight/W/0003",
					"frame": {
						"x": 1864,
						"y": 1298,
						"w": 228,
						"h": 190
					},
					"rotated": false,
					"trimmed": true,
					"spriteSourceSize": {
						"x": 49,
						"y": 86,
						"w": 228,
						"h": 190
					},
					"sourceSize": {
						"w": 298,
						"h": 300
					},
					"anchor": {
						"x": 0.5,
						"y": 0.5
					}
				},
				{
					"filename": "fight/W/0004",
					"frame": {
						"x": 2092,
						"y": 1298,
						"w": 226,
						"h": 177
					},
					"rotated": false,
					"trimmed": true,
					"spriteSourceSize": {
						"x": 13,
						"y": 98,
						"w": 226,
						"h": 177
					},
					"sourceSize": {
						"w": 298,
						"h": 300
					},
					"anchor": {
						"x": 0.5,
						"y": 0.5
					}
				},
				{
					"filename": "fight/W/0005",
					"frame": {
						"x": 2318,
						"y": 1298,
						"w": 219,
						"h": 132
					},
					"rotated": false,
					"trimmed": true,
					"spriteSourceSize": {
						"x": 22,
						"y": 143,
						"w": 219,
						"h": 132
					},
					"sourceSize": {
						"w": 298,
						"h": 300
					},
					"anchor": {
						"x": 0.5,
						"y": 0.5
					}
				},
				{
					"filename": "fight/W/0006",
					"frame": {
						"x": 2537,
						"y": 1298,
						"w": 187,
						"h": 133
					},
					"rotated": false,
					"trimmed": true,
					"spriteSourceSize": {
						"x": 54,
						"y": 143,
						"w": 187,
						"h": 133
					},
					"sourceSize": {
						"w": 298,
						"h": 300
					},
					"anchor": {
						"x": 0.5,
						"y": 0.5
					}
				},
				{
					"filename": "stance/E/0001",
					"frame": {
						"x": 0,
						"y": 1488,
						"w": 187,
						"h": 133
					},
					"rotated": false,
					"trimmed": true,
					"spriteSourceSize": {
						"x": 63,
						"y": 140,
						"w": 187,
						"h": 133
					},
					"sourceSize": {
						"w": 298,
						"h": 300
					},
					"anchor": {
						"x": 0.5,
						"y": 0.5
					}
				},
				{
					"filename": "stance/E/0002",
					"frame": {
						"x": 187,
						"y": 1488,
						"w": 192,
						"h": 133
					},
					"rotated": false,
					"trimmed": true,
					"spriteSourceSize": {
						"x": 63,
						"y": 140,
						"w": 192,
						"h": 133
					},
					"sourceSize": {
						"w": 298,
						"h": 300
					},
					"anchor": {
						"x": 0.5,
						"y": 0.5
					}
				},
				{
					"filename": "stance/E/0003",
					"frame": {
						"x": 379,
						"y": 1488,
						"w": 196,
						"h": 136
					},
					"rotated": false,
					"trimmed": true,
					"spriteSourceSize": {
						"x": 63,
						"y": 140,
						"w": 196,
						"h": 136
					},
					"sourceSize": {
						"w": 298,
						"h": 300
					},
					"anchor": {
						"x": 0.5,
						"y": 0.5
					}
				},
				{
					"filename": "stance/E/0004",
					"frame": {
						"x": 575,
						"y": 1488,
						"w": 195,
						"h": 135
					},
					"rotated": false,
					"trimmed": true,
					"spriteSourceSize": {
						"x": 63,
						"y": 140,
						"w": 195,
						"h": 135
					},
					"sourceSize": {
						"w": 298,
						"h": 300
					},
					"anchor": {
						"x": 0.5,
						"y": 0.5
					}
				},
				{
					"filename": "stance/E/0005",
					"frame": {
						"x": 770,
						"y": 1488,
						"w": 189,
						"h": 133
					},
					"rotated": false,
					"trimmed": true,
					"spriteSourceSize": {
						"x": 63,
						"y": 140,
						"w": 189,
						"h": 133
					},
					"sourceSize": {
						"w": 298,
						"h": 300
					},
					"anchor": {
						"x": 0.5,
						"y": 0.5
					}
				},
				{
					"filename": "stance/E/0006",
					"frame": {
						"x": 959,
						"y": 1488,
						"w": 187,
						"h": 133
					},
					"rotated": false,
					"trimmed": true,
					"spriteSourceSize": {
						"x": 63,
						"y": 140,
						"w": 187,
						"h": 133
					},
					"sourceSize": {
						"w": 298,
						"h": 300
					},
					"anchor": {
						"x": 0.5,
						"y": 0.5
					}
				},
				{
					"filename": "stance/N/0001",
					"frame": {
						"x": 1146,
						"y": 1488,
						"w": 227,
						"h": 117
					},
					"rotated": false,
					"trimmed": true,
					"spriteSourceSize": {
						"x": 29,
						"y": 151,
						"w": 227,
						"h": 117
					},
					"sourceSize": {
						"w": 298,
						"h": 300
					},
					"anchor": {
						"x": 0.5,
						"y": 0.5
					}
				},
				{
					"filename": "stance/N/0002",
					"frame": {
						"x": 1373,
						"y": 1488,
						"w": 216,
						"h": 120
					},
					"rotated": false,
					"trimmed": true,
					"spriteSourceSize": {
						"x": 37,
						"y": 150,
						"w": 216,
						"h": 120
					},
					"sourceSize": {
						"w": 298,
						"h": 300
					},
					"anchor": {
						"x": 0.5,
						"y": 0.5
					}
				},
				{
					"filename": "stance/N/0003",
					"frame": {
						"x": 1589,
						"y": 1488,
						"w": 216,
						"h": 122
					},
					"rotated": false,
					"trimmed": true,
					"spriteSourceSize": {
						"x": 38,
						"y": 150,
						"w": 216,
						"h": 122
					},
					"sourceSize": {
						"w": 298,
						"h": 300
					},
					"anchor": {
						"x": 0.5,
						"y": 0.5
					}
				},
				{
					"filename": "stance/N/0004",
					"frame": {
						"x": 1805,
						"y": 1488,
						"w": 216,
						"h": 121
					},
					"rotated": false,
					"trimmed": true,
					"spriteSourceSize": {
						"x": 38,
						"y": 150,
						"w": 216,
						"h": 121
					},
					"sourceSize": {
						"w": 298,
						"h": 300
					},
					"anchor": {
						"x": 0.5,
						"y": 0.5
					}
				},
				{
					"filename": "stance/N/0005",
					"frame": {
						"x": 2021,
						"y": 1488,
						"w": 223,
						"h": 118
					},
					"rotated": false,
					"trimmed": true,
					"spriteSourceSize": {
						"x": 32,
						"y": 150,
						"w": 223,
						"h": 118
					},
					"sourceSize": {
						"w": 298,
						"h": 300
					},
					"anchor": {
						"x": 0.5,
						"y": 0.5
					}
				},
				{
					"filename": "stance/N/0006",
					"frame": {
						"x": 2244,
						"y": 1488,
						"w": 227,
						"h": 117
					},
					"rotated": false,
					"trimmed": true,
					"spriteSourceSize": {
						"x": 29,
						"y": 151,
						"w": 227,
						"h": 117
					},
					"sourceSize": {
						"w": 298,
						"h": 300
					},
					"anchor": {
						"x": 0.5,
						"y": 0.5
					}
				},
				{
					"filename": "stance/NE/0001",
					"frame": {
						"x": 2471,
						"y": 1488,
						"w": 247,
						"h": 131
					},
					"rotated": false,
					"trimmed": true,
					"spriteSourceSize": {
						"x": 27,
						"y": 142,
						"w": 247,
						"h": 131
					},
					"sourceSize": {
						"w": 298,
						"h": 300
					},
					"anchor": {
						"x": 0.5,
						"y": 0.5
					}
				},
				{
					"filename": "stance/NE/0002",
					"frame": {
						"x": 0,
						"y": 1624,
						"w": 242,
						"h": 133
					},
					"rotated": false,
					"trimmed": true,
					"spriteSourceSize": {
						"x": 32,
						"y": 142,
						"w": 242,
						"h": 133
					},
					"sourceSize": {
						"w": 298,
						"h": 300
					},
					"anchor": {
						"x": 0.5,
						"y": 0.5
					}
				},
				{
					"filename": "stance/NE/0003",
					"frame": {
						"x": 242,
						"y": 1624,
						"w": 238,
						"h": 138
					},
					"rotated": false,
					"trimmed": true,
					"spriteSourceSize": {
						"x": 37,
						"y": 142,
						"w": 238,
						"h": 138
					},
					"sourceSize": {
						"w": 298,
						"h": 300
					},
					"anchor": {
						"x": 0.5,
						"y": 0.5
					}
				},
				{
					"filename": "stance/NE/0004",
					"frame": {
						"x": 480,
						"y": 1624,
						"w": 237,
						"h": 136
					},
					"rotated": false,
					"trimmed": true,
					"spriteSourceSize": {
						"x": 37,
						"y": 142,
						"w": 237,
						"h": 136
					},
					"sourceSize": {
						"w": 298,
						"h": 300
					},
					"anchor": {
						"x": 0.5,
						"y": 0.5
					}
				},
				{
					"filename": "stance/NE/0005",
					"frame": {
						"x": 717,
						"y": 1624,
						"w": 245,
						"h": 131
					},
					"rotated": false,
					"trimmed": true,
					"spriteSourceSize": {
						"x": 29,
						"y": 142,
						"w": 245,
						"h": 131
					},
					"sourceSize": {
						"w": 298,
						"h": 300
					},
					"anchor": {
						"x": 0.5,
						"y": 0.5
					}
				},
				{
					"filename": "stance/NE/0006",
					"frame": {
						"x": 962,
						"y": 1624,
						"w": 247,
						"h": 131
					},
					"rotated": false,
					"trimmed": true,
					"spriteSourceSize": {
						"x": 27,
						"y": 142,
						"w": 247,
						"h": 131
					},
					"sourceSize": {
						"w": 298,
						"h": 300
					},
					"anchor": {
						"x": 0.5,
						"y": 0.5
					}
				},
				{
					"filename": "stance/NW/0001",
					"frame": {
						"x": 1209,
						"y": 1624,
						"w": 245,
						"h": 127
					},
					"rotated": false,
					"trimmed": true,
					"spriteSourceSize": {
						"x": 30,
						"y": 148,
						"w": 245,
						"h": 127
					},
					"sourceSize": {
						"w": 298,
						"h": 300
					},
					"anchor": {
						"x": 0.5,
						"y": 0.5
					}
				},
				{
					"filename": "stance/NW/0002",
					"frame": {
						"x": 1454,
						"y": 1624,
						"w": 245,
						"h": 128
					},
					"rotated": false,
					"trimmed": true,
					"spriteSourceSize": {
						"x": 30,
						"y": 148,
						"w": 245,
						"h": 128
					},
					"sourceSize": {
						"w": 298,
						"h": 300
					},
					"anchor": {
						"x": 0.5,
						"y": 0.5
					}
				},
				{
					"filename": "stance/NW/0003",
					"frame": {
						"x": 1699,
						"y": 1624,
						"w": 245,
						"h": 126
					},
					"rotated": false,
					"trimmed": true,
					"spriteSourceSize": {
						"x": 30,
						"y": 148,
						"w": 245,
						"h": 126
					},
					"sourceSize": {
						"w": 298,
						"h": 300
					},
					"anchor": {
						"x": 0.5,
						"y": 0.5
					}
				},
				{
					"filename": "stance/NW/0004",
					"frame": {
						"x": 1944,
						"y": 1624,
						"w": 245,
						"h": 126
					},
					"rotated": false,
					"trimmed": true,
					"spriteSourceSize": {
						"x": 30,
						"y": 148,
						"w": 245,
						"h": 126
					},
					"sourceSize": {
						"w": 298,
						"h": 300
					},
					"anchor": {
						"x": 0.5,
						"y": 0.5
					}
				},
				{
					"filename": "stance/NW/0005",
					"frame": {
						"x": 2189,
						"y": 1624,
						"w": 245,
						"h": 128
					},
					"rotated": false,
					"trimmed": true,
					"spriteSourceSize": {
						"x": 30,
						"y": 148,
						"w": 245,
						"h": 128
					},
					"sourceSize": {
						"w": 298,
						"h": 300
					},
					"anchor": {
						"x": 0.5,
						"y": 0.5
					}
				},
				{
					"filename": "stance/NW/0006",
					"frame": {
						"x": 2434,
						"y": 1624,
						"w": 245,
						"h": 127
					},
					"rotated": false,
					"trimmed": true,
					"spriteSourceSize": {
						"x": 30,
						"y": 148,
						"w": 245,
						"h": 127
					},
					"sourceSize": {
						"w": 298,
						"h": 300
					},
					"anchor": {
						"x": 0.5,
						"y": 0.5
					}
				},
				{
					"filename": "stance/S/0001",
					"frame": {
						"x": 0,
						"y": 1762,
						"w": 226,
						"h": 135
					},
					"rotated": false,
					"trimmed": true,
					"spriteSourceSize": {
						"x": 49,
						"y": 139,
						"w": 226,
						"h": 135
					},
					"sourceSize": {
						"w": 298,
						"h": 300
					},
					"anchor": {
						"x": 0.5,
						"y": 0.5
					}
				},
				{
					"filename": "stance/S/0002",
					"frame": {
						"x": 226,
						"y": 1762,
						"w": 215,
						"h": 177
					},
					"rotated": false,
					"trimmed": true,
					"spriteSourceSize": {
						"x": 52,
						"y": 96,
						"w": 215,
						"h": 177
					},
					"sourceSize": {
						"w": 298,
						"h": 300
					},
					"anchor": {
						"x": 0.5,
						"y": 0.5
					}
				},
				{
					"filename": "stance/S/0003",
					"frame": {
						"x": 441,
						"y": 1762,
						"w": 216,
						"h": 173
					},
					"rotated": false,
					"trimmed": true,
					"spriteSourceSize": {
						"x": 51,
						"y": 101,
						"w": 216,
						"h": 173
					},
					"sourceSize": {
						"w": 298,
						"h": 300
					},
					"anchor": {
						"x": 0.5,
						"y": 0.5
					}
				},
				{
					"filename": "stance/S/0004",
					"frame": {
						"x": 657,
						"y": 1762,
						"w": 215,
						"h": 127
					},
					"rotated": false,
					"trimmed": true,
					"spriteSourceSize": {
						"x": 51,
						"y": 146,
						"w": 215,
						"h": 127
					},
					"sourceSize": {
						"w": 298,
						"h": 300
					},
					"anchor": {
						"x": 0.5,
						"y": 0.5
					}
				},
				{
					"filename": "stance/S/0005",
					"frame": {
						"x": 872,
						"y": 1762,
						"w": 222,
						"h": 141
					},
					"rotated": false,
					"trimmed": true,
					"spriteSourceSize": {
						"x": 50,
						"y": 133,
						"w": 222,
						"h": 141
					},
					"sourceSize": {
						"w": 298,
						"h": 300
					},
					"anchor": {
						"x": 0.5,
						"y": 0.5
					}
				},
				{
					"filename": "stance/S/0006",
					"frame": {
						"x": 1094,
						"y": 1762,
						"w": 226,
						"h": 135
					},
					"rotated": false,
					"trimmed": true,
					"spriteSourceSize": {
						"x": 49,
						"y": 139,
						"w": 226,
						"h": 135
					},
					"sourceSize": {
						"w": 298,
						"h": 300
					},
					"anchor": {
						"x": 0.5,
						"y": 0.5
					}
				},
				{
					"filename": "stance/SE/0001",
					"frame": {
						"x": 1320,
						"y": 1762,
						"w": 245,
						"h": 141
					},
					"rotated": false,
					"trimmed": true,
					"spriteSourceSize": {
						"x": 30,
						"y": 134,
						"w": 245,
						"h": 141
					},
					"sourceSize": {
						"w": 298,
						"h": 300
					},
					"anchor": {
						"x": 0.5,
						"y": 0.5
					}
				},
				{
					"filename": "stance/SE/0002",
					"frame": {
						"x": 1565,
						"y": 1762,
						"w": 244,
						"h": 138
					},
					"rotated": false,
					"trimmed": true,
					"spriteSourceSize": {
						"x": 30,
						"y": 138,
						"w": 244,
						"h": 138
					},
					"sourceSize": {
						"w": 298,
						"h": 300
					},
					"anchor": {
						"x": 0.5,
						"y": 0.5
					}
				},
				{
					"filename": "stance/SE/0003",
					"frame": {
						"x": 1809,
						"y": 1762,
						"w": 245,
						"h": 134
					},
					"rotated": false,
					"trimmed": true,
					"spriteSourceSize": {
						"x": 29,
						"y": 142,
						"w": 245,
						"h": 134
					},
					"sourceSize": {
						"w": 298,
						"h": 300
					},
					"anchor": {
						"x": 0.5,
						"y": 0.5
					}
				},
				{
					"filename": "stance/SE/0004",
					"frame": {
						"x": 2054,
						"y": 1762,
						"w": 245,
						"h": 135
					},
					"rotated": false,
					"trimmed": true,
					"spriteSourceSize": {
						"x": 29,
						"y": 141,
						"w": 245,
						"h": 135
					},
					"sourceSize": {
						"w": 298,
						"h": 300
					},
					"anchor": {
						"x": 0.5,
						"y": 0.5
					}
				},
				{
					"filename": "stance/SE/0005",
					"frame": {
						"x": 2299,
						"y": 1762,
						"w": 245,
						"h": 140
					},
					"rotated": false,
					"trimmed": true,
					"spriteSourceSize": {
						"x": 30,
						"y": 135,
						"w": 245,
						"h": 140
					},
					"sourceSize": {
						"w": 298,
						"h": 300
					},
					"anchor": {
						"x": 0.5,
						"y": 0.5
					}
				},
				{
					"filename": "stance/SE/0006",
					"frame": {
						"x": 2544,
						"y": 1762,
						"w": 245,
						"h": 141
					},
					"rotated": false,
					"trimmed": true,
					"spriteSourceSize": {
						"x": 30,
						"y": 134,
						"w": 245,
						"h": 141
					},
					"sourceSize": {
						"w": 298,
						"h": 300
					},
					"anchor": {
						"x": 0.5,
						"y": 0.5
					}
				},
				{
					"filename": "stance/SW/0001",
					"frame": {
						"x": 0,
						"y": 1939,
						"w": 246,
						"h": 143
					},
					"rotated": false,
					"trimmed": true,
					"spriteSourceSize": {
						"x": 31,
						"y": 139,
						"w": 246,
						"h": 143
					},
					"sourceSize": {
						"w": 298,
						"h": 300
					},
					"anchor": {
						"x": 0.5,
						"y": 0.5
					}
				},
				{
					"filename": "stance/SW/0002",
					"frame": {
						"x": 246,
						"y": 1939,
						"w": 241,
						"h": 140
					},
					"rotated": false,
					"trimmed": true,
					"spriteSourceSize": {
						"x": 31,
						"y": 142,
						"w": 241,
						"h": 140
					},
					"sourceSize": {
						"w": 298,
						"h": 300
					},
					"anchor": {
						"x": 0.5,
						"y": 0.5
					}
				},
				{
					"filename": "stance/SW/0003",
					"frame": {
						"x": 487,
						"y": 1939,
						"w": 237,
						"h": 139
					},
					"rotated": false,
					"trimmed": true,
					"spriteSourceSize": {
						"x": 30,
						"y": 143,
						"w": 237,
						"h": 139
					},
					"sourceSize": {
						"w": 298,
						"h": 300
					},
					"anchor": {
						"x": 0.5,
						"y": 0.5
					}
				},
				{
					"filename": "stance/SW/0004",
					"frame": {
						"x": 724,
						"y": 1939,
						"w": 237,
						"h": 153
					},
					"rotated": false,
					"trimmed": true,
					"spriteSourceSize": {
						"x": 30,
						"y": 143,
						"w": 237,
						"h": 153
					},
					"sourceSize": {
						"w": 298,
						"h": 300
					},
					"anchor": {
						"x": 0.5,
						"y": 0.5
					}
				},
				{
					"filename": "stance/SW/0005",
					"frame": {
						"x": 961,
						"y": 1939,
						"w": 245,
						"h": 142
					},
					"rotated": false,
					"trimmed": true,
					"spriteSourceSize": {
						"x": 31,
						"y": 140,
						"w": 245,
						"h": 142
					},
					"sourceSize": {
						"w": 298,
						"h": 300
					},
					"anchor": {
						"x": 0.5,
						"y": 0.5
					}
				},
				{
					"filename": "stance/SW/0006",
					"frame": {
						"x": 1206,
						"y": 1939,
						"w": 246,
						"h": 142
					},
					"rotated": false,
					"trimmed": true,
					"spriteSourceSize": {
						"x": 31,
						"y": 139,
						"w": 246,
						"h": 142
					},
					"sourceSize": {
						"w": 298,
						"h": 300
					},
					"anchor": {
						"x": 0.5,
						"y": 0.5
					}
				},
				{
					"filename": "stance/W/0001",
					"frame": {
						"x": 1452,
						"y": 1939,
						"w": 187,
						"h": 133
					},
					"rotated": false,
					"trimmed": true,
					"spriteSourceSize": {
						"x": 54,
						"y": 143,
						"w": 187,
						"h": 133
					},
					"sourceSize": {
						"w": 298,
						"h": 300
					},
					"anchor": {
						"x": 0.5,
						"y": 0.5
					}
				},
				{
					"filename": "stance/W/0002",
					"frame": {
						"x": 1639,
						"y": 1939,
						"w": 191,
						"h": 133
					},
					"rotated": false,
					"trimmed": true,
					"spriteSourceSize": {
						"x": 50,
						"y": 143,
						"w": 191,
						"h": 133
					},
					"sourceSize": {
						"w": 298,
						"h": 300
					},
					"anchor": {
						"x": 0.5,
						"y": 0.5
					}
				},
				{
					"filename": "stance/W/0003",
					"frame": {
						"x": 1830,
						"y": 1939,
						"w": 196,
						"h": 134
					},
					"rotated": false,
					"trimmed": true,
					"spriteSourceSize": {
						"x": 45,
						"y": 143,
						"w": 196,
						"h": 134
					},
					"sourceSize": {
						"w": 298,
						"h": 300
					},
					"anchor": {
						"x": 0.5,
						"y": 0.5
					}
				},
				{
					"filename": "stance/W/0004",
					"frame": {
						"x": 2026,
						"y": 1939,
						"w": 195,
						"h": 134
					},
					"rotated": false,
					"trimmed": true,
					"spriteSourceSize": {
						"x": 46,
						"y": 143,
						"w": 195,
						"h": 134
					},
					"sourceSize": {
						"w": 298,
						"h": 300
					},
					"anchor": {
						"x": 0.5,
						"y": 0.5
					}
				},
				{
					"filename": "stance/W/0005",
					"frame": {
						"x": 2221,
						"y": 1939,
						"w": 200,
						"h": 152
					},
					"rotated": false,
					"trimmed": true,
					"spriteSourceSize": {
						"x": 41,
						"y": 143,
						"w": 200,
						"h": 152
					},
					"sourceSize": {
						"w": 298,
						"h": 300
					},
					"anchor": {
						"x": 0.5,
						"y": 0.5
					}
				},
				{
					"filename": "stance/W/0006",
					"frame": {
						"x": 2421,
						"y": 1939,
						"w": 230,
						"h": 195
					},
					"rotated": false,
					"trimmed": true,
					"spriteSourceSize": {
						"x": 11,
						"y": 81,
						"w": 230,
						"h": 195
					},
					"sourceSize": {
						"w": 298,
						"h": 300
					},
					"anchor": {
						"x": 0.5,
						"y": 0.5
					}
				},
				{
					"filename": "walk/E/0001",
					"frame": {
						"x": 2651,
						"y": 1939,
						"w": 188,
						"h": 133
					},
					"rotated": false,
					"trimmed": true,
					"spriteSourceSize": {
						"x": 63,
						"y": 140,
						"w": 188,
						"h": 133
					},
					"sourceSize": {
						"w": 298,
						"h": 300
					},
					"anchor": {
						"x": 0.5,
						"y": 0.5
					}
				},
				{
					"filename": "walk/E/0002",
					"frame": {
						"x": 0,
						"y": 2134,
						"w": 213,
						"h": 139
					},
					"rotated": false,
					"trimmed": true,
					"spriteSourceSize": {
						"x": 55,
						"y": 134,
						"w": 213,
						"h": 139
					},
					"sourceSize": {
						"w": 298,
						"h": 300
					},
					"anchor": {
						"x": 0.5,
						"y": 0.5
					}
				},
				{
					"filename": "walk/E/0003",
					"frame": {
						"x": 213,
						"y": 2134,
						"w": 207,
						"h": 141
					},
					"rotated": false,
					"trimmed": true,
					"spriteSourceSize": {
						"x": 53,
						"y": 133,
						"w": 207,
						"h": 141
					},
					"sourceSize": {
						"w": 298,
						"h": 300
					},
					"anchor": {
						"x": 0.5,
						"y": 0.5
					}
				},
				{
					"filename": "walk/E/0004",
					"frame": {
						"x": 420,
						"y": 2134,
						"w": 190,
						"h": 150
					},
					"rotated": false,
					"trimmed": true,
					"spriteSourceSize": {
						"x": 59,
						"y": 126,
						"w": 190,
						"h": 150
					},
					"sourceSize": {
						"w": 298,
						"h": 300
					},
					"anchor": {
						"x": 0.5,
						"y": 0.5
					}
				},
				{
					"filename": "walk/E/0005",
					"frame": {
						"x": 610,
						"y": 2134,
						"w": 183,
						"h": 134
					},
					"rotated": false,
					"trimmed": true,
					"spriteSourceSize": {
						"x": 63,
						"y": 139,
						"w": 183,
						"h": 134
					},
					"sourceSize": {
						"w": 298,
						"h": 300
					},
					"anchor": {
						"x": 0.5,
						"y": 0.5
					}
				},
				{
					"filename": "walk/E/0006",
					"frame": {
						"x": 793,
						"y": 2134,
						"w": 187,
						"h": 133
					},
					"rotated": false,
					"trimmed": true,
					"spriteSourceSize": {
						"x": 63,
						"y": 140,
						"w": 187,
						"h": 133
					},
					"sourceSize": {
						"w": 298,
						"h": 300
					},
					"anchor": {
						"x": 0.5,
						"y": 0.5
					}
				},
				{
					"filename": "walk/N/0001",
					"frame": {
						"x": 980,
						"y": 2134,
						"w": 225,
						"h": 118
					},
					"rotated": false,
					"trimmed": true,
					"spriteSourceSize": {
						"x": 31,
						"y": 150,
						"w": 225,
						"h": 118
					},
					"sourceSize": {
						"w": 298,
						"h": 300
					},
					"anchor": {
						"x": 0.5,
						"y": 0.5
					}
				},
				{
					"filename": "walk/N/0002",
					"frame": {
						"x": 1205,
						"y": 2134,
						"w": 240,
						"h": 134
					},
					"rotated": false,
					"trimmed": true,
					"spriteSourceSize": {
						"x": 26,
						"y": 135,
						"w": 240,
						"h": 134
					},
					"sourceSize": {
						"w": 298,
						"h": 300
					},
					"anchor": {
						"x": 0.5,
						"y": 0.5
					}
				},
				{
					"filename": "walk/N/0003",
					"frame": {
						"x": 1445,
						"y": 2134,
						"w": 239,
						"h": 135
					},
					"rotated": false,
					"trimmed": true,
					"spriteSourceSize": {
						"x": 28,
						"y": 134,
						"w": 239,
						"h": 135
					},
					"sourceSize": {
						"w": 298,
						"h": 300
					},
					"anchor": {
						"x": 0.5,
						"y": 0.5
					}
				},
				{
					"filename": "walk/N/0004",
					"frame": {
						"x": 1684,
						"y": 2134,
						"w": 221,
						"h": 120
					},
					"rotated": false,
					"trimmed": true,
					"spriteSourceSize": {
						"x": 54,
						"y": 147,
						"w": 221,
						"h": 120
					},
					"sourceSize": {
						"w": 298,
						"h": 300
					},
					"anchor": {
						"x": 0.5,
						"y": 0.5
					}
				},
				{
					"filename": "walk/N/0005",
					"frame": {
						"x": 1905,
						"y": 2134,
						"w": 227,
						"h": 116
					},
					"rotated": false,
					"trimmed": true,
					"spriteSourceSize": {
						"x": 31,
						"y": 150,
						"w": 227,
						"h": 116
					},
					"sourceSize": {
						"w": 298,
						"h": 300
					},
					"anchor": {
						"x": 0.5,
						"y": 0.5
					}
				},
				{
					"filename": "walk/N/0006",
					"frame": {
						"x": 2132,
						"y": 2134,
						"w": 227,
						"h": 117
					},
					"rotated": false,
					"trimmed": true,
					"spriteSourceSize": {
						"x": 29,
						"y": 151,
						"w": 227,
						"h": 117
					},
					"sourceSize": {
						"w": 298,
						"h": 300
					},
					"anchor": {
						"x": 0.5,
						"y": 0.5
					}
				},
				{
					"filename": "walk/NE/0001",
					"frame": {
						"x": 2359,
						"y": 2134,
						"w": 246,
						"h": 131
					},
					"rotated": false,
					"trimmed": true,
					"spriteSourceSize": {
						"x": 28,
						"y": 142,
						"w": 246,
						"h": 131
					},
					"sourceSize": {
						"w": 298,
						"h": 300
					},
					"anchor": {
						"x": 0.5,
						"y": 0.5
					}
				},
				{
					"filename": "walk/NE/0002",
					"frame": {
						"x": 2605,
						"y": 2134,
						"w": 257,
						"h": 147
					},
					"rotated": false,
					"trimmed": true,
					"spriteSourceSize": {
						"x": 34,
						"y": 129,
						"w": 257,
						"h": 147
					},
					"sourceSize": {
						"w": 298,
						"h": 300
					},
					"anchor": {
						"x": 0.5,
						"y": 0.5
					}
				},
				{
					"filename": "walk/NE/0003",
					"frame": {
						"x": 0,
						"y": 2284,
						"w": 254,
						"h": 146
					},
					"rotated": false,
					"trimmed": true,
					"spriteSourceSize": {
						"x": 34,
						"y": 128,
						"w": 254,
						"h": 146
					},
					"sourceSize": {
						"w": 298,
						"h": 300
					},
					"anchor": {
						"x": 0.5,
						"y": 0.5
					}
				},
				{
					"filename": "walk/NE/0004",
					"frame": {
						"x": 254,
						"y": 2284,
						"w": 245,
						"h": 130
					},
					"rotated": false,
					"trimmed": true,
					"spriteSourceSize": {
						"x": 27,
						"y": 140,
						"w": 245,
						"h": 130
					},
					"sourceSize": {
						"w": 298,
						"h": 300
					},
					"anchor": {
						"x": 0.5,
						"y": 0.5
					}
				},
				{
					"filename": "walk/NE/0005",
					"frame": {
						"x": 499,
						"y": 2284,
						"w": 247,
						"h": 131
					},
					"rotated": false,
					"trimmed": true,
					"spriteSourceSize": {
						"x": 26,
						"y": 142,
						"w": 247,
						"h": 131
					},
					"sourceSize": {
						"w": 298,
						"h": 300
					},
					"anchor": {
						"x": 0.5,
						"y": 0.5
					}
				},
				{
					"filename": "walk/NE/0006",
					"frame": {
						"x": 746,
						"y": 2284,
						"w": 247,
						"h": 131
					},
					"rotated": false,
					"trimmed": true,
					"spriteSourceSize": {
						"x": 27,
						"y": 142,
						"w": 247,
						"h": 131
					},
					"sourceSize": {
						"w": 298,
						"h": 300
					},
					"anchor": {
						"x": 0.5,
						"y": 0.5
					}
				},
				{
					"filename": "walk/NW/0001",
					"frame": {
						"x": 993,
						"y": 2284,
						"w": 246,
						"h": 128
					},
					"rotated": false,
					"trimmed": true,
					"spriteSourceSize": {
						"x": 29,
						"y": 148,
						"w": 246,
						"h": 128
					},
					"sourceSize": {
						"w": 298,
						"h": 300
					},
					"anchor": {
						"x": 0.5,
						"y": 0.5
					}
				},
				{
					"filename": "walk/NW/0002",
					"frame": {
						"x": 1239,
						"y": 2284,
						"w": 262,
						"h": 134
					},
					"rotated": false,
					"trimmed": true,
					"spriteSourceSize": {
						"x": 15,
						"y": 139,
						"w": 262,
						"h": 134
					},
					"sourceSize": {
						"w": 298,
						"h": 300
					},
					"anchor": {
						"x": 0.5,
						"y": 0.5
					}
				},
				{
					"filename": "walk/NW/0003",
					"frame": {
						"x": 1501,
						"y": 2284,
						"w": 258,
						"h": 134
					},
					"rotated": false,
					"trimmed": true,
					"spriteSourceSize": {
						"x": 19,
						"y": 137,
						"w": 258,
						"h": 134
					},
					"sourceSize": {
						"w": 298,
						"h": 300
					},
					"anchor": {
						"x": 0.5,
						"y": 0.5
					}
				},
				{
					"filename": "walk/NW/0004",
					"frame": {
						"x": 1759,
						"y": 2284,
						"w": 237,
						"h": 126
					},
					"rotated": false,
					"trimmed": true,
					"spriteSourceSize": {
						"x": 38,
						"y": 147,
						"w": 237,
						"h": 126
					},
					"sourceSize": {
						"w": 298,
						"h": 300
					},
					"anchor": {
						"x": 0.5,
						"y": 0.5
					}
				},
				{
					"filename": "walk/NW/0005",
					"frame": {
						"x": 1996,
						"y": 2284,
						"w": 244,
						"h": 126
					},
					"rotated": false,
					"trimmed": true,
					"spriteSourceSize": {
						"x": 31,
						"y": 148,
						"w": 244,
						"h": 126
					},
					"sourceSize": {
						"w": 298,
						"h": 300
					},
					"anchor": {
						"x": 0.5,
						"y": 0.5
					}
				},
				{
					"filename": "walk/NW/0006",
					"frame": {
						"x": 2240,
						"y": 2284,
						"w": 245,
						"h": 127
					},
					"rotated": false,
					"trimmed": true,
					"spriteSourceSize": {
						"x": 30,
						"y": 148,
						"w": 245,
						"h": 127
					},
					"sourceSize": {
						"w": 298,
						"h": 300
					},
					"anchor": {
						"x": 0.5,
						"y": 0.5
					}
				},
				{
					"filename": "walk/S/0001",
					"frame": {
						"x": 2485,
						"y": 2284,
						"w": 225,
						"h": 134
					},
					"rotated": false,
					"trimmed": true,
					"spriteSourceSize": {
						"x": 48,
						"y": 139,
						"w": 225,
						"h": 134
					},
					"sourceSize": {
						"w": 298,
						"h": 300
					},
					"anchor": {
						"x": 0.5,
						"y": 0.5
					}
				},
				{
					"filename": "walk/S/0002",
					"frame": {
						"x": 0,
						"y": 2430,
						"w": 240,
						"h": 140
					},
					"rotated": false,
					"trimmed": true,
					"spriteSourceSize": {
						"x": 39,
						"y": 136,
						"w": 240,
						"h": 140
					},
					"sourceSize": {
						"w": 298,
						"h": 300
					},
					"anchor": {
						"x": 0.5,
						"y": 0.5
					}
				},
				{
					"filename": "walk/S/0003",
					"frame": {
						"x": 240,
						"y": 2430,
						"w": 238,
						"h": 142
					},
					"rotated": false,
					"trimmed": true,
					"spriteSourceSize": {
						"x": 38,
						"y": 136,
						"w": 238,
						"h": 142
					},
					"sourceSize": {
						"w": 298,
						"h": 300
					},
					"anchor": {
						"x": 0.5,
						"y": 0.5
					}
				},
				{
					"filename": "walk/S/0004",
					"frame": {
						"x": 478,
						"y": 2430,
						"w": 221,
						"h": 150
					},
					"rotated": false,
					"trimmed": true,
					"spriteSourceSize": {
						"x": 29,
						"y": 122,
						"w": 221,
						"h": 150
					},
					"sourceSize": {
						"w": 298,
						"h": 300
					},
					"anchor": {
						"x": 0.5,
						"y": 0.5
					}
				},
				{
					"filename": "walk/S/0005",
					"frame": {
						"x": 699,
						"y": 2430,
						"w": 228,
						"h": 138
					},
					"rotated": false,
					"trimmed": true,
					"spriteSourceSize": {
						"x": 46,
						"y": 136,
						"w": 228,
						"h": 138
					},
					"sourceSize": {
						"w": 298,
						"h": 300
					},
					"anchor": {
						"x": 0.5,
						"y": 0.5
					}
				},
				{
					"filename": "walk/S/0006",
					"frame": {
						"x": 927,
						"y": 2430,
						"w": 226,
						"h": 135
					},
					"rotated": false,
					"trimmed": true,
					"spriteSourceSize": {
						"x": 49,
						"y": 139,
						"w": 226,
						"h": 135
					},
					"sourceSize": {
						"w": 298,
						"h": 300
					},
					"anchor": {
						"x": 0.5,
						"y": 0.5
					}
				},
				{
					"filename": "walk/SE/0001",
					"frame": {
						"x": 1153,
						"y": 2430,
						"w": 245,
						"h": 142
					},
					"rotated": false,
					"trimmed": true,
					"spriteSourceSize": {
						"x": 30,
						"y": 134,
						"w": 245,
						"h": 142
					},
					"sourceSize": {
						"w": 298,
						"h": 300
					},
					"anchor": {
						"x": 0.5,
						"y": 0.5
					}
				},
				{
					"filename": "walk/SE/0002",
					"frame": {
						"x": 1398,
						"y": 2430,
						"w": 263,
						"h": 136
					},
					"rotated": false,
					"trimmed": true,
					"spriteSourceSize": {
						"x": 27,
						"y": 144,
						"w": 263,
						"h": 136
					},
					"sourceSize": {
						"w": 298,
						"h": 300
					},
					"anchor": {
						"x": 0.5,
						"y": 0.5
					}
				},
				{
					"filename": "walk/SE/0003",
					"frame": {
						"x": 1661,
						"y": 2430,
						"w": 258,
						"h": 145
					},
					"rotated": false,
					"trimmed": true,
					"spriteSourceSize": {
						"x": 27,
						"y": 139,
						"w": 258,
						"h": 145
					},
					"sourceSize": {
						"w": 298,
						"h": 300
					},
					"anchor": {
						"x": 0.5,
						"y": 0.5
					}
				},
				{
					"filename": "walk/SE/0004",
					"frame": {
						"x": 1919,
						"y": 2430,
						"w": 238,
						"h": 160
					},
					"rotated": false,
					"trimmed": true,
					"spriteSourceSize": {
						"x": 29,
						"y": 118,
						"w": 238,
						"h": 160
					},
					"sourceSize": {
						"w": 298,
						"h": 300
					},
					"anchor": {
						"x": 0.5,
						"y": 0.5
					}
				},
				{
					"filename": "walk/SE/0005",
					"frame": {
						"x": 2157,
						"y": 2430,
						"w": 243,
						"h": 145
					},
					"rotated": false,
					"trimmed": true,
					"spriteSourceSize": {
						"x": 30,
						"y": 131,
						"w": 243,
						"h": 145
					},
					"sourceSize": {
						"w": 298,
						"h": 300
					},
					"anchor": {
						"x": 0.5,
						"y": 0.5
					}
				},
				{
					"filename": "walk/SE/0006",
					"frame": {
						"x": 2400,
						"y": 2430,
						"w": 245,
						"h": 141
					},
					"rotated": false,
					"trimmed": true,
					"spriteSourceSize": {
						"x": 30,
						"y": 134,
						"w": 245,
						"h": 141
					},
					"sourceSize": {
						"w": 298,
						"h": 300
					},
					"anchor": {
						"x": 0.5,
						"y": 0.5
					}
				},
				{
					"filename": "walk/SW/0001",
					"frame": {
						"x": 0,
						"y": 2590,
						"w": 245,
						"h": 143
					},
					"rotated": false,
					"trimmed": true,
					"spriteSourceSize": {
						"x": 31,
						"y": 138,
						"w": 245,
						"h": 143
					},
					"sourceSize": {
						"w": 298,
						"h": 300
					},
					"anchor": {
						"x": 0.5,
						"y": 0.5
					}
				},
				{
					"filename": "walk/SW/0002",
					"frame": {
						"x": 245,
						"y": 2590,
						"w": 258,
						"h": 145
					},
					"rotated": false,
					"trimmed": true,
					"spriteSourceSize": {
						"x": 13,
						"y": 128,
						"w": 258,
						"h": 145
					},
					"sourceSize": {
						"w": 298,
						"h": 300
					},
					"anchor": {
						"x": 0.5,
						"y": 0.5
					}
				},
				{
					"filename": "walk/SW/0003",
					"frame": {
						"x": 503,
						"y": 2590,
						"w": 253,
						"h": 145
					},
					"rotated": false,
					"trimmed": true,
					"spriteSourceSize": {
						"x": 17,
						"y": 128,
						"w": 253,
						"h": 145
					},
					"sourceSize": {
						"w": 298,
						"h": 300
					},
					"anchor": {
						"x": 0.5,
						"y": 0.5
					}
				},
				{
					"filename": "walk/SW/0004",
					"frame": {
						"x": 756,
						"y": 2590,
						"w": 246,
						"h": 143
					},
					"rotated": false,
					"trimmed": true,
					"spriteSourceSize": {
						"x": 32,
						"y": 131,
						"w": 246,
						"h": 143
					},
					"sourceSize": {
						"w": 298,
						"h": 300
					},
					"anchor": {
						"x": 0.5,
						"y": 0.5
					}
				},
				{
					"filename": "walk/SW/0005",
					"frame": {
						"x": 1002,
						"y": 2590,
						"w": 247,
						"h": 143
					},
					"rotated": false,
					"trimmed": true,
					"spriteSourceSize": {
						"x": 31,
						"y": 138,
						"w": 247,
						"h": 143
					},
					"sourceSize": {
						"w": 298,
						"h": 300
					},
					"anchor": {
						"x": 0.5,
						"y": 0.5
					}
				},
				{
					"filename": "walk/SW/0006",
					"frame": {
						"x": 1249,
						"y": 2590,
						"w": 246,
						"h": 142
					},
					"rotated": false,
					"trimmed": true,
					"spriteSourceSize": {
						"x": 31,
						"y": 139,
						"w": 246,
						"h": 142
					},
					"sourceSize": {
						"w": 298,
						"h": 300
					},
					"anchor": {
						"x": 0.5,
						"y": 0.5
					}
				},
				{
					"filename": "walk/W/0001",
					"frame": {
						"x": 1495,
						"y": 2590,
						"w": 188,
						"h": 132
					},
					"rotated": false,
					"trimmed": true,
					"spriteSourceSize": {
						"x": 54,
						"y": 143,
						"w": 188,
						"h": 132
					},
					"sourceSize": {
						"w": 298,
						"h": 300
					},
					"anchor": {
						"x": 0.5,
						"y": 0.5
					}
				},
				{
					"filename": "walk/W/0002",
					"frame": {
						"x": 1683,
						"y": 2590,
						"w": 214,
						"h": 147
					},
					"rotated": false,
					"trimmed": true,
					"spriteSourceSize": {
						"x": 36,
						"y": 129,
						"w": 214,
						"h": 147
					},
					"sourceSize": {
						"w": 298,
						"h": 300
					},
					"anchor": {
						"x": 0.5,
						"y": 0.5
					}
				},
				{
					"filename": "walk/W/0003",
					"frame": {
						"x": 1897,
						"y": 2590,
						"w": 207,
						"h": 146
					},
					"rotated": false,
					"trimmed": true,
					"spriteSourceSize": {
						"x": 44,
						"y": 128,
						"w": 207,
						"h": 146
					},
					"sourceSize": {
						"w": 298,
						"h": 300
					},
					"anchor": {
						"x": 0.5,
						"y": 0.5
					}
				},
				{
					"filename": "walk/W/0004",
					"frame": {
						"x": 2104,
						"y": 2590,
						"w": 189,
						"h": 135
					},
					"rotated": false,
					"trimmed": true,
					"spriteSourceSize": {
						"x": 56,
						"y": 137,
						"w": 189,
						"h": 135
					},
					"sourceSize": {
						"w": 298,
						"h": 300
					},
					"anchor": {
						"x": 0.5,
						"y": 0.5
					}
				},
				{
					"filename": "walk/W/0005",
					"frame": {
						"x": 2293,
						"y": 2590,
						"w": 183,
						"h": 132
					},
					"rotated": false,
					"trimmed": true,
					"spriteSourceSize": {
						"x": 58,
						"y": 143,
						"w": 183,
						"h": 132
					},
					"sourceSize": {
						"w": 298,
						"h": 300
					},
					"anchor": {
						"x": 0.5,
						"y": 0.5
					}
				},
				{
					"filename": "walk/W/0006",
					"frame": {
						"x": 2476,
						"y": 2590,
						"w": 187,
						"h": 133
					},
					"rotated": false,
					"trimmed": true,
					"spriteSourceSize": {
						"x": 54,
						"y": 143,
						"w": 187,
						"h": 133
					},
					"sourceSize": {
						"w": 298,
						"h": 300
					},
					"anchor": {
						"x": 0.5,
						"y": 0.5
					}
				}
			]
		}
	],
	"meta": {
		"app": "https://www.codeandweb.com/texturepacker",
		"version": "3.0",
		"smartupdate": "$TexturePacker:SmartUpdate:24690cb2964a2be7145dda5df5bef465:96d5f260bf9bd413ae850daa278c874f:3e8addafbda17d7ba622aecdf447c897$"
	}
}
