{
	"textures": [
		{
			"image": "golem_monster.png",
			"format": "RGBA8888",
			"size": {
				"w": 2877,
				"h": 2877
			},
			"scale": 1,
			"frames": [
				{
					"filename": "death/E/0001",
					"frame": {
						"x": 0,
						"y": 0,
						"w": 183,
						"h": 238
					},
					"rotated": false,
					"trimmed": true,
					"spriteSourceSize": {
						"x": 69,
						"y": 35,
						"w": 183,
						"h": 238
					},
					"sourceSize": {
						"w": 298,
						"h": 300
					},
					"anchor": {
						"x": 0.5,
						"y": 0.8
					}
				},
				{
					"filename": "death/E/0002",
					"frame": {
						"x": 183,
						"y": 0,
						"w": 169,
						"h": 226
					},
					"rotated": false,
					"trimmed": true,
					"spriteSourceSize": {
						"x": 83,
						"y": 45,
						"w": 169,
						"h": 226
					},
					"sourceSize": {
						"w": 298,
						"h": 300
					},
					"anchor": {
						"x": 0.5,
						"y": 0.8
					}
				},
				{
					"filename": "death/E/0003",
					"frame": {
						"x": 352,
						"y": 0,
						"w": 178,
						"h": 193
					},
					"rotated": false,
					"trimmed": true,
					"spriteSourceSize": {
						"x": 83,
						"y": 80,
						"w": 178,
						"h": 193
					},
					"sourceSize": {
						"w": 298,
						"h": 300
					},
					"anchor": {
						"x": 0.5,
						"y": 0.8
					}
				},
				{
					"filename": "death/E/0004",
					"frame": {
						"x": 530,
						"y": 0,
						"w": 178,
						"h": 214
					},
					"rotated": false,
					"trimmed": true,
					"spriteSourceSize": {
						"x": 83,
						"y": 59,
						"w": 178,
						"h": 214
					},
					"sourceSize": {
						"w": 298,
						"h": 300
					},
					"anchor": {
						"x": 0.5,
						"y": 0.8
					}
				},
				{
					"filename": "death/E/0005",
					"frame": {
						"x": 708,
						"y": 0,
						"w": 178,
						"h": 227
					},
					"rotated": false,
					"trimmed": true,
					"spriteSourceSize": {
						"x": 83,
						"y": 46,
						"w": 178,
						"h": 227
					},
					"sourceSize": {
						"w": 298,
						"h": 300
					},
					"anchor": {
						"x": 0.5,
						"y": 0.8
					}
				},
				{
					"filename": "death/E/0006",
					"frame": {
						"x": 886,
						"y": 0,
						"w": 178,
						"h": 224
					},
					"rotated": false,
					"trimmed": true,
					"spriteSourceSize": {
						"x": 83,
						"y": 50,
						"w": 178,
						"h": 224
					},
					"sourceSize": {
						"w": 298,
						"h": 300
					},
					"anchor": {
						"x": 0.5,
						"y": 0.8
					}
				},
				{
					"filename": "death/N/0001",
					"frame": {
						"x": 1064,
						"y": 0,
						"w": 170,
						"h": 229
					},
					"rotated": false,
					"trimmed": true,
					"spriteSourceSize": {
						"x": 77,
						"y": 37,
						"w": 170,
						"h": 229
					},
					"sourceSize": {
						"w": 298,
						"h": 300
					},
					"anchor": {
						"x": 0.5,
						"y": 0.8
					}
				},
				{
					"filename": "death/N/0002",
					"frame": {
						"x": 1234,
						"y": 0,
						"w": 151,
						"h": 218
					},
					"rotated": false,
					"trimmed": true,
					"spriteSourceSize": {
						"x": 82,
						"y": 48,
						"w": 151,
						"h": 218
					},
					"sourceSize": {
						"w": 298,
						"h": 300
					},
					"anchor": {
						"x": 0.5,
						"y": 0.8
					}
				},
				{
					"filename": "death/N/0003",
					"frame": {
						"x": 1385,
						"y": 0,
						"w": 165,
						"h": 193
					},
					"rotated": false,
					"trimmed": true,
					"spriteSourceSize": {
						"x": 75,
						"y": 75,
						"w": 165,
						"h": 193
					},
					"sourceSize": {
						"w": 298,
						"h": 300
					},
					"anchor": {
						"x": 0.5,
						"y": 0.8
					}
				},
				{
					"filename": "death/N/0004",
					"frame": {
						"x": 1550,
						"y": 0,
						"w": 167,
						"h": 212
					},
					"rotated": false,
					"trimmed": true,
					"spriteSourceSize": {
						"x": 67,
						"y": 56,
						"w": 167,
						"h": 212
					},
					"sourceSize": {
						"w": 298,
						"h": 300
					},
					"anchor": {
						"x": 0.5,
						"y": 0.8
					}
				},
				{
					"filename": "death/N/0005",
					"frame": {
						"x": 1717,
						"y": 0,
						"w": 176,
						"h": 219
					},
					"rotated": false,
					"trimmed": true,
					"spriteSourceSize": {
						"x": 68,
						"y": 49,
						"w": 176,
						"h": 219
					},
					"sourceSize": {
						"w": 298,
						"h": 300
					},
					"anchor": {
						"x": 0.5,
						"y": 0.8
					}
				},
				{
					"filename": "death/N/0006",
					"frame": {
						"x": 1893,
						"y": 0,
						"w": 176,
						"h": 220
					},
					"rotated": false,
					"trimmed": true,
					"spriteSourceSize": {
						"x": 68,
						"y": 48,
						"w": 176,
						"h": 220
					},
					"sourceSize": {
						"w": 298,
						"h": 300
					},
					"anchor": {
						"x": 0.5,
						"y": 0.8
					}
				},
				{
					"filename": "death/NE/0001",
					"frame": {
						"x": 2069,
						"y": 0,
						"w": 170,
						"h": 232
					},
					"rotated": false,
					"trimmed": true,
					"spriteSourceSize": {
						"x": 80,
						"y": 36,
						"w": 170,
						"h": 232
					},
					"sourceSize": {
						"w": 298,
						"h": 300
					},
					"anchor": {
						"x": 0.5,
						"y": 0.8
					}
				},
				{
					"filename": "death/NE/0002",
					"frame": {
						"x": 2239,
						"y": 0,
						"w": 195,
						"h": 223
					},
					"rotated": false,
					"trimmed": true,
					"spriteSourceSize": {
						"x": 76,
						"y": 46,
						"w": 195,
						"h": 223
					},
					"sourceSize": {
						"w": 298,
						"h": 300
					},
					"anchor": {
						"x": 0.5,
						"y": 0.8
					}
				},
				{
					"filename": "death/NE/0003",
					"frame": {
						"x": 2434,
						"y": 0,
						"w": 179,
						"h": 194
					},
					"rotated": false,
					"trimmed": true,
					"spriteSourceSize": {
						"x": 73,
						"y": 75,
						"w": 179,
						"h": 194
					},
					"sourceSize": {
						"w": 298,
						"h": 300
					},
					"anchor": {
						"x": 0.5,
						"y": 0.8
					}
				},
				{
					"filename": "death/NE/0004",
					"frame": {
						"x": 2613,
						"y": 0,
						"w": 164,
						"h": 212
					},
					"rotated": false,
					"trimmed": true,
					"spriteSourceSize": {
						"x": 82,
						"y": 57,
						"w": 164,
						"h": 212
					},
					"sourceSize": {
						"w": 298,
						"h": 300
					},
					"anchor": {
						"x": 0.5,
						"y": 0.8
					}
				},
				{
					"filename": "death/NE/0005",
					"frame": {
						"x": 0,
						"y": 238,
						"w": 164,
						"h": 221
					},
					"rotated": false,
					"trimmed": true,
					"spriteSourceSize": {
						"x": 82,
						"y": 48,
						"w": 164,
						"h": 221
					},
					"sourceSize": {
						"w": 298,
						"h": 300
					},
					"anchor": {
						"x": 0.5,
						"y": 0.8
					}
				},
				{
					"filename": "death/NE/0006",
					"frame": {
						"x": 164,
						"y": 238,
						"w": 170,
						"h": 220
					},
					"rotated": false,
					"trimmed": true,
					"spriteSourceSize": {
						"x": 82,
						"y": 49,
						"w": 170,
						"h": 220
					},
					"sourceSize": {
						"w": 298,
						"h": 300
					},
					"anchor": {
						"x": 0.5,
						"y": 0.8
					}
				},
				{
					"filename": "death/NW/0001",
					"frame": {
						"x": 334,
						"y": 238,
						"w": 166,
						"h": 232
					},
					"rotated": false,
					"trimmed": true,
					"spriteSourceSize": {
						"x": 56,
						"y": 35,
						"w": 166,
						"h": 232
					},
					"sourceSize": {
						"w": 298,
						"h": 300
					},
					"anchor": {
						"x": 0.5,
						"y": 0.8
					}
				},
				{
					"filename": "death/NW/0002",
					"frame": {
						"x": 500,
						"y": 238,
						"w": 179,
						"h": 219
					},
					"rotated": false,
					"trimmed": true,
					"spriteSourceSize": {
						"x": 56,
						"y": 48,
						"w": 179,
						"h": 219
					},
					"sourceSize": {
						"w": 298,
						"h": 300
					},
					"anchor": {
						"x": 0.5,
						"y": 0.8
					}
				},
				{
					"filename": "death/NW/0003",
					"frame": {
						"x": 679,
						"y": 238,
						"w": 158,
						"h": 194
					},
					"rotated": false,
					"trimmed": true,
					"spriteSourceSize": {
						"x": 77,
						"y": 78,
						"w": 158,
						"h": 194
					},
					"sourceSize": {
						"w": 298,
						"h": 300
					},
					"anchor": {
						"x": 0.5,
						"y": 0.8
					}
				},
				{
					"filename": "death/NW/0004",
					"frame": {
						"x": 837,
						"y": 238,
						"w": 158,
						"h": 211
					},
					"rotated": false,
					"trimmed": true,
					"spriteSourceSize": {
						"x": 77,
						"y": 56,
						"w": 158,
						"h": 211
					},
					"sourceSize": {
						"w": 298,
						"h": 300
					},
					"anchor": {
						"x": 0.5,
						"y": 0.8
					}
				},
				{
					"filename": "death/NW/0005",
					"frame": {
						"x": 995,
						"y": 238,
						"w": 158,
						"h": 218
					},
					"rotated": false,
					"trimmed": true,
					"spriteSourceSize": {
						"x": 77,
						"y": 49,
						"w": 158,
						"h": 218
					},
					"sourceSize": {
						"w": 298,
						"h": 300
					},
					"anchor": {
						"x": 0.5,
						"y": 0.8
					}
				},
				{
					"filename": "death/NW/0006",
					"frame": {
						"x": 1153,
						"y": 238,
						"w": 158,
						"h": 218
					},
					"rotated": false,
					"trimmed": true,
					"spriteSourceSize": {
						"x": 77,
						"y": 49,
						"w": 158,
						"h": 218
					},
					"sourceSize": {
						"w": 298,
						"h": 300
					},
					"anchor": {
						"x": 0.5,
						"y": 0.8
					}
				},
				{
					"filename": "death/S/0001",
					"frame": {
						"x": 1311,
						"y": 238,
						"w": 178,
						"h": 237
					},
					"rotated": false,
					"trimmed": true,
					"spriteSourceSize": {
						"x": 54,
						"y": 38,
						"w": 178,
						"h": 237
					},
					"sourceSize": {
						"w": 298,
						"h": 300
					},
					"anchor": {
						"x": 0.5,
						"y": 0.8
					}
				},
				{
					"filename": "death/S/0002",
					"frame": {
						"x": 1489,
						"y": 238,
						"w": 175,
						"h": 220
					},
					"rotated": false,
					"trimmed": true,
					"spriteSourceSize": {
						"x": 57,
						"y": 50,
						"w": 175,
						"h": 220
					},
					"sourceSize": {
						"w": 298,
						"h": 300
					},
					"anchor": {
						"x": 0.5,
						"y": 0.8
					}
				},
				{
					"filename": "death/S/0003",
					"frame": {
						"x": 1664,
						"y": 238,
						"w": 175,
						"h": 188
					},
					"rotated": false,
					"trimmed": true,
					"spriteSourceSize": {
						"x": 57,
						"y": 82,
						"w": 175,
						"h": 188
					},
					"sourceSize": {
						"w": 298,
						"h": 300
					},
					"anchor": {
						"x": 0.5,
						"y": 0.8
					}
				},
				{
					"filename": "death/S/0004",
					"frame": {
						"x": 1839,
						"y": 238,
						"w": 178,
						"h": 209
					},
					"rotated": false,
					"trimmed": true,
					"spriteSourceSize": {
						"x": 54,
						"y": 60,
						"w": 178,
						"h": 209
					},
					"sourceSize": {
						"w": 298,
						"h": 300
					},
					"anchor": {
						"x": 0.5,
						"y": 0.8
					}
				},
				{
					"filename": "death/S/0005",
					"frame": {
						"x": 2017,
						"y": 238,
						"w": 178,
						"h": 225
					},
					"rotated": false,
					"trimmed": true,
					"spriteSourceSize": {
						"x": 54,
						"y": 44,
						"w": 178,
						"h": 225
					},
					"sourceSize": {
						"w": 298,
						"h": 300
					},
					"anchor": {
						"x": 0.5,
						"y": 0.8
					}
				},
				{
					"filename": "death/S/0006",
					"frame": {
						"x": 2195,
						"y": 238,
						"w": 178,
						"h": 219
					},
					"rotated": false,
					"trimmed": true,
					"spriteSourceSize": {
						"x": 54,
						"y": 50,
						"w": 178,
						"h": 219
					},
					"sourceSize": {
						"w": 298,
						"h": 300
					},
					"anchor": {
						"x": 0.5,
						"y": 0.8
					}
				},
				{
					"filename": "death/SE/0001",
					"frame": {
						"x": 2373,
						"y": 238,
						"w": 146,
						"h": 238
					},
					"rotated": false,
					"trimmed": true,
					"spriteSourceSize": {
						"x": 76,
						"y": 36,
						"w": 146,
						"h": 238
					},
					"sourceSize": {
						"w": 298,
						"h": 300
					},
					"anchor": {
						"x": 0.5,
						"y": 0.8
					}
				},
				{
					"filename": "death/SE/0002",
					"frame": {
						"x": 2519,
						"y": 238,
						"w": 147,
						"h": 224
					},
					"rotated": false,
					"trimmed": true,
					"spriteSourceSize": {
						"x": 75,
						"y": 47,
						"w": 147,
						"h": 224
					},
					"sourceSize": {
						"w": 298,
						"h": 300
					},
					"anchor": {
						"x": 0.5,
						"y": 0.8
					}
				},
				{
					"filename": "death/SE/0003",
					"frame": {
						"x": 2666,
						"y": 238,
						"w": 176,
						"h": 187
					},
					"rotated": false,
					"trimmed": true,
					"spriteSourceSize": {
						"x": 76,
						"y": 86,
						"w": 176,
						"h": 187
					},
					"sourceSize": {
						"w": 298,
						"h": 300
					},
					"anchor": {
						"x": 0.5,
						"y": 0.8
					}
				},
				{
					"filename": "death/SE/0004",
					"frame": {
						"x": 0,
						"y": 476,
						"w": 176,
						"h": 212
					},
					"rotated": false,
					"trimmed": true,
					"spriteSourceSize": {
						"x": 76,
						"y": 60,
						"w": 176,
						"h": 212
					},
					"sourceSize": {
						"w": 298,
						"h": 300
					},
					"anchor": {
						"x": 0.5,
						"y": 0.8
					}
				},
				{
					"filename": "death/SE/0005",
					"frame": {
						"x": 176,
						"y": 476,
						"w": 176,
						"h": 228
					},
					"rotated": false,
					"trimmed": true,
					"spriteSourceSize": {
						"x": 76,
						"y": 44,
						"w": 176,
						"h": 228
					},
					"sourceSize": {
						"w": 298,
						"h": 300
					},
					"anchor": {
						"x": 0.5,
						"y": 0.8
					}
				},
				{
					"filename": "death/SE/0006",
					"frame": {
						"x": 352,
						"y": 476,
						"w": 176,
						"h": 221
					},
					"rotated": false,
					"trimmed": true,
					"spriteSourceSize": {
						"x": 76,
						"y": 51,
						"w": 176,
						"h": 221
					},
					"sourceSize": {
						"w": 298,
						"h": 300
					},
					"anchor": {
						"x": 0.5,
						"y": 0.8
					}
				},
				{
					"filename": "death/SW/0001",
					"frame": {
						"x": 528,
						"y": 476,
						"w": 171,
						"h": 233
					},
					"rotated": false,
					"trimmed": true,
					"spriteSourceSize": {
						"x": 53,
						"y": 36,
						"w": 171,
						"h": 233
					},
					"sourceSize": {
						"w": 298,
						"h": 300
					},
					"anchor": {
						"x": 0.5,
						"y": 0.8
					}
				},
				{
					"filename": "death/SW/0002",
					"frame": {
						"x": 699,
						"y": 476,
						"w": 158,
						"h": 222
					},
					"rotated": false,
					"trimmed": true,
					"spriteSourceSize": {
						"x": 66,
						"y": 49,
						"w": 158,
						"h": 222
					},
					"sourceSize": {
						"w": 298,
						"h": 300
					},
					"anchor": {
						"x": 0.5,
						"y": 0.8
					}
				},
				{
					"filename": "death/SW/0003",
					"frame": {
						"x": 857,
						"y": 476,
						"w": 167,
						"h": 190
					},
					"rotated": false,
					"trimmed": true,
					"spriteSourceSize": {
						"x": 56,
						"y": 80,
						"w": 167,
						"h": 190
					},
					"sourceSize": {
						"w": 298,
						"h": 300
					},
					"anchor": {
						"x": 0.5,
						"y": 0.8
					}
				},
				{
					"filename": "death/SW/0004",
					"frame": {
						"x": 1024,
						"y": 476,
						"w": 190,
						"h": 211
					},
					"rotated": false,
					"trimmed": true,
					"spriteSourceSize": {
						"x": 56,
						"y": 59,
						"w": 190,
						"h": 211
					},
					"sourceSize": {
						"w": 298,
						"h": 300
					},
					"anchor": {
						"x": 0.5,
						"y": 0.8
					}
				},
				{
					"filename": "death/SW/0005",
					"frame": {
						"x": 1214,
						"y": 476,
						"w": 190,
						"h": 224
					},
					"rotated": false,
					"trimmed": true,
					"spriteSourceSize": {
						"x": 56,
						"y": 46,
						"w": 190,
						"h": 224
					},
					"sourceSize": {
						"w": 298,
						"h": 300
					},
					"anchor": {
						"x": 0.5,
						"y": 0.8
					}
				},
				{
					"filename": "death/SW/0006",
					"frame": {
						"x": 1404,
						"y": 476,
						"w": 190,
						"h": 220
					},
					"rotated": false,
					"trimmed": true,
					"spriteSourceSize": {
						"x": 56,
						"y": 50,
						"w": 190,
						"h": 220
					},
					"sourceSize": {
						"w": 298,
						"h": 300
					},
					"anchor": {
						"x": 0.5,
						"y": 0.8
					}
				},
				{
					"filename": "death/W/0001",
					"frame": {
						"x": 1594,
						"y": 476,
						"w": 147,
						"h": 232
					},
					"rotated": false,
					"trimmed": true,
					"spriteSourceSize": {
						"x": 91,
						"y": 35,
						"w": 147,
						"h": 232
					},
					"sourceSize": {
						"w": 298,
						"h": 300
					},
					"anchor": {
						"x": 0.5,
						"y": 0.8
					}
				},
				{
					"filename": "death/W/0002",
					"frame": {
						"x": 1741,
						"y": 476,
						"w": 137,
						"h": 219
					},
					"rotated": false,
					"trimmed": true,
					"spriteSourceSize": {
						"x": 85,
						"y": 47,
						"w": 137,
						"h": 219
					},
					"sourceSize": {
						"w": 298,
						"h": 300
					},
					"anchor": {
						"x": 0.5,
						"y": 0.8
					}
				},
				{
					"filename": "death/W/0003",
					"frame": {
						"x": 1878,
						"y": 476,
						"w": 167,
						"h": 186
					},
					"rotated": false,
					"trimmed": true,
					"spriteSourceSize": {
						"x": 57,
						"y": 81,
						"w": 167,
						"h": 186
					},
					"sourceSize": {
						"w": 298,
						"h": 300
					},
					"anchor": {
						"x": 0.5,
						"y": 0.8
					}
				},
				{
					"filename": "death/W/0004",
					"frame": {
						"x": 2045,
						"y": 476,
						"w": 181,
						"h": 211
					},
					"rotated": false,
					"trimmed": true,
					"spriteSourceSize": {
						"x": 38,
						"y": 57,
						"w": 181,
						"h": 211
					},
					"sourceSize": {
						"w": 298,
						"h": 300
					},
					"anchor": {
						"x": 0.5,
						"y": 0.8
					}
				},
				{
					"filename": "death/W/0005",
					"frame": {
						"x": 2226,
						"y": 476,
						"w": 184,
						"h": 221
					},
					"rotated": false,
					"trimmed": true,
					"spriteSourceSize": {
						"x": 38,
						"y": 47,
						"w": 184,
						"h": 221
					},
					"sourceSize": {
						"w": 298,
						"h": 300
					},
					"anchor": {
						"x": 0.5,
						"y": 0.8
					}
				},
				{
					"filename": "death/W/0006",
					"frame": {
						"x": 2410,
						"y": 476,
						"w": 184,
						"h": 219
					},
					"rotated": false,
					"trimmed": true,
					"spriteSourceSize": {
						"x": 38,
						"y": 49,
						"w": 184,
						"h": 219
					},
					"sourceSize": {
						"w": 298,
						"h": 300
					},
					"anchor": {
						"x": 0.5,
						"y": 0.8
					}
				},
				{
					"filename": "fight/E/0001",
					"frame": {
						"x": 2594,
						"y": 476,
						"w": 110,
						"h": 234
					},
					"rotated": false,
					"trimmed": true,
					"spriteSourceSize": {
						"x": 101,
						"y": 36,
						"w": 110,
						"h": 234
					},
					"sourceSize": {
						"w": 298,
						"h": 300
					},
					"anchor": {
						"x": 0.5,
						"y": 0.8
					}
				},
				{
					"filename": "fight/E/0002",
					"frame": {
						"x": 0,
						"y": 710,
						"w": 181,
						"h": 242
					},
					"rotated": false,
					"trimmed": true,
					"spriteSourceSize": {
						"x": 99,
						"y": 26,
						"w": 181,
						"h": 242
					},
					"sourceSize": {
						"w": 298,
						"h": 300
					},
					"anchor": {
						"x": 0.5,
						"y": 0.8
					}
				},
				{
					"filename": "fight/E/0003",
					"frame": {
						"x": 181,
						"y": 710,
						"w": 193,
						"h": 181
					},
					"rotated": false,
					"trimmed": true,
					"spriteSourceSize": {
						"x": 105,
						"y": 89,
						"w": 193,
						"h": 181
					},
					"sourceSize": {
						"w": 298,
						"h": 300
					},
					"anchor": {
						"x": 0.5,
						"y": 0.8
					}
				},
				{
					"filename": "fight/E/0004",
					"frame": {
						"x": 374,
						"y": 710,
						"w": 164,
						"h": 208
					},
					"rotated": false,
					"trimmed": true,
					"spriteSourceSize": {
						"x": 106,
						"y": 59,
						"w": 164,
						"h": 208
					},
					"sourceSize": {
						"w": 298,
						"h": 300
					},
					"anchor": {
						"x": 0.5,
						"y": 0.8
					}
				},
				{
					"filename": "fight/E/0005",
					"frame": {
						"x": 538,
						"y": 710,
						"w": 124,
						"h": 223
					},
					"rotated": false,
					"trimmed": true,
					"spriteSourceSize": {
						"x": 99,
						"y": 46,
						"w": 124,
						"h": 223
					},
					"sourceSize": {
						"w": 298,
						"h": 300
					},
					"anchor": {
						"x": 0.5,
						"y": 0.8
					}
				},
				{
					"filename": "fight/E/0006",
					"frame": {
						"x": 662,
						"y": 710,
						"w": 115,
						"h": 234
					},
					"rotated": false,
					"trimmed": true,
					"spriteSourceSize": {
						"x": 94,
						"y": 35,
						"w": 115,
						"h": 234
					},
					"sourceSize": {
						"w": 298,
						"h": 300
					},
					"anchor": {
						"x": 0.5,
						"y": 0.8
					}
				},
				{
					"filename": "fight/N/0001",
					"frame": {
						"x": 777,
						"y": 710,
						"w": 162,
						"h": 225
					},
					"rotated": false,
					"trimmed": true,
					"spriteSourceSize": {
						"x": 73,
						"y": 38,
						"w": 162,
						"h": 225
					},
					"sourceSize": {
						"w": 298,
						"h": 300
					},
					"anchor": {
						"x": 0.5,
						"y": 0.8
					}
				},
				{
					"filename": "fight/N/0002",
					"frame": {
						"x": 939,
						"y": 710,
						"w": 150,
						"h": 249
					},
					"rotated": false,
					"trimmed": true,
					"spriteSourceSize": {
						"x": 82,
						"y": 15,
						"w": 150,
						"h": 249
					},
					"sourceSize": {
						"w": 298,
						"h": 300
					},
					"anchor": {
						"x": 0.5,
						"y": 0.8
					}
				},
				{
					"filename": "fight/N/0003",
					"frame": {
						"x": 1089,
						"y": 710,
						"w": 148,
						"h": 179
					},
					"rotated": false,
					"trimmed": true,
					"spriteSourceSize": {
						"x": 82,
						"y": 83,
						"w": 148,
						"h": 179
					},
					"sourceSize": {
						"w": 298,
						"h": 300
					},
					"anchor": {
						"x": 0.5,
						"y": 0.8
					}
				},
				{
					"filename": "fight/N/0004",
					"frame": {
						"x": 1237,
						"y": 710,
						"w": 167,
						"h": 207
					},
					"rotated": false,
					"trimmed": true,
					"spriteSourceSize": {
						"x": 70,
						"y": 56,
						"w": 167,
						"h": 207
					},
					"sourceSize": {
						"w": 298,
						"h": 300
					},
					"anchor": {
						"x": 0.5,
						"y": 0.8
					}
				},
				{
					"filename": "fight/N/0005",
					"frame": {
						"x": 1404,
						"y": 710,
						"w": 155,
						"h": 217
					},
					"rotated": false,
					"trimmed": true,
					"spriteSourceSize": {
						"x": 76,
						"y": 47,
						"w": 155,
						"h": 217
					},
					"sourceSize": {
						"w": 298,
						"h": 300
					},
					"anchor": {
						"x": 0.5,
						"y": 0.8
					}
				},
				{
					"filename": "fight/N/0006",
					"frame": {
						"x": 1559,
						"y": 710,
						"w": 165,
						"h": 225
					},
					"rotated": false,
					"trimmed": true,
					"spriteSourceSize": {
						"x": 73,
						"y": 37,
						"w": 165,
						"h": 225
					},
					"sourceSize": {
						"w": 298,
						"h": 300
					},
					"anchor": {
						"x": 0.5,
						"y": 0.8
					}
				},
				{
					"filename": "fight/NE/0001",
					"frame": {
						"x": 1724,
						"y": 710,
						"w": 146,
						"h": 227
					},
					"rotated": false,
					"trimmed": true,
					"spriteSourceSize": {
						"x": 86,
						"y": 37,
						"w": 146,
						"h": 227
					},
					"sourceSize": {
						"w": 298,
						"h": 300
					},
					"anchor": {
						"x": 0.5,
						"y": 0.8
					}
				},
				{
					"filename": "fight/NE/0002",
					"frame": {
						"x": 1870,
						"y": 710,
						"w": 188,
						"h": 250
					},
					"rotated": false,
					"trimmed": true,
					"spriteSourceSize": {
						"x": 90,
						"y": 15,
						"w": 188,
						"h": 250
					},
					"sourceSize": {
						"w": 298,
						"h": 300
					},
					"anchor": {
						"x": 0.5,
						"y": 0.8
					}
				},
				{
					"filename": "fight/NE/0003",
					"frame": {
						"x": 2058,
						"y": 710,
						"w": 197,
						"h": 178
					},
					"rotated": false,
					"trimmed": true,
					"spriteSourceSize": {
						"x": 93,
						"y": 86,
						"w": 197,
						"h": 178
					},
					"sourceSize": {
						"w": 298,
						"h": 300
					},
					"anchor": {
						"x": 0.5,
						"y": 0.8
					}
				},
				{
					"filename": "fight/NE/0004",
					"frame": {
						"x": 2255,
						"y": 710,
						"w": 160,
						"h": 207
					},
					"rotated": false,
					"trimmed": true,
					"spriteSourceSize": {
						"x": 97,
						"y": 57,
						"w": 160,
						"h": 207
					},
					"sourceSize": {
						"w": 298,
						"h": 300
					},
					"anchor": {
						"x": 0.5,
						"y": 0.8
					}
				},
				{
					"filename": "fight/NE/0005",
					"frame": {
						"x": 2415,
						"y": 710,
						"w": 146,
						"h": 218
					},
					"rotated": false,
					"trimmed": true,
					"spriteSourceSize": {
						"x": 86,
						"y": 47,
						"w": 146,
						"h": 218
					},
					"sourceSize": {
						"w": 298,
						"h": 300
					},
					"anchor": {
						"x": 0.5,
						"y": 0.8
					}
				},
				{
					"filename": "fight/NE/0006",
					"frame": {
						"x": 2561,
						"y": 710,
						"w": 133,
						"h": 228
					},
					"rotated": false,
					"trimmed": true,
					"spriteSourceSize": {
						"x": 90,
						"y": 36,
						"w": 133,
						"h": 228
					},
					"sourceSize": {
						"w": 298,
						"h": 300
					},
					"anchor": {
						"x": 0.5,
						"y": 0.8
					}
				},
				{
					"filename": "fight/NW/0001",
					"frame": {
						"x": 2694,
						"y": 710,
						"w": 135,
						"h": 231
					},
					"rotated": false,
					"trimmed": true,
					"spriteSourceSize": {
						"x": 75,
						"y": 36,
						"w": 135,
						"h": 231
					},
					"sourceSize": {
						"w": 298,
						"h": 300
					},
					"anchor": {
						"x": 0.5,
						"y": 0.8
					}
				},
				{
					"filename": "fight/NW/0002",
					"frame": {
						"x": 0,
						"y": 960,
						"w": 168,
						"h": 239
					},
					"rotated": false,
					"trimmed": true,
					"spriteSourceSize": {
						"x": 49,
						"y": 26,
						"w": 168,
						"h": 239
					},
					"sourceSize": {
						"w": 298,
						"h": 300
					},
					"anchor": {
						"x": 0.5,
						"y": 0.8
					}
				},
				{
					"filename": "fight/NW/0003",
					"frame": {
						"x": 168,
						"y": 960,
						"w": 189,
						"h": 182
					},
					"rotated": false,
					"trimmed": true,
					"spriteSourceSize": {
						"x": 20,
						"y": 81,
						"w": 189,
						"h": 182
					},
					"sourceSize": {
						"w": 298,
						"h": 300
					},
					"anchor": {
						"x": 0.5,
						"y": 0.8
					}
				},
				{
					"filename": "fight/NW/0004",
					"frame": {
						"x": 357,
						"y": 960,
						"w": 158,
						"h": 207
					},
					"rotated": false,
					"trimmed": true,
					"spriteSourceSize": {
						"x": 48,
						"y": 56,
						"w": 158,
						"h": 207
					},
					"sourceSize": {
						"w": 298,
						"h": 300
					},
					"anchor": {
						"x": 0.5,
						"y": 0.8
					}
				},
				{
					"filename": "fight/NW/0005",
					"frame": {
						"x": 515,
						"y": 960,
						"w": 140,
						"h": 217
					},
					"rotated": false,
					"trimmed": true,
					"spriteSourceSize": {
						"x": 76,
						"y": 47,
						"w": 140,
						"h": 217
					},
					"sourceSize": {
						"w": 298,
						"h": 300
					},
					"anchor": {
						"x": 0.5,
						"y": 0.8
					}
				},
				{
					"filename": "fight/NW/0006",
					"frame": {
						"x": 655,
						"y": 960,
						"w": 131,
						"h": 230
					},
					"rotated": false,
					"trimmed": true,
					"spriteSourceSize": {
						"x": 83,
						"y": 35,
						"w": 131,
						"h": 230
					},
					"sourceSize": {
						"w": 298,
						"h": 300
					},
					"anchor": {
						"x": 0.5,
						"y": 0.8
					}
				},
				{
					"filename": "fight/S/0001",
					"frame": {
						"x": 786,
						"y": 960,
						"w": 165,
						"h": 224
					},
					"rotated": false,
					"trimmed": true,
					"spriteSourceSize": {
						"x": 66,
						"y": 40,
						"w": 165,
						"h": 224
					},
					"sourceSize": {
						"w": 298,
						"h": 300
					},
					"anchor": {
						"x": 0.5,
						"y": 0.8
					}
				},
				{
					"filename": "fight/S/0002",
					"frame": {
						"x": 951,
						"y": 960,
						"w": 142,
						"h": 228
					},
					"rotated": false,
					"trimmed": true,
					"spriteSourceSize": {
						"x": 80,
						"y": 50,
						"w": 142,
						"h": 228
					},
					"sourceSize": {
						"w": 298,
						"h": 300
					},
					"anchor": {
						"x": 0.5,
						"y": 0.8
					}
				},
				{
					"filename": "fight/S/0003",
					"frame": {
						"x": 1093,
						"y": 960,
						"w": 152,
						"h": 201
					},
					"rotated": false,
					"trimmed": true,
					"spriteSourceSize": {
						"x": 78,
						"y": 82,
						"w": 152,
						"h": 201
					},
					"sourceSize": {
						"w": 298,
						"h": 300
					},
					"anchor": {
						"x": 0.5,
						"y": 0.8
					}
				},
				{
					"filename": "fight/S/0004",
					"frame": {
						"x": 1245,
						"y": 960,
						"w": 156,
						"h": 218
					},
					"rotated": false,
					"trimmed": true,
					"spriteSourceSize": {
						"x": 77,
						"y": 60,
						"w": 156,
						"h": 218
					},
					"sourceSize": {
						"w": 298,
						"h": 300
					},
					"anchor": {
						"x": 0.5,
						"y": 0.8
					}
				},
				{
					"filename": "fight/S/0005",
					"frame": {
						"x": 1401,
						"y": 960,
						"w": 162,
						"h": 221
					},
					"rotated": false,
					"trimmed": true,
					"spriteSourceSize": {
						"x": 66,
						"y": 44,
						"w": 162,
						"h": 221
					},
					"sourceSize": {
						"w": 298,
						"h": 300
					},
					"anchor": {
						"x": 0.5,
						"y": 0.8
					}
				},
				{
					"filename": "fight/S/0006",
					"frame": {
						"x": 1563,
						"y": 960,
						"w": 162,
						"h": 227
					},
					"rotated": false,
					"trimmed": true,
					"spriteSourceSize": {
						"x": 69,
						"y": 38,
						"w": 162,
						"h": 227
					},
					"sourceSize": {
						"w": 298,
						"h": 300
					},
					"anchor": {
						"x": 0.5,
						"y": 0.8
					}
				},
				{
					"filename": "fight/SE/0001",
					"frame": {
						"x": 1725,
						"y": 960,
						"w": 136,
						"h": 231
					},
					"rotated": false,
					"trimmed": true,
					"spriteSourceSize": {
						"x": 93,
						"y": 38,
						"w": 136,
						"h": 231
					},
					"sourceSize": {
						"w": 298,
						"h": 300
					},
					"anchor": {
						"x": 0.5,
						"y": 0.8
					}
				},
				{
					"filename": "fight/SE/0002",
					"frame": {
						"x": 1861,
						"y": 960,
						"w": 165,
						"h": 238
					},
					"rotated": false,
					"trimmed": true,
					"spriteSourceSize": {
						"x": 91,
						"y": 41,
						"w": 165,
						"h": 238
					},
					"sourceSize": {
						"w": 298,
						"h": 300
					},
					"anchor": {
						"x": 0.5,
						"y": 0.8
					}
				},
				{
					"filename": "fight/SE/0003",
					"frame": {
						"x": 2026,
						"y": 960,
						"w": 190,
						"h": 194
					},
					"rotated": false,
					"trimmed": true,
					"spriteSourceSize": {
						"x": 95,
						"y": 86,
						"w": 190,
						"h": 194
					},
					"sourceSize": {
						"w": 298,
						"h": 300
					},
					"anchor": {
						"x": 0.5,
						"y": 0.8
					}
				},
				{
					"filename": "fight/SE/0004",
					"frame": {
						"x": 2216,
						"y": 960,
						"w": 160,
						"h": 214
					},
					"rotated": false,
					"trimmed": true,
					"spriteSourceSize": {
						"x": 95,
						"y": 60,
						"w": 160,
						"h": 214
					},
					"sourceSize": {
						"w": 298,
						"h": 300
					},
					"anchor": {
						"x": 0.5,
						"y": 0.8
					}
				},
				{
					"filename": "fight/SE/0005",
					"frame": {
						"x": 2376,
						"y": 960,
						"w": 136,
						"h": 224
					},
					"rotated": false,
					"trimmed": true,
					"spriteSourceSize": {
						"x": 92,
						"y": 45,
						"w": 136,
						"h": 224
					},
					"sourceSize": {
						"w": 298,
						"h": 300
					},
					"anchor": {
						"x": 0.5,
						"y": 0.8
					}
				},
				{
					"filename": "fight/SE/0006",
					"frame": {
						"x": 2512,
						"y": 960,
						"w": 132,
						"h": 232
					},
					"rotated": false,
					"trimmed": true,
					"spriteSourceSize": {
						"x": 88,
						"y": 36,
						"w": 132,
						"h": 232
					},
					"sourceSize": {
						"w": 298,
						"h": 300
					},
					"anchor": {
						"x": 0.5,
						"y": 0.8
					}
				},
				{
					"filename": "fight/SW/0001",
					"frame": {
						"x": 2644,
						"y": 960,
						"w": 139,
						"h": 232
					},
					"rotated": false,
					"trimmed": true,
					"spriteSourceSize": {
						"x": 73,
						"y": 37,
						"w": 139,
						"h": 232
					},
					"sourceSize": {
						"w": 298,
						"h": 300
					},
					"anchor": {
						"x": 0.5,
						"y": 0.8
					}
				},
				{
					"filename": "fight/SW/0002",
					"frame": {
						"x": 0,
						"y": 1199,
						"w": 185,
						"h": 223
					},
					"rotated": false,
					"trimmed": true,
					"spriteSourceSize": {
						"x": 28,
						"y": 49,
						"w": 185,
						"h": 223
					},
					"sourceSize": {
						"w": 298,
						"h": 300
					},
					"anchor": {
						"x": 0.5,
						"y": 0.8
					}
				},
				{
					"filename": "fight/SW/0003",
					"frame": {
						"x": 185,
						"y": 1199,
						"w": 201,
						"h": 198
					},
					"rotated": false,
					"trimmed": true,
					"spriteSourceSize": {
						"x": 16,
						"y": 80,
						"w": 201,
						"h": 198
					},
					"sourceSize": {
						"w": 298,
						"h": 300
					},
					"anchor": {
						"x": 0.5,
						"y": 0.8
					}
				},
				{
					"filename": "fight/SW/0004",
					"frame": {
						"x": 386,
						"y": 1199,
						"w": 163,
						"h": 214
					},
					"rotated": false,
					"trimmed": true,
					"spriteSourceSize": {
						"x": 45,
						"y": 59,
						"w": 163,
						"h": 214
					},
					"sourceSize": {
						"w": 298,
						"h": 300
					},
					"anchor": {
						"x": 0.5,
						"y": 0.8
					}
				},
				{
					"filename": "fight/SW/0005",
					"frame": {
						"x": 549,
						"y": 1199,
						"w": 164,
						"h": 221
					},
					"rotated": false,
					"trimmed": true,
					"spriteSourceSize": {
						"x": 70,
						"y": 46,
						"w": 164,
						"h": 221
					},
					"sourceSize": {
						"w": 298,
						"h": 300
					},
					"anchor": {
						"x": 0.5,
						"y": 0.8
					}
				},
				{
					"filename": "fight/SW/0006",
					"frame": {
						"x": 713,
						"y": 1199,
						"w": 155,
						"h": 231
					},
					"rotated": false,
					"trimmed": true,
					"spriteSourceSize": {
						"x": 78,
						"y": 36,
						"w": 155,
						"h": 231
					},
					"sourceSize": {
						"w": 298,
						"h": 300
					},
					"anchor": {
						"x": 0.5,
						"y": 0.8
					}
				},
				{
					"filename": "fight/W/0001",
					"frame": {
						"x": 868,
						"y": 1199,
						"w": 113,
						"h": 231
					},
					"rotated": false,
					"trimmed": true,
					"spriteSourceSize": {
						"x": 91,
						"y": 36,
						"w": 113,
						"h": 231
					},
					"sourceSize": {
						"w": 298,
						"h": 300
					},
					"anchor": {
						"x": 0.5,
						"y": 0.8
					}
				},
				{
					"filename": "fight/W/0002",
					"frame": {
						"x": 981,
						"y": 1199,
						"w": 179,
						"h": 225
					},
					"rotated": false,
					"trimmed": true,
					"spriteSourceSize": {
						"x": 25,
						"y": 41,
						"w": 179,
						"h": 225
					},
					"sourceSize": {
						"w": 298,
						"h": 300
					},
					"anchor": {
						"x": 0.5,
						"y": 0.8
					}
				},
				{
					"filename": "fight/W/0003",
					"frame": {
						"x": 1160,
						"y": 1199,
						"w": 205,
						"h": 189
					},
					"rotated": false,
					"trimmed": true,
					"spriteSourceSize": {
						"x": 2,
						"y": 81,
						"w": 205,
						"h": 189
					},
					"sourceSize": {
						"w": 298,
						"h": 300
					},
					"anchor": {
						"x": 0.5,
						"y": 0.8
					}
				},
				{
					"filename": "fight/W/0004",
					"frame": {
						"x": 1365,
						"y": 1199,
						"w": 160,
						"h": 212
					},
					"rotated": false,
					"trimmed": true,
					"spriteSourceSize": {
						"x": 38,
						"y": 57,
						"w": 160,
						"h": 212
					},
					"sourceSize": {
						"w": 298,
						"h": 300
					},
					"anchor": {
						"x": 0.5,
						"y": 0.8
					}
				},
				{
					"filename": "fight/W/0005",
					"frame": {
						"x": 1525,
						"y": 1199,
						"w": 125,
						"h": 220
					},
					"rotated": false,
					"trimmed": true,
					"spriteSourceSize": {
						"x": 81,
						"y": 47,
						"w": 125,
						"h": 220
					},
					"sourceSize": {
						"w": 298,
						"h": 300
					},
					"anchor": {
						"x": 0.5,
						"y": 0.8
					}
				},
				{
					"filename": "fight/W/0006",
					"frame": {
						"x": 1650,
						"y": 1199,
						"w": 106,
						"h": 232
					},
					"rotated": false,
					"trimmed": true,
					"spriteSourceSize": {
						"x": 97,
						"y": 35,
						"w": 106,
						"h": 232
					},
					"sourceSize": {
						"w": 298,
						"h": 300
					},
					"anchor": {
						"x": 0.5,
						"y": 0.8
					}
				},
				{
					"filename": "stance/E/0001",
					"frame": {
						"x": 1756,
						"y": 1199,
						"w": 142,
						"h": 242
					},
					"rotated": false,
					"trimmed": true,
					"spriteSourceSize": {
						"x": 78,
						"y": 35,
						"w": 142,
						"h": 242
					},
					"sourceSize": {
						"w": 298,
						"h": 300
					},
					"anchor": {
						"x": 0.5,
						"y": 0.8
					}
				},
				{
					"filename": "stance/E/0002",
					"frame": {
						"x": 1898,
						"y": 1199,
						"w": 140,
						"h": 242
					},
					"rotated": false,
					"trimmed": true,
					"spriteSourceSize": {
						"x": 78,
						"y": 35,
						"w": 140,
						"h": 242
					},
					"sourceSize": {
						"w": 298,
						"h": 300
					},
					"anchor": {
						"x": 0.5,
						"y": 0.8
					}
				},
				{
					"filename": "stance/E/0003",
					"frame": {
						"x": 2038,
						"y": 1199,
						"w": 142,
						"h": 241
					},
					"rotated": false,
					"trimmed": true,
					"spriteSourceSize": {
						"x": 78,
						"y": 36,
						"w": 142,
						"h": 241
					},
					"sourceSize": {
						"w": 298,
						"h": 300
					},
					"anchor": {
						"x": 0.5,
						"y": 0.8
					}
				},
				{
					"filename": "stance/E/0004",
					"frame": {
						"x": 2180,
						"y": 1199,
						"w": 140,
						"h": 241
					},
					"rotated": false,
					"trimmed": true,
					"spriteSourceSize": {
						"x": 78,
						"y": 36,
						"w": 140,
						"h": 241
					},
					"sourceSize": {
						"w": 298,
						"h": 300
					},
					"anchor": {
						"x": 0.5,
						"y": 0.8
					}
				},
				{
					"filename": "stance/E/0005",
					"frame": {
						"x": 2320,
						"y": 1199,
						"w": 140,
						"h": 242
					},
					"rotated": false,
					"trimmed": true,
					"spriteSourceSize": {
						"x": 78,
						"y": 35,
						"w": 140,
						"h": 242
					},
					"sourceSize": {
						"w": 298,
						"h": 300
					},
					"anchor": {
						"x": 0.5,
						"y": 0.8
					}
				},
				{
					"filename": "stance/E/0006",
					"frame": {
						"x": 2460,
						"y": 1199,
						"w": 140,
						"h": 242
					},
					"rotated": false,
					"trimmed": true,
					"spriteSourceSize": {
						"x": 78,
						"y": 35,
						"w": 140,
						"h": 242
					},
					"sourceSize": {
						"w": 298,
						"h": 300
					},
					"anchor": {
						"x": 0.5,
						"y": 0.8
					}
				},
				{
					"filename": "stance/N/0001",
					"frame": {
						"x": 2600,
						"y": 1199,
						"w": 170,
						"h": 231
					},
					"rotated": false,
					"trimmed": true,
					"spriteSourceSize": {
						"x": 77,
						"y": 37,
						"w": 170,
						"h": 231
					},
					"sourceSize": {
						"w": 298,
						"h": 300
					},
					"anchor": {
						"x": 0.5,
						"y": 0.8
					}
				},
				{
					"filename": "stance/N/0002",
					"frame": {
						"x": 0,
						"y": 1441,
						"w": 169,
						"h": 241
					},
					"rotated": false,
					"trimmed": true,
					"spriteSourceSize": {
						"x": 78,
						"y": 37,
						"w": 169,
						"h": 241
					},
					"sourceSize": {
						"w": 298,
						"h": 300
					},
					"anchor": {
						"x": 0.5,
						"y": 0.8
					}
				},
				{
					"filename": "stance/N/0003",
					"frame": {
						"x": 169,
						"y": 1441,
						"w": 169,
						"h": 233
					},
					"rotated": false,
					"trimmed": true,
					"spriteSourceSize": {
						"x": 78,
						"y": 35,
						"w": 169,
						"h": 233
					},
					"sourceSize": {
						"w": 298,
						"h": 300
					},
					"anchor": {
						"x": 0.5,
						"y": 0.8
					}
				},
				{
					"filename": "stance/N/0004",
					"frame": {
						"x": 338,
						"y": 1441,
						"w": 169,
						"h": 232
					},
					"rotated": false,
					"trimmed": true,
					"spriteSourceSize": {
						"x": 78,
						"y": 36,
						"w": 169,
						"h": 232
					},
					"sourceSize": {
						"w": 298,
						"h": 300
					},
					"anchor": {
						"x": 0.5,
						"y": 0.8
					}
				},
				{
					"filename": "stance/N/0005",
					"frame": {
						"x": 507,
						"y": 1441,
						"w": 177,
						"h": 230
					},
					"rotated": false,
					"trimmed": true,
					"spriteSourceSize": {
						"x": 78,
						"y": 38,
						"w": 177,
						"h": 230
					},
					"sourceSize": {
						"w": 298,
						"h": 300
					},
					"anchor": {
						"x": 0.5,
						"y": 0.8
					}
				},
				{
					"filename": "stance/N/0006",
					"frame": {
						"x": 684,
						"y": 1441,
						"w": 169,
						"h": 231
					},
					"rotated": false,
					"trimmed": true,
					"spriteSourceSize": {
						"x": 78,
						"y": 37,
						"w": 169,
						"h": 231
					},
					"sourceSize": {
						"w": 298,
						"h": 300
					},
					"anchor": {
						"x": 0.5,
						"y": 0.8
					}
				},
				{
					"filename": "stance/NE/0001",
					"frame": {
						"x": 853,
						"y": 1441,
						"w": 182,
						"h": 233
					},
					"rotated": false,
					"trimmed": true,
					"spriteSourceSize": {
						"x": 70,
						"y": 36,
						"w": 182,
						"h": 233
					},
					"sourceSize": {
						"w": 298,
						"h": 300
					},
					"anchor": {
						"x": 0.5,
						"y": 0.8
					}
				},
				{
					"filename": "stance/NE/0002",
					"frame": {
						"x": 1035,
						"y": 1441,
						"w": 182,
						"h": 231
					},
					"rotated": false,
					"trimmed": true,
					"spriteSourceSize": {
						"x": 70,
						"y": 37,
						"w": 182,
						"h": 231
					},
					"sourceSize": {
						"w": 298,
						"h": 300
					},
					"anchor": {
						"x": 0.5,
						"y": 0.8
					}
				},
				{
					"filename": "stance/NE/0003",
					"frame": {
						"x": 1217,
						"y": 1441,
						"w": 182,
						"h": 232
					},
					"rotated": false,
					"trimmed": true,
					"spriteSourceSize": {
						"x": 70,
						"y": 36,
						"w": 182,
						"h": 232
					},
					"sourceSize": {
						"w": 298,
						"h": 300
					},
					"anchor": {
						"x": 0.5,
						"y": 0.8
					}
				},
				{
					"filename": "stance/NE/0004",
					"frame": {
						"x": 1399,
						"y": 1441,
						"w": 182,
						"h": 231
					},
					"rotated": false,
					"trimmed": true,
					"spriteSourceSize": {
						"x": 70,
						"y": 38,
						"w": 182,
						"h": 231
					},
					"sourceSize": {
						"w": 298,
						"h": 300
					},
					"anchor": {
						"x": 0.5,
						"y": 0.8
					}
				},
				{
					"filename": "stance/NE/0005",
					"frame": {
						"x": 1581,
						"y": 1441,
						"w": 182,
						"h": 232
					},
					"rotated": false,
					"trimmed": true,
					"spriteSourceSize": {
						"x": 70,
						"y": 36,
						"w": 182,
						"h": 232
					},
					"sourceSize": {
						"w": 298,
						"h": 300
					},
					"anchor": {
						"x": 0.5,
						"y": 0.8
					}
				},
				{
					"filename": "stance/NE/0006",
					"frame": {
						"x": 1763,
						"y": 1441,
						"w": 182,
						"h": 232
					},
					"rotated": false,
					"trimmed": true,
					"spriteSourceSize": {
						"x": 70,
						"y": 36,
						"w": 182,
						"h": 232
					},
					"sourceSize": {
						"w": 298,
						"h": 300
					},
					"anchor": {
						"x": 0.5,
						"y": 0.8
					}
				},
				{
					"filename": "stance/NW/0001",
					"frame": {
						"x": 1945,
						"y": 1441,
						"w": 162,
						"h": 236
					},
					"rotated": false,
					"trimmed": true,
					"spriteSourceSize": {
						"x": 86,
						"y": 36,
						"w": 162,
						"h": 236
					},
					"sourceSize": {
						"w": 298,
						"h": 300
					},
					"anchor": {
						"x": 0.5,
						"y": 0.8
					}
				},
				{
					"filename": "stance/NW/0002",
					"frame": {
						"x": 2107,
						"y": 1441,
						"w": 151,
						"h": 237
					},
					"rotated": false,
					"trimmed": true,
					"spriteSourceSize": {
						"x": 84,
						"y": 35,
						"w": 151,
						"h": 237
					},
					"sourceSize": {
						"w": 298,
						"h": 300
					},
					"anchor": {
						"x": 0.5,
						"y": 0.8
					}
				},
				{
					"filename": "stance/NW/0003",
					"frame": {
						"x": 2258,
						"y": 1441,
						"w": 190,
						"h": 237
					},
					"rotated": false,
					"trimmed": true,
					"spriteSourceSize": {
						"x": 58,
						"y": 35,
						"w": 190,
						"h": 237
					},
					"sourceSize": {
						"w": 298,
						"h": 300
					},
					"anchor": {
						"x": 0.5,
						"y": 0.8
					}
				},
				{
					"filename": "stance/NW/0004",
					"frame": {
						"x": 2448,
						"y": 1441,
						"w": 161,
						"h": 237
					},
					"rotated": false,
					"trimmed": true,
					"spriteSourceSize": {
						"x": 87,
						"y": 35,
						"w": 161,
						"h": 237
					},
					"sourceSize": {
						"w": 298,
						"h": 300
					},
					"anchor": {
						"x": 0.5,
						"y": 0.8
					}
				},
				{
					"filename": "stance/NW/0005",
					"frame": {
						"x": 2609,
						"y": 1441,
						"w": 161,
						"h": 236
					},
					"rotated": false,
					"trimmed": true,
					"spriteSourceSize": {
						"x": 87,
						"y": 36,
						"w": 161,
						"h": 236
					},
					"sourceSize": {
						"w": 298,
						"h": 300
					},
					"anchor": {
						"x": 0.5,
						"y": 0.8
					}
				},
				{
					"filename": "stance/NW/0006",
					"frame": {
						"x": 0,
						"y": 1682,
						"w": 161,
						"h": 235
					},
					"rotated": false,
					"trimmed": true,
					"spriteSourceSize": {
						"x": 87,
						"y": 37,
						"w": 161,
						"h": 235
					},
					"sourceSize": {
						"w": 298,
						"h": 300
					},
					"anchor": {
						"x": 0.5,
						"y": 0.8
					}
				},
				{
					"filename": "stance/S/0001",
					"frame": {
						"x": 161,
						"y": 1682,
						"w": 179,
						"h": 235
					},
					"rotated": false,
					"trimmed": true,
					"spriteSourceSize": {
						"x": 53,
						"y": 35,
						"w": 179,
						"h": 235
					},
					"sourceSize": {
						"w": 298,
						"h": 300
					},
					"anchor": {
						"x": 0.5,
						"y": 0.8
					}
				},
				{
					"filename": "stance/S/0002",
					"frame": {
						"x": 340,
						"y": 1682,
						"w": 178,
						"h": 233
					},
					"rotated": false,
					"trimmed": true,
					"spriteSourceSize": {
						"x": 54,
						"y": 37,
						"w": 178,
						"h": 233
					},
					"sourceSize": {
						"w": 298,
						"h": 300
					},
					"anchor": {
						"x": 0.5,
						"y": 0.8
					}
				},
				{
					"filename": "stance/S/0003",
					"frame": {
						"x": 518,
						"y": 1682,
						"w": 177,
						"h": 234
					},
					"rotated": false,
					"trimmed": true,
					"spriteSourceSize": {
						"x": 54,
						"y": 36,
						"w": 177,
						"h": 234
					},
					"sourceSize": {
						"w": 298,
						"h": 300
					},
					"anchor": {
						"x": 0.5,
						"y": 0.8
					}
				},
				{
					"filename": "stance/S/0004",
					"frame": {
						"x": 695,
						"y": 1682,
						"w": 178,
						"h": 233
					},
					"rotated": false,
					"trimmed": true,
					"spriteSourceSize": {
						"x": 54,
						"y": 37,
						"w": 178,
						"h": 233
					},
					"sourceSize": {
						"w": 298,
						"h": 300
					},
					"anchor": {
						"x": 0.5,
						"y": 0.8
					}
				},
				{
					"filename": "stance/S/0005",
					"frame": {
						"x": 873,
						"y": 1682,
						"w": 178,
						"h": 234
					},
					"rotated": false,
					"trimmed": true,
					"spriteSourceSize": {
						"x": 54,
						"y": 36,
						"w": 178,
						"h": 234
					},
					"sourceSize": {
						"w": 298,
						"h": 300
					},
					"anchor": {
						"x": 0.5,
						"y": 0.8
					}
				},
				{
					"filename": "stance/S/0006",
					"frame": {
						"x": 1051,
						"y": 1682,
						"w": 179,
						"h": 235
					},
					"rotated": false,
					"trimmed": true,
					"spriteSourceSize": {
						"x": 53,
						"y": 35,
						"w": 179,
						"h": 235
					},
					"sourceSize": {
						"w": 298,
						"h": 300
					},
					"anchor": {
						"x": 0.5,
						"y": 0.8
					}
				},
				{
					"filename": "stance/SE/0001",
					"frame": {
						"x": 1230,
						"y": 1682,
						"w": 176,
						"h": 239
					},
					"rotated": false,
					"trimmed": true,
					"spriteSourceSize": {
						"x": 64,
						"y": 35,
						"w": 176,
						"h": 239
					},
					"sourceSize": {
						"w": 298,
						"h": 300
					},
					"anchor": {
						"x": 0.5,
						"y": 0.8
					}
				},
				{
					"filename": "stance/SE/0002",
					"frame": {
						"x": 1406,
						"y": 1682,
						"w": 182,
						"h": 239
					},
					"rotated": false,
					"trimmed": true,
					"spriteSourceSize": {
						"x": 64,
						"y": 35,
						"w": 182,
						"h": 239
					},
					"sourceSize": {
						"w": 298,
						"h": 300
					},
					"anchor": {
						"x": 0.5,
						"y": 0.8
					}
				},
				{
					"filename": "stance/SE/0003",
					"frame": {
						"x": 1588,
						"y": 1682,
						"w": 176,
						"h": 237
					},
					"rotated": false,
					"trimmed": true,
					"spriteSourceSize": {
						"x": 64,
						"y": 37,
						"w": 176,
						"h": 237
					},
					"sourceSize": {
						"w": 298,
						"h": 300
					},
					"anchor": {
						"x": 0.5,
						"y": 0.8
					}
				},
				{
					"filename": "stance/SE/0004",
					"frame": {
						"x": 1764,
						"y": 1682,
						"w": 176,
						"h": 238
					},
					"rotated": false,
					"trimmed": true,
					"spriteSourceSize": {
						"x": 64,
						"y": 36,
						"w": 176,
						"h": 238
					},
					"sourceSize": {
						"w": 298,
						"h": 300
					},
					"anchor": {
						"x": 0.5,
						"y": 0.8
					}
				},
				{
					"filename": "stance/SE/0005",
					"frame": {
						"x": 1940,
						"y": 1682,
						"w": 176,
						"h": 239
					},
					"rotated": false,
					"trimmed": true,
					"spriteSourceSize": {
						"x": 64,
						"y": 35,
						"w": 176,
						"h": 239
					},
					"sourceSize": {
						"w": 298,
						"h": 300
					},
					"anchor": {
						"x": 0.5,
						"y": 0.8
					}
				},
				{
					"filename": "stance/SE/0006",
					"frame": {
						"x": 2116,
						"y": 1682,
						"w": 176,
						"h": 239
					},
					"rotated": false,
					"trimmed": true,
					"spriteSourceSize": {
						"x": 64,
						"y": 35,
						"w": 176,
						"h": 239
					},
					"sourceSize": {
						"w": 298,
						"h": 300
					},
					"anchor": {
						"x": 0.5,
						"y": 0.8
					}
				},
				{
					"filename": "stance/SW/0001",
					"frame": {
						"x": 2292,
						"y": 1682,
						"w": 173,
						"h": 230
					},
					"rotated": false,
					"trimmed": true,
					"spriteSourceSize": {
						"x": 62,
						"y": 37,
						"w": 173,
						"h": 230
					},
					"sourceSize": {
						"w": 298,
						"h": 300
					},
					"anchor": {
						"x": 0.5,
						"y": 0.8
					}
				},
				{
					"filename": "stance/SW/0002",
					"frame": {
						"x": 2465,
						"y": 1682,
						"w": 169,
						"h": 231
					},
					"rotated": false,
					"trimmed": true,
					"spriteSourceSize": {
						"x": 66,
						"y": 36,
						"w": 169,
						"h": 231
					},
					"sourceSize": {
						"w": 298,
						"h": 300
					},
					"anchor": {
						"x": 0.5,
						"y": 0.8
					}
				},
				{
					"filename": "stance/SW/0003",
					"frame": {
						"x": 2634,
						"y": 1682,
						"w": 168,
						"h": 236
					},
					"rotated": false,
					"trimmed": true,
					"spriteSourceSize": {
						"x": 67,
						"y": 35,
						"w": 168,
						"h": 236
					},
					"sourceSize": {
						"w": 298,
						"h": 300
					},
					"anchor": {
						"x": 0.5,
						"y": 0.8
					}
				},
				{
					"filename": "stance/SW/0004",
					"frame": {
						"x": 0,
						"y": 1921,
						"w": 173,
						"h": 233
					},
					"rotated": false,
					"trimmed": true,
					"spriteSourceSize": {
						"x": 62,
						"y": 36,
						"w": 173,
						"h": 233
					},
					"sourceSize": {
						"w": 298,
						"h": 300
					},
					"anchor": {
						"x": 0.5,
						"y": 0.8
					}
				},
				{
					"filename": "stance/SW/0005",
					"frame": {
						"x": 173,
						"y": 1921,
						"w": 169,
						"h": 232
					},
					"rotated": false,
					"trimmed": true,
					"spriteSourceSize": {
						"x": 66,
						"y": 37,
						"w": 169,
						"h": 232
					},
					"sourceSize": {
						"w": 298,
						"h": 300
					},
					"anchor": {
						"x": 0.5,
						"y": 0.8
					}
				},
				{
					"filename": "stance/SW/0006",
					"frame": {
						"x": 342,
						"y": 1921,
						"w": 169,
						"h": 230
					},
					"rotated": false,
					"trimmed": true,
					"spriteSourceSize": {
						"x": 66,
						"y": 37,
						"w": 169,
						"h": 230
					},
					"sourceSize": {
						"w": 298,
						"h": 300
					},
					"anchor": {
						"x": 0.5,
						"y": 0.8
					}
				},
				{
					"filename": "stance/W/0001",
					"frame": {
						"x": 511,
						"y": 1921,
						"w": 173,
						"h": 231
					},
					"rotated": false,
					"trimmed": true,
					"spriteSourceSize": {
						"x": 57,
						"y": 35,
						"w": 173,
						"h": 231
					},
					"sourceSize": {
						"w": 298,
						"h": 300
					},
					"anchor": {
						"x": 0.5,
						"y": 0.8
					}
				},
				{
					"filename": "stance/W/0002",
					"frame": {
						"x": 684,
						"y": 1921,
						"w": 169,
						"h": 232
					},
					"rotated": false,
					"trimmed": true,
					"spriteSourceSize": {
						"x": 67,
						"y": 35,
						"w": 169,
						"h": 232
					},
					"sourceSize": {
						"w": 298,
						"h": 300
					},
					"anchor": {
						"x": 0.5,
						"y": 0.8
					}
				},
				{
					"filename": "stance/W/0003",
					"frame": {
						"x": 853,
						"y": 1921,
						"w": 170,
						"h": 232
					},
					"rotated": false,
					"trimmed": true,
					"spriteSourceSize": {
						"x": 60,
						"y": 35,
						"w": 170,
						"h": 232
					},
					"sourceSize": {
						"w": 298,
						"h": 300
					},
					"anchor": {
						"x": 0.5,
						"y": 0.8
					}
				},
				{
					"filename": "stance/W/0004",
					"frame": {
						"x": 1023,
						"y": 1921,
						"w": 163,
						"h": 232
					},
					"rotated": false,
					"trimmed": true,
					"spriteSourceSize": {
						"x": 67,
						"y": 35,
						"w": 163,
						"h": 232
					},
					"sourceSize": {
						"w": 298,
						"h": 300
					},
					"anchor": {
						"x": 0.5,
						"y": 0.8
					}
				},
				{
					"filename": "stance/W/0005",
					"frame": {
						"x": 1186,
						"y": 1921,
						"w": 163,
						"h": 232
					},
					"rotated": false,
					"trimmed": true,
					"spriteSourceSize": {
						"x": 67,
						"y": 35,
						"w": 163,
						"h": 232
					},
					"sourceSize": {
						"w": 298,
						"h": 300
					},
					"anchor": {
						"x": 0.5,
						"y": 0.8
					}
				},
				{
					"filename": "stance/W/0006",
					"frame": {
						"x": 1349,
						"y": 1921,
						"w": 173,
						"h": 230
					},
					"rotated": false,
					"trimmed": true,
					"spriteSourceSize": {
						"x": 57,
						"y": 36,
						"w": 173,
						"h": 230
					},
					"sourceSize": {
						"w": 298,
						"h": 300
					},
					"anchor": {
						"x": 0.5,
						"y": 0.8
					}
				},
				{
					"filename": "walk/E/0001",
					"frame": {
						"x": 1522,
						"y": 1921,
						"w": 169,
						"h": 243
					},
					"rotated": false,
					"trimmed": true,
					"spriteSourceSize": {
						"x": 83,
						"y": 34,
						"w": 169,
						"h": 243
					},
					"sourceSize": {
						"w": 298,
						"h": 300
					},
					"anchor": {
						"x": 0.5,
						"y": 0.8
					}
				},
				{
					"filename": "walk/E/0002",
					"frame": {
						"x": 1691,
						"y": 1921,
						"w": 176,
						"h": 239
					},
					"rotated": false,
					"trimmed": true,
					"spriteSourceSize": {
						"x": 76,
						"y": 34,
						"w": 176,
						"h": 239
					},
					"sourceSize": {
						"w": 298,
						"h": 300
					},
					"anchor": {
						"x": 0.5,
						"y": 0.8
					}
				},
				{
					"filename": "walk/E/0003",
					"frame": {
						"x": 1867,
						"y": 1921,
						"w": 174,
						"h": 238
					},
					"rotated": false,
					"trimmed": true,
					"spriteSourceSize": {
						"x": 79,
						"y": 34,
						"w": 174,
						"h": 238
					},
					"sourceSize": {
						"w": 298,
						"h": 300
					},
					"anchor": {
						"x": 0.5,
						"y": 0.8
					}
				},
				{
					"filename": "walk/E/0004",
					"frame": {
						"x": 2041,
						"y": 1921,
						"w": 178,
						"h": 238
					},
					"rotated": false,
					"trimmed": true,
					"spriteSourceSize": {
						"x": 79,
						"y": 34,
						"w": 178,
						"h": 238
					},
					"sourceSize": {
						"w": 298,
						"h": 300
					},
					"anchor": {
						"x": 0.5,
						"y": 0.8
					}
				},
				{
					"filename": "walk/E/0005",
					"frame": {
						"x": 2219,
						"y": 1921,
						"w": 167,
						"h": 245
					},
					"rotated": false,
					"trimmed": true,
					"spriteSourceSize": {
						"x": 85,
						"y": 34,
						"w": 167,
						"h": 245
					},
					"sourceSize": {
						"w": 298,
						"h": 300
					},
					"anchor": {
						"x": 0.5,
						"y": 0.8
					}
				},
				{
					"filename": "walk/E/0006",
					"frame": {
						"x": 2386,
						"y": 1921,
						"w": 169,
						"h": 242
					},
					"rotated": false,
					"trimmed": true,
					"spriteSourceSize": {
						"x": 83,
						"y": 34,
						"w": 169,
						"h": 242
					},
					"sourceSize": {
						"w": 298,
						"h": 300
					},
					"anchor": {
						"x": 0.5,
						"y": 0.8
					}
				},
				{
					"filename": "walk/N/0001",
					"frame": {
						"x": 2555,
						"y": 1921,
						"w": 185,
						"h": 232
					},
					"rotated": false,
					"trimmed": true,
					"spriteSourceSize": {
						"x": 76,
						"y": 33,
						"w": 185,
						"h": 232
					},
					"sourceSize": {
						"w": 298,
						"h": 300
					},
					"anchor": {
						"x": 0.5,
						"y": 0.8
					}
				},
				{
					"filename": "walk/N/0002",
					"frame": {
						"x": 0,
						"y": 2166,
						"w": 190,
						"h": 235
					},
					"rotated": false,
					"trimmed": true,
					"spriteSourceSize": {
						"x": 73,
						"y": 33,
						"w": 190,
						"h": 235
					},
					"sourceSize": {
						"w": 298,
						"h": 300
					},
					"anchor": {
						"x": 0.5,
						"y": 0.8
					}
				},
				{
					"filename": "walk/N/0003",
					"frame": {
						"x": 190,
						"y": 2166,
						"w": 170,
						"h": 234
					},
					"rotated": false,
					"trimmed": true,
					"spriteSourceSize": {
						"x": 82,
						"y": 34,
						"w": 170,
						"h": 234
					},
					"sourceSize": {
						"w": 298,
						"h": 300
					},
					"anchor": {
						"x": 0.5,
						"y": 0.8
					}
				},
				{
					"filename": "walk/N/0004",
					"frame": {
						"x": 360,
						"y": 2166,
						"w": 178,
						"h": 232
					},
					"rotated": false,
					"trimmed": true,
					"spriteSourceSize": {
						"x": 70,
						"y": 34,
						"w": 178,
						"h": 232
					},
					"sourceSize": {
						"w": 298,
						"h": 300
					},
					"anchor": {
						"x": 0.5,
						"y": 0.8
					}
				},
				{
					"filename": "walk/N/0005",
					"frame": {
						"x": 538,
						"y": 2166,
						"w": 178,
						"h": 232
					},
					"rotated": false,
					"trimmed": true,
					"spriteSourceSize": {
						"x": 83,
						"y": 33,
						"w": 178,
						"h": 232
					},
					"sourceSize": {
						"w": 298,
						"h": 300
					},
					"anchor": {
						"x": 0.5,
						"y": 0.8
					}
				},
				{
					"filename": "walk/N/0006",
					"frame": {
						"x": 716,
						"y": 2166,
						"w": 182,
						"h": 233
					},
					"rotated": false,
					"trimmed": true,
					"spriteSourceSize": {
						"x": 80,
						"y": 33,
						"w": 182,
						"h": 233
					},
					"sourceSize": {
						"w": 298,
						"h": 300
					},
					"anchor": {
						"x": 0.5,
						"y": 0.8
					}
				},
				{
					"filename": "walk/NE/0001",
					"frame": {
						"x": 898,
						"y": 2166,
						"w": 182,
						"h": 236
					},
					"rotated": false,
					"trimmed": true,
					"spriteSourceSize": {
						"x": 78,
						"y": 33,
						"w": 182,
						"h": 236
					},
					"sourceSize": {
						"w": 298,
						"h": 300
					},
					"anchor": {
						"x": 0.5,
						"y": 0.8
					}
				},
				{
					"filename": "walk/NE/0002",
					"frame": {
						"x": 1080,
						"y": 2166,
						"w": 196,
						"h": 236
					},
					"rotated": false,
					"trimmed": true,
					"spriteSourceSize": {
						"x": 92,
						"y": 33,
						"w": 196,
						"h": 236
					},
					"sourceSize": {
						"w": 298,
						"h": 300
					},
					"anchor": {
						"x": 0.5,
						"y": 0.8
					}
				},
				{
					"filename": "walk/NE/0003",
					"frame": {
						"x": 1276,
						"y": 2166,
						"w": 207,
						"h": 237
					},
					"rotated": false,
					"trimmed": true,
					"spriteSourceSize": {
						"x": 81,
						"y": 32,
						"w": 207,
						"h": 237
					},
					"sourceSize": {
						"w": 298,
						"h": 300
					},
					"anchor": {
						"x": 0.5,
						"y": 0.8
					}
				},
				{
					"filename": "walk/NE/0004",
					"frame": {
						"x": 1483,
						"y": 2166,
						"w": 199,
						"h": 237
					},
					"rotated": false,
					"trimmed": true,
					"spriteSourceSize": {
						"x": 89,
						"y": 33,
						"w": 199,
						"h": 237
					},
					"sourceSize": {
						"w": 298,
						"h": 300
					},
					"anchor": {
						"x": 0.5,
						"y": 0.8
					}
				},
				{
					"filename": "walk/NE/0005",
					"frame": {
						"x": 1682,
						"y": 2166,
						"w": 169,
						"h": 236
					},
					"rotated": false,
					"trimmed": true,
					"spriteSourceSize": {
						"x": 91,
						"y": 33,
						"w": 169,
						"h": 236
					},
					"sourceSize": {
						"w": 298,
						"h": 300
					},
					"anchor": {
						"x": 0.5,
						"y": 0.8
					}
				},
				{
					"filename": "walk/NE/0006",
					"frame": {
						"x": 1851,
						"y": 2166,
						"w": 180,
						"h": 236
					},
					"rotated": false,
					"trimmed": true,
					"spriteSourceSize": {
						"x": 78,
						"y": 33,
						"w": 180,
						"h": 236
					},
					"sourceSize": {
						"w": 298,
						"h": 300
					},
					"anchor": {
						"x": 0.5,
						"y": 0.8
					}
				},
				{
					"filename": "walk/NW/0001",
					"frame": {
						"x": 2031,
						"y": 2166,
						"w": 151,
						"h": 235
					},
					"rotated": false,
					"trimmed": true,
					"spriteSourceSize": {
						"x": 81,
						"y": 32,
						"w": 151,
						"h": 235
					},
					"sourceSize": {
						"w": 298,
						"h": 300
					},
					"anchor": {
						"x": 0.5,
						"y": 0.8
					}
				},
				{
					"filename": "walk/NW/0002",
					"frame": {
						"x": 2182,
						"y": 2166,
						"w": 181,
						"h": 234
					},
					"rotated": false,
					"trimmed": true,
					"spriteSourceSize": {
						"x": 59,
						"y": 32,
						"w": 181,
						"h": 234
					},
					"sourceSize": {
						"w": 298,
						"h": 300
					},
					"anchor": {
						"x": 0.5,
						"y": 0.8
					}
				},
				{
					"filename": "walk/NW/0003",
					"frame": {
						"x": 2363,
						"y": 2166,
						"w": 180,
						"h": 235
					},
					"rotated": false,
					"trimmed": true,
					"spriteSourceSize": {
						"x": 56,
						"y": 33,
						"w": 180,
						"h": 235
					},
					"sourceSize": {
						"w": 298,
						"h": 300
					},
					"anchor": {
						"x": 0.5,
						"y": 0.8
					}
				},
				{
					"filename": "walk/NW/0004",
					"frame": {
						"x": 2543,
						"y": 2166,
						"w": 173,
						"h": 233
					},
					"rotated": false,
					"trimmed": true,
					"spriteSourceSize": {
						"x": 63,
						"y": 33,
						"w": 173,
						"h": 233
					},
					"sourceSize": {
						"w": 298,
						"h": 300
					},
					"anchor": {
						"x": 0.5,
						"y": 0.8
					}
				},
				{
					"filename": "walk/NW/0005",
					"frame": {
						"x": 2716,
						"y": 2166,
						"w": 151,
						"h": 233
					},
					"rotated": false,
					"trimmed": true,
					"spriteSourceSize": {
						"x": 83,
						"y": 32,
						"w": 151,
						"h": 233
					},
					"sourceSize": {
						"w": 298,
						"h": 300
					},
					"anchor": {
						"x": 0.5,
						"y": 0.8
					}
				},
				{
					"filename": "walk/NW/0006",
					"frame": {
						"x": 0,
						"y": 2403,
						"w": 179,
						"h": 237
					},
					"rotated": false,
					"trimmed": true,
					"spriteSourceSize": {
						"x": 59,
						"y": 32,
						"w": 179,
						"h": 237
					},
					"sourceSize": {
						"w": 298,
						"h": 300
					},
					"anchor": {
						"x": 0.5,
						"y": 0.8
					}
				},
				{
					"filename": "walk/S/0001",
					"frame": {
						"x": 179,
						"y": 2403,
						"w": 174,
						"h": 231
					},
					"rotated": false,
					"trimmed": true,
					"spriteSourceSize": {
						"x": 54,
						"y": 40,
						"w": 174,
						"h": 231
					},
					"sourceSize": {
						"w": 298,
						"h": 300
					},
					"anchor": {
						"x": 0.5,
						"y": 0.8
					}
				},
				{
					"filename": "walk/S/0002",
					"frame": {
						"x": 353,
						"y": 2403,
						"w": 171,
						"h": 230
					},
					"rotated": false,
					"trimmed": true,
					"spriteSourceSize": {
						"x": 54,
						"y": 40,
						"w": 171,
						"h": 230
					},
					"sourceSize": {
						"w": 298,
						"h": 300
					},
					"anchor": {
						"x": 0.5,
						"y": 0.8
					}
				},
				{
					"filename": "walk/S/0003",
					"frame": {
						"x": 524,
						"y": 2403,
						"w": 194,
						"h": 235
					},
					"rotated": false,
					"trimmed": true,
					"spriteSourceSize": {
						"x": 33,
						"y": 39,
						"w": 194,
						"h": 235
					},
					"sourceSize": {
						"w": 298,
						"h": 300
					},
					"anchor": {
						"x": 0.5,
						"y": 0.8
					}
				},
				{
					"filename": "walk/S/0004",
					"frame": {
						"x": 718,
						"y": 2403,
						"w": 163,
						"h": 233
					},
					"rotated": false,
					"trimmed": true,
					"spriteSourceSize": {
						"x": 57,
						"y": 39,
						"w": 163,
						"h": 233
					},
					"sourceSize": {
						"w": 298,
						"h": 300
					},
					"anchor": {
						"x": 0.5,
						"y": 0.8
					}
				},
				{
					"filename": "walk/S/0005",
					"frame": {
						"x": 881,
						"y": 2403,
						"w": 167,
						"h": 231
					},
					"rotated": false,
					"trimmed": true,
					"spriteSourceSize": {
						"x": 54,
						"y": 40,
						"w": 167,
						"h": 231
					},
					"sourceSize": {
						"w": 298,
						"h": 300
					},
					"anchor": {
						"x": 0.5,
						"y": 0.8
					}
				},
				{
					"filename": "walk/S/0006",
					"frame": {
						"x": 1048,
						"y": 2403,
						"w": 198,
						"h": 231
					},
					"rotated": false,
					"trimmed": true,
					"spriteSourceSize": {
						"x": 32,
						"y": 40,
						"w": 198,
						"h": 231
					},
					"sourceSize": {
						"w": 298,
						"h": 300
					},
					"anchor": {
						"x": 0.5,
						"y": 0.8
					}
				},
				{
					"filename": "walk/SE/0001",
					"frame": {
						"x": 1246,
						"y": 2403,
						"w": 183,
						"h": 237
					},
					"rotated": false,
					"trimmed": true,
					"spriteSourceSize": {
						"x": 69,
						"y": 37,
						"w": 183,
						"h": 237
					},
					"sourceSize": {
						"w": 298,
						"h": 300
					},
					"anchor": {
						"x": 0.5,
						"y": 0.8
					}
				},
				{
					"filename": "walk/SE/0002",
					"frame": {
						"x": 1429,
						"y": 2403,
						"w": 170,
						"h": 237
					},
					"rotated": false,
					"trimmed": true,
					"spriteSourceSize": {
						"x": 70,
						"y": 37,
						"w": 170,
						"h": 237
					},
					"sourceSize": {
						"w": 298,
						"h": 300
					},
					"anchor": {
						"x": 0.5,
						"y": 0.8
					}
				},
				{
					"filename": "walk/SE/0003",
					"frame": {
						"x": 1599,
						"y": 2403,
						"w": 199,
						"h": 238
					},
					"rotated": false,
					"trimmed": true,
					"spriteSourceSize": {
						"x": 68,
						"y": 38,
						"w": 199,
						"h": 238
					},
					"sourceSize": {
						"w": 298,
						"h": 300
					},
					"anchor": {
						"x": 0.5,
						"y": 0.8
					}
				},
				{
					"filename": "walk/SE/0004",
					"frame": {
						"x": 1798,
						"y": 2403,
						"w": 172,
						"h": 239
					},
					"rotated": false,
					"trimmed": true,
					"spriteSourceSize": {
						"x": 69,
						"y": 37,
						"w": 172,
						"h": 239
					},
					"sourceSize": {
						"w": 298,
						"h": 300
					},
					"anchor": {
						"x": 0.5,
						"y": 0.8
					}
				},
				{
					"filename": "walk/SE/0005",
					"frame": {
						"x": 1970,
						"y": 2403,
						"w": 150,
						"h": 235
					},
					"rotated": false,
					"trimmed": true,
					"spriteSourceSize": {
						"x": 87,
						"y": 37,
						"w": 150,
						"h": 235
					},
					"sourceSize": {
						"w": 298,
						"h": 300
					},
					"anchor": {
						"x": 0.5,
						"y": 0.8
					}
				},
				{
					"filename": "walk/SE/0006",
					"frame": {
						"x": 2120,
						"y": 2403,
						"w": 183,
						"h": 237
					},
					"rotated": false,
					"trimmed": true,
					"spriteSourceSize": {
						"x": 69,
						"y": 37,
						"w": 183,
						"h": 237
					},
					"sourceSize": {
						"w": 298,
						"h": 300
					},
					"anchor": {
						"x": 0.5,
						"y": 0.8
					}
				},
				{
					"filename": "walk/SW/0001",
					"frame": {
						"x": 2303,
						"y": 2403,
						"w": 179,
						"h": 230
					},
					"rotated": false,
					"trimmed": true,
					"spriteSourceSize": {
						"x": 44,
						"y": 37,
						"w": 179,
						"h": 230
					},
					"sourceSize": {
						"w": 298,
						"h": 300
					},
					"anchor": {
						"x": 0.5,
						"y": 0.8
					}
				},
				{
					"filename": "walk/SW/0002",
					"frame": {
						"x": 2482,
						"y": 2403,
						"w": 178,
						"h": 230
					},
					"rotated": false,
					"trimmed": true,
					"spriteSourceSize": {
						"x": 36,
						"y": 37,
						"w": 178,
						"h": 230
					},
					"sourceSize": {
						"w": 298,
						"h": 300
					},
					"anchor": {
						"x": 0.5,
						"y": 0.8
					}
				},
				{
					"filename": "walk/SW/0003",
					"frame": {
						"x": 2660,
						"y": 2403,
						"w": 191,
						"h": 235
					},
					"rotated": false,
					"trimmed": true,
					"spriteSourceSize": {
						"x": 29,
						"y": 37,
						"w": 191,
						"h": 235
					},
					"sourceSize": {
						"w": 298,
						"h": 300
					},
					"anchor": {
						"x": 0.5,
						"y": 0.8
					}
				},
				{
					"filename": "walk/SW/0004",
					"frame": {
						"x": 0,
						"y": 2642,
						"w": 190,
						"h": 233
					},
					"rotated": false,
					"trimmed": true,
					"spriteSourceSize": {
						"x": 29,
						"y": 37,
						"w": 190,
						"h": 233
					},
					"sourceSize": {
						"w": 298,
						"h": 300
					},
					"anchor": {
						"x": 0.5,
						"y": 0.8
					}
				},
				{
					"filename": "walk/SW/0005",
					"frame": {
						"x": 190,
						"y": 2642,
						"w": 168,
						"h": 233
					},
					"rotated": false,
					"trimmed": true,
					"spriteSourceSize": {
						"x": 44,
						"y": 37,
						"w": 168,
						"h": 233
					},
					"sourceSize": {
						"w": 298,
						"h": 300
					},
					"anchor": {
						"x": 0.5,
						"y": 0.8
					}
				},
				{
					"filename": "walk/SW/0006",
					"frame": {
						"x": 358,
						"y": 2642,
						"w": 180,
						"h": 230
					},
					"rotated": false,
					"trimmed": true,
					"spriteSourceSize": {
						"x": 44,
						"y": 37,
						"w": 180,
						"h": 230
					},
					"sourceSize": {
						"w": 298,
						"h": 300
					},
					"anchor": {
						"x": 0.5,
						"y": 0.8
					}
				},
				{
					"filename": "walk/W/0001",
					"frame": {
						"x": 538,
						"y": 2642,
						"w": 163,
						"h": 233
					},
					"rotated": false,
					"trimmed": true,
					"spriteSourceSize": {
						"x": 59,
						"y": 34,
						"w": 163,
						"h": 233
					},
					"sourceSize": {
						"w": 298,
						"h": 300
					},
					"anchor": {
						"x": 0.5,
						"y": 0.8
					}
				},
				{
					"filename": "walk/W/0002",
					"frame": {
						"x": 701,
						"y": 2642,
						"w": 180,
						"h": 232
					},
					"rotated": false,
					"trimmed": true,
					"spriteSourceSize": {
						"x": 38,
						"y": 34,
						"w": 180,
						"h": 232
					},
					"sourceSize": {
						"w": 298,
						"h": 300
					},
					"anchor": {
						"x": 0.5,
						"y": 0.8
					}
				},
				{
					"filename": "walk/W/0003",
					"frame": {
						"x": 881,
						"y": 2642,
						"w": 217,
						"h": 235
					},
					"rotated": false,
					"trimmed": true,
					"spriteSourceSize": {
						"x": 36,
						"y": 34,
						"w": 217,
						"h": 235
					},
					"sourceSize": {
						"w": 298,
						"h": 300
					},
					"anchor": {
						"x": 0.5,
						"y": 0.8
					}
				},
				{
					"filename": "walk/W/0004",
					"frame": {
						"x": 1098,
						"y": 2642,
						"w": 196,
						"h": 231
					},
					"rotated": false,
					"trimmed": true,
					"spriteSourceSize": {
						"x": 57,
						"y": 34,
						"w": 196,
						"h": 231
					},
					"sourceSize": {
						"w": 298,
						"h": 300
					},
					"anchor": {
						"x": 0.5,
						"y": 0.8
					}
				},
				{
					"filename": "walk/W/0005",
					"frame": {
						"x": 1294,
						"y": 2642,
						"w": 131,
						"h": 232
					},
					"rotated": false,
					"trimmed": true,
					"spriteSourceSize": {
						"x": 83,
						"y": 34,
						"w": 131,
						"h": 232
					},
					"sourceSize": {
						"w": 298,
						"h": 300
					},
					"anchor": {
						"x": 0.5,
						"y": 0.8
					}
				},
				{
					"filename": "walk/W/0006",
					"frame": {
						"x": 1425,
						"y": 2642,
						"w": 164,
						"h": 233
					},
					"rotated": false,
					"trimmed": true,
					"spriteSourceSize": {
						"x": 58,
						"y": 34,
						"w": 164,
						"h": 233
					},
					"sourceSize": {
						"w": 298,
						"h": 300
					},
					"anchor": {
						"x": 0.5,
						"y": 0.8
					}
				}
			]
		}
	],
	"meta": {
		"app": "https://www.codeandweb.com/texturepacker",
		"version": "3.0",
		"smartupdate": "$TexturePacker:SmartUpdate:1dbee5019ab3ed559cf7203687e96fef:fc2aec8088f6071f78ce4c85fd8f0d65:2d9aa5eba5aa9e96064ea07618f6298d$"
	}
}
