{
	"textures": [
		{
			"image": "ice_monster.png",
			"format": "RGBA8888",
			"size": {
				"w": 2573,
				"h": 2573
			},
			"scale": 1,
			"frames": [
				{
					"filename": "death/E/0001",
					"frame": {
						"x": 0,
						"y": 0,
						"w": 93,
						"h": 224
					},
					"rotated": false,
					"trimmed": true,
					"spriteSourceSize": {
						"x": 98,
						"y": 42,
						"w": 93,
						"h": 224
					},
					"sourceSize": {
						"w": 298,
						"h": 300
					},
					"anchor": {
						"x": 0.5,
						"y": 0.8
					}
				},
				{
					"filename": "death/E/0002",
					"frame": {
						"x": 93,
						"y": 0,
						"w": 119,
						"h": 177
					},
					"rotated": false,
					"trimmed": true,
					"spriteSourceSize": {
						"x": 77,
						"y": 94,
						"w": 119,
						"h": 177
					},
					"sourceSize": {
						"w": 298,
						"h": 300
					},
					"anchor": {
						"x": 0.5,
						"y": 0.8
					}
				},
				{
					"filename": "death/E/0003",
					"frame": {
						"x": 212,
						"y": 0,
						"w": 181,
						"h": 140
					},
					"rotated": false,
					"trimmed": true,
					"spriteSourceSize": {
						"x": 57,
						"y": 125,
						"w": 181,
						"h": 140
					},
					"sourceSize": {
						"w": 298,
						"h": 300
					},
					"anchor": {
						"x": 0.5,
						"y": 0.8
					}
				},
				{
					"filename": "death/E/0004",
					"frame": {
						"x": 393,
						"y": 0,
						"w": 183,
						"h": 111
					},
					"rotated": false,
					"trimmed": true,
					"spriteSourceSize": {
						"x": 53,
						"y": 154,
						"w": 183,
						"h": 111
					},
					"sourceSize": {
						"w": 298,
						"h": 300
					},
					"anchor": {
						"x": 0.5,
						"y": 0.8
					}
				},
				{
					"filename": "death/E/0005",
					"frame": {
						"x": 576,
						"y": 0,
						"w": 202,
						"h": 85
					},
					"rotated": false,
					"trimmed": true,
					"spriteSourceSize": {
						"x": 59,
						"y": 180,
						"w": 202,
						"h": 85
					},
					"sourceSize": {
						"w": 298,
						"h": 300
					},
					"anchor": {
						"x": 0.5,
						"y": 0.8
					}
				},
				{
					"filename": "death/E/0006",
					"frame": {
						"x": 778,
						"y": 0,
						"w": 187,
						"h": 69
					},
					"rotated": false,
					"trimmed": true,
					"spriteSourceSize": {
						"x": 68,
						"y": 195,
						"w": 187,
						"h": 69
					},
					"sourceSize": {
						"w": 298,
						"h": 300
					},
					"anchor": {
						"x": 0.5,
						"y": 0.8
					}
				},
				{
					"filename": "death/N/0001",
					"frame": {
						"x": 965,
						"y": 0,
						"w": 140,
						"h": 220
					},
					"rotated": false,
					"trimmed": true,
					"spriteSourceSize": {
						"x": 79,
						"y": 41,
						"w": 140,
						"h": 220
					},
					"sourceSize": {
						"w": 298,
						"h": 300
					},
					"anchor": {
						"x": 0.5,
						"y": 0.8
					}
				},
				{
					"filename": "death/N/0002",
					"frame": {
						"x": 1105,
						"y": 0,
						"w": 191,
						"h": 169
					},
					"rotated": false,
					"trimmed": true,
					"spriteSourceSize": {
						"x": 50,
						"y": 96,
						"w": 191,
						"h": 169
					},
					"sourceSize": {
						"w": 298,
						"h": 300
					},
					"anchor": {
						"x": 0.5,
						"y": 0.8
					}
				},
				{
					"filename": "death/N/0003",
					"frame": {
						"x": 1296,
						"y": 0,
						"w": 145,
						"h": 119
					},
					"rotated": false,
					"trimmed": true,
					"spriteSourceSize": {
						"x": 72,
						"y": 152,
						"w": 145,
						"h": 119
					},
					"sourceSize": {
						"w": 298,
						"h": 300
					},
					"anchor": {
						"x": 0.5,
						"y": 0.8
					}
				},
				{
					"filename": "death/N/0004",
					"frame": {
						"x": 1441,
						"y": 0,
						"w": 147,
						"h": 115
					},
					"rotated": false,
					"trimmed": true,
					"spriteSourceSize": {
						"x": 71,
						"y": 157,
						"w": 147,
						"h": 115
					},
					"sourceSize": {
						"w": 298,
						"h": 300
					},
					"anchor": {
						"x": 0.5,
						"y": 0.8
					}
				},
				{
					"filename": "death/N/0005",
					"frame": {
						"x": 1588,
						"y": 0,
						"w": 114,
						"h": 95
					},
					"rotated": false,
					"trimmed": true,
					"spriteSourceSize": {
						"x": 100,
						"y": 176,
						"w": 114,
						"h": 95
					},
					"sourceSize": {
						"w": 298,
						"h": 300
					},
					"anchor": {
						"x": 0.5,
						"y": 0.8
					}
				},
				{
					"filename": "death/N/0006",
					"frame": {
						"x": 1702,
						"y": 0,
						"w": 104,
						"h": 85
					},
					"rotated": false,
					"trimmed": true,
					"spriteSourceSize": {
						"x": 102,
						"y": 184,
						"w": 104,
						"h": 85
					},
					"sourceSize": {
						"w": 298,
						"h": 300
					},
					"anchor": {
						"x": 0.5,
						"y": 0.8
					}
				},
				{
					"filename": "death/NE/0001",
					"frame": {
						"x": 1806,
						"y": 0,
						"w": 97,
						"h": 226
					},
					"rotated": false,
					"trimmed": true,
					"spriteSourceSize": {
						"x": 95,
						"y": 41,
						"w": 97,
						"h": 226
					},
					"sourceSize": {
						"w": 298,
						"h": 300
					},
					"anchor": {
						"x": 0.5,
						"y": 0.8
					}
				},
				{
					"filename": "death/NE/0002",
					"frame": {
						"x": 1903,
						"y": 0,
						"w": 126,
						"h": 175
					},
					"rotated": false,
					"trimmed": true,
					"spriteSourceSize": {
						"x": 66,
						"y": 99,
						"w": 126,
						"h": 175
					},
					"sourceSize": {
						"w": 298,
						"h": 300
					},
					"anchor": {
						"x": 0.5,
						"y": 0.8
					}
				},
				{
					"filename": "death/NE/0003",
					"frame": {
						"x": 2029,
						"y": 0,
						"w": 160,
						"h": 136
					},
					"rotated": false,
					"trimmed": true,
					"spriteSourceSize": {
						"x": 48,
						"y": 138,
						"w": 160,
						"h": 136
					},
					"sourceSize": {
						"w": 298,
						"h": 300
					},
					"anchor": {
						"x": 0.5,
						"y": 0.8
					}
				},
				{
					"filename": "death/NE/0004",
					"frame": {
						"x": 2189,
						"y": 0,
						"w": 157,
						"h": 119
					},
					"rotated": false,
					"trimmed": true,
					"spriteSourceSize": {
						"x": 54,
						"y": 155,
						"w": 157,
						"h": 119
					},
					"sourceSize": {
						"w": 298,
						"h": 300
					},
					"anchor": {
						"x": 0.5,
						"y": 0.8
					}
				},
				{
					"filename": "death/NE/0005",
					"frame": {
						"x": 2346,
						"y": 0,
						"w": 108,
						"h": 92
					},
					"rotated": false,
					"trimmed": true,
					"spriteSourceSize": {
						"x": 105,
						"y": 181,
						"w": 108,
						"h": 92
					},
					"sourceSize": {
						"w": 298,
						"h": 300
					},
					"anchor": {
						"x": 0.5,
						"y": 0.8
					}
				},
				{
					"filename": "death/NE/0006",
					"frame": {
						"x": 2454,
						"y": 0,
						"w": 104,
						"h": 83
					},
					"rotated": false,
					"trimmed": true,
					"spriteSourceSize": {
						"x": 109,
						"y": 190,
						"w": 104,
						"h": 83
					},
					"sourceSize": {
						"w": 298,
						"h": 300
					},
					"anchor": {
						"x": 0.5,
						"y": 0.8
					}
				},
				{
					"filename": "death/NW/0001",
					"frame": {
						"x": 0,
						"y": 226,
						"w": 135,
						"h": 222
					},
					"rotated": false,
					"trimmed": true,
					"spriteSourceSize": {
						"x": 98,
						"y": 40,
						"w": 135,
						"h": 222
					},
					"sourceSize": {
						"w": 298,
						"h": 300
					},
					"anchor": {
						"x": 0.5,
						"y": 0.8
					}
				},
				{
					"filename": "death/NW/0002",
					"frame": {
						"x": 135,
						"y": 226,
						"w": 176,
						"h": 176
					},
					"rotated": false,
					"trimmed": true,
					"spriteSourceSize": {
						"x": 89,
						"y": 91,
						"w": 176,
						"h": 176
					},
					"sourceSize": {
						"w": 298,
						"h": 300
					},
					"anchor": {
						"x": 0.5,
						"y": 0.8
					}
				},
				{
					"filename": "death/NW/0003",
					"frame": {
						"x": 311,
						"y": 226,
						"w": 187,
						"h": 117
					},
					"rotated": false,
					"trimmed": true,
					"spriteSourceSize": {
						"x": 71,
						"y": 153,
						"w": 187,
						"h": 117
					},
					"sourceSize": {
						"w": 298,
						"h": 300
					},
					"anchor": {
						"x": 0.5,
						"y": 0.8
					}
				},
				{
					"filename": "death/NW/0004",
					"frame": {
						"x": 498,
						"y": 226,
						"w": 193,
						"h": 103
					},
					"rotated": false,
					"trimmed": true,
					"spriteSourceSize": {
						"x": 68,
						"y": 163,
						"w": 193,
						"h": 103
					},
					"sourceSize": {
						"w": 298,
						"h": 300
					},
					"anchor": {
						"x": 0.5,
						"y": 0.8
					}
				},
				{
					"filename": "death/NW/0005",
					"frame": {
						"x": 691,
						"y": 226,
						"w": 196,
						"h": 75
					},
					"rotated": false,
					"trimmed": true,
					"spriteSourceSize": {
						"x": 54,
						"y": 186,
						"w": 196,
						"h": 75
					},
					"sourceSize": {
						"w": 298,
						"h": 300
					},
					"anchor": {
						"x": 0.5,
						"y": 0.8
					}
				},
				{
					"filename": "death/NW/0006",
					"frame": {
						"x": 887,
						"y": 226,
						"w": 195,
						"h": 68
					},
					"rotated": false,
					"trimmed": true,
					"spriteSourceSize": {
						"x": 55,
						"y": 191,
						"w": 195,
						"h": 68
					},
					"sourceSize": {
						"w": 298,
						"h": 300
					},
					"anchor": {
						"x": 0.5,
						"y": 0.8
					}
				},
				{
					"filename": "death/S/0001",
					"frame": {
						"x": 1082,
						"y": 226,
						"w": 140,
						"h": 220
					},
					"rotated": false,
					"trimmed": true,
					"spriteSourceSize": {
						"x": 86,
						"y": 40,
						"w": 140,
						"h": 220
					},
					"sourceSize": {
						"w": 298,
						"h": 300
					},
					"anchor": {
						"x": 0.5,
						"y": 0.8
					}
				},
				{
					"filename": "death/S/0002",
					"frame": {
						"x": 1222,
						"y": 226,
						"w": 189,
						"h": 177
					},
					"rotated": false,
					"trimmed": true,
					"spriteSourceSize": {
						"x": 65,
						"y": 84,
						"w": 189,
						"h": 177
					},
					"sourceSize": {
						"w": 298,
						"h": 300
					},
					"anchor": {
						"x": 0.5,
						"y": 0.8
					}
				},
				{
					"filename": "death/S/0003",
					"frame": {
						"x": 1411,
						"y": 226,
						"w": 145,
						"h": 144
					},
					"rotated": false,
					"trimmed": true,
					"spriteSourceSize": {
						"x": 87,
						"y": 125,
						"w": 145,
						"h": 144
					},
					"sourceSize": {
						"w": 298,
						"h": 300
					},
					"anchor": {
						"x": 0.5,
						"y": 0.8
					}
				},
				{
					"filename": "death/S/0004",
					"frame": {
						"x": 1556,
						"y": 226,
						"w": 147,
						"h": 111
					},
					"rotated": false,
					"trimmed": true,
					"spriteSourceSize": {
						"x": 86,
						"y": 158,
						"w": 147,
						"h": 111
					},
					"sourceSize": {
						"w": 298,
						"h": 300
					},
					"anchor": {
						"x": 0.5,
						"y": 0.8
					}
				},
				{
					"filename": "death/S/0005",
					"frame": {
						"x": 1703,
						"y": 226,
						"w": 113,
						"h": 87
					},
					"rotated": false,
					"trimmed": true,
					"spriteSourceSize": {
						"x": 91,
						"y": 187,
						"w": 113,
						"h": 87
					},
					"sourceSize": {
						"w": 298,
						"h": 300
					},
					"anchor": {
						"x": 0.5,
						"y": 0.8
					}
				},
				{
					"filename": "death/S/0006",
					"frame": {
						"x": 1816,
						"y": 226,
						"w": 103,
						"h": 83
					},
					"rotated": false,
					"trimmed": true,
					"spriteSourceSize": {
						"x": 98,
						"y": 191,
						"w": 103,
						"h": 83
					},
					"sourceSize": {
						"w": 298,
						"h": 300
					},
					"anchor": {
						"x": 0.5,
						"y": 0.8
					}
				},
				{
					"filename": "death/SE/0001",
					"frame": {
						"x": 1919,
						"y": 226,
						"w": 135,
						"h": 219
					},
					"rotated": false,
					"trimmed": true,
					"spriteSourceSize": {
						"x": 71,
						"y": 41,
						"w": 135,
						"h": 219
					},
					"sourceSize": {
						"w": 298,
						"h": 300
					},
					"anchor": {
						"x": 0.5,
						"y": 0.8
					}
				},
				{
					"filename": "death/SE/0002",
					"frame": {
						"x": 2054,
						"y": 226,
						"w": 175,
						"h": 170
					},
					"rotated": false,
					"trimmed": true,
					"spriteSourceSize": {
						"x": 40,
						"y": 90,
						"w": 175,
						"h": 170
					},
					"sourceSize": {
						"w": 298,
						"h": 300
					},
					"anchor": {
						"x": 0.5,
						"y": 0.8
					}
				},
				{
					"filename": "death/SE/0003",
					"frame": {
						"x": 2229,
						"y": 226,
						"w": 187,
						"h": 144
					},
					"rotated": false,
					"trimmed": true,
					"spriteSourceSize": {
						"x": 46,
						"y": 119,
						"w": 187,
						"h": 144
					},
					"sourceSize": {
						"w": 298,
						"h": 300
					},
					"anchor": {
						"x": 0.5,
						"y": 0.8
					}
				},
				{
					"filename": "death/SE/0004",
					"frame": {
						"x": 0,
						"y": 448,
						"w": 193,
						"h": 114
					},
					"rotated": false,
					"trimmed": true,
					"spriteSourceSize": {
						"x": 43,
						"y": 150,
						"w": 193,
						"h": 114
					},
					"sourceSize": {
						"w": 298,
						"h": 300
					},
					"anchor": {
						"x": 0.5,
						"y": 0.8
					}
				},
				{
					"filename": "death/SE/0005",
					"frame": {
						"x": 193,
						"y": 448,
						"w": 201,
						"h": 78
					},
					"rotated": false,
					"trimmed": true,
					"spriteSourceSize": {
						"x": 50,
						"y": 185,
						"w": 201,
						"h": 78
					},
					"sourceSize": {
						"w": 298,
						"h": 300
					},
					"anchor": {
						"x": 0.5,
						"y": 0.8
					}
				},
				{
					"filename": "death/SE/0006",
					"frame": {
						"x": 394,
						"y": 448,
						"w": 191,
						"h": 78
					},
					"rotated": false,
					"trimmed": true,
					"spriteSourceSize": {
						"x": 57,
						"y": 186,
						"w": 191,
						"h": 78
					},
					"sourceSize": {
						"w": 298,
						"h": 300
					},
					"anchor": {
						"x": 0.5,
						"y": 0.8
					}
				},
				{
					"filename": "death/SW/0001",
					"frame": {
						"x": 585,
						"y": 448,
						"w": 96,
						"h": 222
					},
					"rotated": false,
					"trimmed": true,
					"spriteSourceSize": {
						"x": 114,
						"y": 40,
						"w": 96,
						"h": 222
					},
					"sourceSize": {
						"w": 298,
						"h": 300
					},
					"anchor": {
						"x": 0.5,
						"y": 0.8
					}
				},
				{
					"filename": "death/SW/0002",
					"frame": {
						"x": 681,
						"y": 448,
						"w": 125,
						"h": 179
					},
					"rotated": false,
					"trimmed": true,
					"spriteSourceSize": {
						"x": 113,
						"y": 82,
						"w": 125,
						"h": 179
					},
					"sourceSize": {
						"w": 298,
						"h": 300
					},
					"anchor": {
						"x": 0.5,
						"y": 0.8
					}
				},
				{
					"filename": "death/SW/0003",
					"frame": {
						"x": 806,
						"y": 448,
						"w": 160,
						"h": 129
					},
					"rotated": false,
					"trimmed": true,
					"spriteSourceSize": {
						"x": 96,
						"y": 139,
						"w": 160,
						"h": 129
					},
					"sourceSize": {
						"w": 298,
						"h": 300
					},
					"anchor": {
						"x": 0.5,
						"y": 0.8
					}
				},
				{
					"filename": "death/SW/0004",
					"frame": {
						"x": 966,
						"y": 448,
						"w": 158,
						"h": 98
					},
					"rotated": false,
					"trimmed": true,
					"spriteSourceSize": {
						"x": 93,
						"y": 170,
						"w": 158,
						"h": 98
					},
					"sourceSize": {
						"w": 298,
						"h": 300
					},
					"anchor": {
						"x": 0.5,
						"y": 0.8
					}
				},
				{
					"filename": "death/SW/0005",
					"frame": {
						"x": 1124,
						"y": 448,
						"w": 104,
						"h": 88
					},
					"rotated": false,
					"trimmed": true,
					"spriteSourceSize": {
						"x": 92,
						"y": 184,
						"w": 104,
						"h": 88
					},
					"sourceSize": {
						"w": 298,
						"h": 300
					},
					"anchor": {
						"x": 0.5,
						"y": 0.8
					}
				},
				{
					"filename": "death/SW/0006",
					"frame": {
						"x": 1228,
						"y": 448,
						"w": 104,
						"h": 87
					},
					"rotated": false,
					"trimmed": true,
					"spriteSourceSize": {
						"x": 92,
						"y": 185,
						"w": 104,
						"h": 87
					},
					"sourceSize": {
						"w": 298,
						"h": 300
					},
					"anchor": {
						"x": 0.5,
						"y": 0.8
					}
				},
				{
					"filename": "death/W/0001",
					"frame": {
						"x": 1332,
						"y": 448,
						"w": 93,
						"h": 226
					},
					"rotated": false,
					"trimmed": true,
					"spriteSourceSize": {
						"x": 113,
						"y": 39,
						"w": 93,
						"h": 226
					},
					"sourceSize": {
						"w": 298,
						"h": 300
					},
					"anchor": {
						"x": 0.5,
						"y": 0.8
					}
				},
				{
					"filename": "death/W/0002",
					"frame": {
						"x": 1425,
						"y": 448,
						"w": 119,
						"h": 184
					},
					"rotated": false,
					"trimmed": true,
					"spriteSourceSize": {
						"x": 108,
						"y": 85,
						"w": 119,
						"h": 184
					},
					"sourceSize": {
						"w": 298,
						"h": 300
					},
					"anchor": {
						"x": 0.5,
						"y": 0.8
					}
				},
				{
					"filename": "death/W/0003",
					"frame": {
						"x": 1544,
						"y": 448,
						"w": 180,
						"h": 116
					},
					"rotated": false,
					"trimmed": true,
					"spriteSourceSize": {
						"x": 67,
						"y": 148,
						"w": 180,
						"h": 116
					},
					"sourceSize": {
						"w": 298,
						"h": 300
					},
					"anchor": {
						"x": 0.5,
						"y": 0.8
					}
				},
				{
					"filename": "death/W/0004",
					"frame": {
						"x": 1724,
						"y": 448,
						"w": 182,
						"h": 91
					},
					"rotated": false,
					"trimmed": true,
					"spriteSourceSize": {
						"x": 69,
						"y": 171,
						"w": 182,
						"h": 91
					},
					"sourceSize": {
						"w": 298,
						"h": 300
					},
					"anchor": {
						"x": 0.5,
						"y": 0.8
					}
				},
				{
					"filename": "death/W/0005",
					"frame": {
						"x": 1906,
						"y": 448,
						"w": 196,
						"h": 76
					},
					"rotated": false,
					"trimmed": true,
					"spriteSourceSize": {
						"x": 42,
						"y": 186,
						"w": 196,
						"h": 76
					},
					"sourceSize": {
						"w": 298,
						"h": 300
					},
					"anchor": {
						"x": 0.5,
						"y": 0.8
					}
				},
				{
					"filename": "death/W/0006",
					"frame": {
						"x": 2102,
						"y": 448,
						"w": 188,
						"h": 74
					},
					"rotated": false,
					"trimmed": true,
					"spriteSourceSize": {
						"x": 48,
						"y": 187,
						"w": 188,
						"h": 74
					},
					"sourceSize": {
						"w": 298,
						"h": 300
					},
					"anchor": {
						"x": 0.5,
						"y": 0.8
					}
				},
				{
					"filename": "fight/E/0001",
					"frame": {
						"x": 2290,
						"y": 448,
						"w": 90,
						"h": 227
					},
					"rotated": false,
					"trimmed": true,
					"spriteSourceSize": {
						"x": 101,
						"y": 38,
						"w": 90,
						"h": 227
					},
					"sourceSize": {
						"w": 298,
						"h": 300
					},
					"anchor": {
						"x": 0.5,
						"y": 0.8
					}
				},
				{
					"filename": "fight/E/0002",
					"frame": {
						"x": 2380,
						"y": 448,
						"w": 90,
						"h": 228
					},
					"rotated": false,
					"trimmed": true,
					"spriteSourceSize": {
						"x": 104,
						"y": 40,
						"w": 90,
						"h": 228
					},
					"sourceSize": {
						"w": 298,
						"h": 300
					},
					"anchor": {
						"x": 0.5,
						"y": 0.8
					}
				},
				{
					"filename": "fight/E/0003",
					"frame": {
						"x": 0,
						"y": 676,
						"w": 184,
						"h": 225
					},
					"rotated": false,
					"trimmed": true,
					"spriteSourceSize": {
						"x": 92,
						"y": 37,
						"w": 184,
						"h": 225
					},
					"sourceSize": {
						"w": 298,
						"h": 300
					},
					"anchor": {
						"x": 0.5,
						"y": 0.8
					}
				},
				{
					"filename": "fight/E/0004",
					"frame": {
						"x": 184,
						"y": 676,
						"w": 185,
						"h": 223
					},
					"rotated": false,
					"trimmed": true,
					"spriteSourceSize": {
						"x": 95,
						"y": 37,
						"w": 185,
						"h": 223
					},
					"sourceSize": {
						"w": 298,
						"h": 300
					},
					"anchor": {
						"x": 0.5,
						"y": 0.8
					}
				},
				{
					"filename": "fight/E/0005",
					"frame": {
						"x": 369,
						"y": 676,
						"w": 182,
						"h": 231
					},
					"rotated": false,
					"trimmed": true,
					"spriteSourceSize": {
						"x": 95,
						"y": 39,
						"w": 182,
						"h": 231
					},
					"sourceSize": {
						"w": 298,
						"h": 300
					},
					"anchor": {
						"x": 0.5,
						"y": 0.8
					}
				},
				{
					"filename": "fight/E/0006",
					"frame": {
						"x": 551,
						"y": 676,
						"w": 186,
						"h": 227
					},
					"rotated": false,
					"trimmed": true,
					"spriteSourceSize": {
						"x": 92,
						"y": 38,
						"w": 186,
						"h": 227
					},
					"sourceSize": {
						"w": 298,
						"h": 300
					},
					"anchor": {
						"x": 0.5,
						"y": 0.8
					}
				},
				{
					"filename": "fight/N/0001",
					"frame": {
						"x": 737,
						"y": 676,
						"w": 138,
						"h": 225
					},
					"rotated": false,
					"trimmed": true,
					"spriteSourceSize": {
						"x": 83,
						"y": 36,
						"w": 138,
						"h": 225
					},
					"sourceSize": {
						"w": 298,
						"h": 300
					},
					"anchor": {
						"x": 0.5,
						"y": 0.8
					}
				},
				{
					"filename": "fight/N/0002",
					"frame": {
						"x": 875,
						"y": 676,
						"w": 152,
						"h": 222
					},
					"rotated": false,
					"trimmed": true,
					"spriteSourceSize": {
						"x": 101,
						"y": 38,
						"w": 152,
						"h": 222
					},
					"sourceSize": {
						"w": 298,
						"h": 300
					},
					"anchor": {
						"x": 0.5,
						"y": 0.8
					}
				},
				{
					"filename": "fight/N/0003",
					"frame": {
						"x": 1027,
						"y": 676,
						"w": 148,
						"h": 225
					},
					"rotated": false,
					"trimmed": true,
					"spriteSourceSize": {
						"x": 106,
						"y": 38,
						"w": 148,
						"h": 225
					},
					"sourceSize": {
						"w": 298,
						"h": 300
					},
					"anchor": {
						"x": 0.5,
						"y": 0.8
					}
				},
				{
					"filename": "fight/N/0004",
					"frame": {
						"x": 1175,
						"y": 676,
						"w": 157,
						"h": 225
					},
					"rotated": false,
					"trimmed": true,
					"spriteSourceSize": {
						"x": 101,
						"y": 37,
						"w": 157,
						"h": 225
					},
					"sourceSize": {
						"w": 298,
						"h": 300
					},
					"anchor": {
						"x": 0.5,
						"y": 0.8
					}
				},
				{
					"filename": "fight/N/0005",
					"frame": {
						"x": 1332,
						"y": 676,
						"w": 164,
						"h": 221
					},
					"rotated": false,
					"trimmed": true,
					"spriteSourceSize": {
						"x": 94,
						"y": 37,
						"w": 164,
						"h": 221
					},
					"sourceSize": {
						"w": 298,
						"h": 300
					},
					"anchor": {
						"x": 0.5,
						"y": 0.8
					}
				},
				{
					"filename": "fight/N/0006",
					"frame": {
						"x": 1496,
						"y": 676,
						"w": 177,
						"h": 225
					},
					"rotated": false,
					"trimmed": true,
					"spriteSourceSize": {
						"x": 84,
						"y": 36,
						"w": 177,
						"h": 225
					},
					"sourceSize": {
						"w": 298,
						"h": 300
					},
					"anchor": {
						"x": 0.5,
						"y": 0.8
					}
				},
				{
					"filename": "fight/NE/0001",
					"frame": {
						"x": 1673,
						"y": 676,
						"w": 98,
						"h": 231
					},
					"rotated": false,
					"trimmed": true,
					"spriteSourceSize": {
						"x": 94,
						"y": 37,
						"w": 98,
						"h": 231
					},
					"sourceSize": {
						"w": 298,
						"h": 300
					},
					"anchor": {
						"x": 0.5,
						"y": 0.8
					}
				},
				{
					"filename": "fight/NE/0002",
					"frame": {
						"x": 1771,
						"y": 676,
						"w": 148,
						"h": 225
					},
					"rotated": false,
					"trimmed": true,
					"spriteSourceSize": {
						"x": 89,
						"y": 39,
						"w": 148,
						"h": 225
					},
					"sourceSize": {
						"w": 298,
						"h": 300
					},
					"anchor": {
						"x": 0.5,
						"y": 0.8
					}
				},
				{
					"filename": "fight/NE/0003",
					"frame": {
						"x": 1919,
						"y": 676,
						"w": 162,
						"h": 225
					},
					"rotated": false,
					"trimmed": true,
					"spriteSourceSize": {
						"x": 110,
						"y": 37,
						"w": 162,
						"h": 225
					},
					"sourceSize": {
						"w": 298,
						"h": 300
					},
					"anchor": {
						"x": 0.5,
						"y": 0.8
					}
				},
				{
					"filename": "fight/NE/0004",
					"frame": {
						"x": 2081,
						"y": 676,
						"w": 152,
						"h": 228
					},
					"rotated": false,
					"trimmed": true,
					"spriteSourceSize": {
						"x": 119,
						"y": 36,
						"w": 152,
						"h": 228
					},
					"sourceSize": {
						"w": 298,
						"h": 300
					},
					"anchor": {
						"x": 0.5,
						"y": 0.8
					}
				},
				{
					"filename": "fight/NE/0005",
					"frame": {
						"x": 2233,
						"y": 676,
						"w": 179,
						"h": 227
					},
					"rotated": false,
					"trimmed": true,
					"spriteSourceSize": {
						"x": 91,
						"y": 38,
						"w": 179,
						"h": 227
					},
					"sourceSize": {
						"w": 298,
						"h": 300
					},
					"anchor": {
						"x": 0.5,
						"y": 0.8
					}
				},
				{
					"filename": "fight/NE/0006",
					"frame": {
						"x": 0,
						"y": 907,
						"w": 174,
						"h": 231
					},
					"rotated": false,
					"trimmed": true,
					"spriteSourceSize": {
						"x": 98,
						"y": 37,
						"w": 174,
						"h": 231
					},
					"sourceSize": {
						"w": 298,
						"h": 300
					},
					"anchor": {
						"x": 0.5,
						"y": 0.8
					}
				},
				{
					"filename": "fight/NW/0001",
					"frame": {
						"x": 174,
						"y": 907,
						"w": 127,
						"h": 225
					},
					"rotated": false,
					"trimmed": true,
					"spriteSourceSize": {
						"x": 105,
						"y": 36,
						"w": 127,
						"h": 225
					},
					"sourceSize": {
						"w": 298,
						"h": 300
					},
					"anchor": {
						"x": 0.5,
						"y": 0.8
					}
				},
				{
					"filename": "fight/NW/0002",
					"frame": {
						"x": 301,
						"y": 907,
						"w": 119,
						"h": 225
					},
					"rotated": false,
					"trimmed": true,
					"spriteSourceSize": {
						"x": 111,
						"y": 38,
						"w": 119,
						"h": 225
					},
					"sourceSize": {
						"w": 298,
						"h": 300
					},
					"anchor": {
						"x": 0.5,
						"y": 0.8
					}
				},
				{
					"filename": "fight/NW/0003",
					"frame": {
						"x": 420,
						"y": 907,
						"w": 148,
						"h": 220
					},
					"rotated": false,
					"trimmed": true,
					"spriteSourceSize": {
						"x": 87,
						"y": 39,
						"w": 148,
						"h": 220
					},
					"sourceSize": {
						"w": 298,
						"h": 300
					},
					"anchor": {
						"x": 0.5,
						"y": 0.8
					}
				},
				{
					"filename": "fight/NW/0004",
					"frame": {
						"x": 568,
						"y": 907,
						"w": 176,
						"h": 219
					},
					"rotated": false,
					"trimmed": true,
					"spriteSourceSize": {
						"x": 62,
						"y": 38,
						"w": 176,
						"h": 219
					},
					"sourceSize": {
						"w": 298,
						"h": 300
					},
					"anchor": {
						"x": 0.5,
						"y": 0.8
					}
				},
				{
					"filename": "fight/NW/0005",
					"frame": {
						"x": 744,
						"y": 907,
						"w": 176,
						"h": 227
					},
					"rotated": false,
					"trimmed": true,
					"spriteSourceSize": {
						"x": 63,
						"y": 36,
						"w": 176,
						"h": 227
					},
					"sourceSize": {
						"w": 298,
						"h": 300
					},
					"anchor": {
						"x": 0.5,
						"y": 0.8
					}
				},
				{
					"filename": "fight/NW/0006",
					"frame": {
						"x": 920,
						"y": 907,
						"w": 180,
						"h": 225
					},
					"rotated": false,
					"trimmed": true,
					"spriteSourceSize": {
						"x": 61,
						"y": 36,
						"w": 180,
						"h": 225
					},
					"sourceSize": {
						"w": 298,
						"h": 300
					},
					"anchor": {
						"x": 0.5,
						"y": 0.8
					}
				},
				{
					"filename": "fight/S/0001",
					"frame": {
						"x": 1100,
						"y": 907,
						"w": 137,
						"h": 222
					},
					"rotated": false,
					"trimmed": true,
					"spriteSourceSize": {
						"x": 84,
						"y": 38,
						"w": 137,
						"h": 222
					},
					"sourceSize": {
						"w": 298,
						"h": 300
					},
					"anchor": {
						"x": 0.5,
						"y": 0.8
					}
				},
				{
					"filename": "fight/S/0002",
					"frame": {
						"x": 1237,
						"y": 907,
						"w": 152,
						"h": 222
					},
					"rotated": false,
					"trimmed": true,
					"spriteSourceSize": {
						"x": 52,
						"y": 39,
						"w": 152,
						"h": 222
					},
					"sourceSize": {
						"w": 298,
						"h": 300
					},
					"anchor": {
						"x": 0.5,
						"y": 0.8
					}
				},
				{
					"filename": "fight/S/0003",
					"frame": {
						"x": 1389,
						"y": 907,
						"w": 149,
						"h": 232
					},
					"rotated": false,
					"trimmed": true,
					"spriteSourceSize": {
						"x": 50,
						"y": 39,
						"w": 149,
						"h": 232
					},
					"sourceSize": {
						"w": 298,
						"h": 300
					},
					"anchor": {
						"x": 0.5,
						"y": 0.8
					}
				},
				{
					"filename": "fight/S/0004",
					"frame": {
						"x": 1538,
						"y": 907,
						"w": 157,
						"h": 232
					},
					"rotated": false,
					"trimmed": true,
					"spriteSourceSize": {
						"x": 47,
						"y": 40,
						"w": 157,
						"h": 232
					},
					"sourceSize": {
						"w": 298,
						"h": 300
					},
					"anchor": {
						"x": 0.5,
						"y": 0.8
					}
				},
				{
					"filename": "fight/S/0005",
					"frame": {
						"x": 1695,
						"y": 907,
						"w": 164,
						"h": 222
					},
					"rotated": false,
					"trimmed": true,
					"spriteSourceSize": {
						"x": 46,
						"y": 38,
						"w": 164,
						"h": 222
					},
					"sourceSize": {
						"w": 298,
						"h": 300
					},
					"anchor": {
						"x": 0.5,
						"y": 0.8
					}
				},
				{
					"filename": "fight/S/0006",
					"frame": {
						"x": 1859,
						"y": 907,
						"w": 176,
						"h": 222
					},
					"rotated": false,
					"trimmed": true,
					"spriteSourceSize": {
						"x": 44,
						"y": 38,
						"w": 176,
						"h": 222
					},
					"sourceSize": {
						"w": 298,
						"h": 300
					},
					"anchor": {
						"x": 0.5,
						"y": 0.8
					}
				},
				{
					"filename": "fight/SE/0001",
					"frame": {
						"x": 2035,
						"y": 907,
						"w": 127,
						"h": 221
					},
					"rotated": false,
					"trimmed": true,
					"spriteSourceSize": {
						"x": 73,
						"y": 39,
						"w": 127,
						"h": 221
					},
					"sourceSize": {
						"w": 298,
						"h": 300
					},
					"anchor": {
						"x": 0.5,
						"y": 0.8
					}
				},
				{
					"filename": "fight/SE/0002",
					"frame": {
						"x": 2162,
						"y": 907,
						"w": 119,
						"h": 229
					},
					"rotated": false,
					"trimmed": true,
					"spriteSourceSize": {
						"x": 75,
						"y": 40,
						"w": 119,
						"h": 229
					},
					"sourceSize": {
						"w": 298,
						"h": 300
					},
					"anchor": {
						"x": 0.5,
						"y": 0.8
					}
				},
				{
					"filename": "fight/SE/0003",
					"frame": {
						"x": 2281,
						"y": 907,
						"w": 148,
						"h": 232
					},
					"rotated": false,
					"trimmed": true,
					"spriteSourceSize": {
						"x": 69,
						"y": 38,
						"w": 148,
						"h": 232
					},
					"sourceSize": {
						"w": 298,
						"h": 300
					},
					"anchor": {
						"x": 0.5,
						"y": 0.8
					}
				},
				{
					"filename": "fight/SE/0004",
					"frame": {
						"x": 0,
						"y": 1139,
						"w": 176,
						"h": 230
					},
					"rotated": false,
					"trimmed": true,
					"spriteSourceSize": {
						"x": 66,
						"y": 38,
						"w": 176,
						"h": 230
					},
					"sourceSize": {
						"w": 298,
						"h": 300
					},
					"anchor": {
						"x": 0.5,
						"y": 0.8
					}
				},
				{
					"filename": "fight/SE/0005",
					"frame": {
						"x": 176,
						"y": 1139,
						"w": 176,
						"h": 226
					},
					"rotated": false,
					"trimmed": true,
					"spriteSourceSize": {
						"x": 66,
						"y": 39,
						"w": 176,
						"h": 226
					},
					"sourceSize": {
						"w": 298,
						"h": 300
					},
					"anchor": {
						"x": 0.5,
						"y": 0.8
					}
				},
				{
					"filename": "fight/SE/0006",
					"frame": {
						"x": 352,
						"y": 1139,
						"w": 180,
						"h": 222
					},
					"rotated": false,
					"trimmed": true,
					"spriteSourceSize": {
						"x": 63,
						"y": 39,
						"w": 180,
						"h": 222
					},
					"sourceSize": {
						"w": 298,
						"h": 300
					},
					"anchor": {
						"x": 0.5,
						"y": 0.8
					}
				},
				{
					"filename": "fight/SW/0001",
					"frame": {
						"x": 532,
						"y": 1139,
						"w": 98,
						"h": 224
					},
					"rotated": false,
					"trimmed": true,
					"spriteSourceSize": {
						"x": 112,
						"y": 37,
						"w": 98,
						"h": 224
					},
					"sourceSize": {
						"w": 298,
						"h": 300
					},
					"anchor": {
						"x": 0.5,
						"y": 0.8
					}
				},
				{
					"filename": "fight/SW/0002",
					"frame": {
						"x": 630,
						"y": 1139,
						"w": 149,
						"h": 222
					},
					"rotated": false,
					"trimmed": true,
					"spriteSourceSize": {
						"x": 67,
						"y": 38,
						"w": 149,
						"h": 222
					},
					"sourceSize": {
						"w": 298,
						"h": 300
					},
					"anchor": {
						"x": 0.5,
						"y": 0.8
					}
				},
				{
					"filename": "fight/SW/0003",
					"frame": {
						"x": 779,
						"y": 1139,
						"w": 163,
						"h": 225
					},
					"rotated": false,
					"trimmed": true,
					"spriteSourceSize": {
						"x": 32,
						"y": 40,
						"w": 163,
						"h": 225
					},
					"sourceSize": {
						"w": 298,
						"h": 300
					},
					"anchor": {
						"x": 0.5,
						"y": 0.8
					}
				},
				{
					"filename": "fight/SW/0004",
					"frame": {
						"x": 942,
						"y": 1139,
						"w": 152,
						"h": 226
					},
					"rotated": false,
					"trimmed": true,
					"spriteSourceSize": {
						"x": 33,
						"y": 40,
						"w": 152,
						"h": 226
					},
					"sourceSize": {
						"w": 298,
						"h": 300
					},
					"anchor": {
						"x": 0.5,
						"y": 0.8
					}
				},
				{
					"filename": "fight/SW/0005",
					"frame": {
						"x": 1094,
						"y": 1139,
						"w": 180,
						"h": 222
					},
					"rotated": false,
					"trimmed": true,
					"spriteSourceSize": {
						"x": 34,
						"y": 37,
						"w": 180,
						"h": 222
					},
					"sourceSize": {
						"w": 298,
						"h": 300
					},
					"anchor": {
						"x": 0.5,
						"y": 0.8
					}
				},
				{
					"filename": "fight/SW/0006",
					"frame": {
						"x": 1274,
						"y": 1139,
						"w": 174,
						"h": 223
					},
					"rotated": false,
					"trimmed": true,
					"spriteSourceSize": {
						"x": 32,
						"y": 37,
						"w": 174,
						"h": 223
					},
					"sourceSize": {
						"w": 298,
						"h": 300
					},
					"anchor": {
						"x": 0.5,
						"y": 0.8
					}
				},
				{
					"filename": "fight/W/0001",
					"frame": {
						"x": 1448,
						"y": 1139,
						"w": 90,
						"h": 228
					},
					"rotated": false,
					"trimmed": true,
					"spriteSourceSize": {
						"x": 113,
						"y": 36,
						"w": 90,
						"h": 228
					},
					"sourceSize": {
						"w": 298,
						"h": 300
					},
					"anchor": {
						"x": 0.5,
						"y": 0.8
					}
				},
				{
					"filename": "fight/W/0002",
					"frame": {
						"x": 1538,
						"y": 1139,
						"w": 89,
						"h": 223
					},
					"rotated": false,
					"trimmed": true,
					"spriteSourceSize": {
						"x": 111,
						"y": 38,
						"w": 89,
						"h": 223
					},
					"sourceSize": {
						"w": 298,
						"h": 300
					},
					"anchor": {
						"x": 0.5,
						"y": 0.8
					}
				},
				{
					"filename": "fight/W/0003",
					"frame": {
						"x": 1627,
						"y": 1139,
						"w": 184,
						"h": 221
					},
					"rotated": false,
					"trimmed": true,
					"spriteSourceSize": {
						"x": 28,
						"y": 40,
						"w": 184,
						"h": 221
					},
					"sourceSize": {
						"w": 298,
						"h": 300
					},
					"anchor": {
						"x": 0.5,
						"y": 0.8
					}
				},
				{
					"filename": "fight/W/0004",
					"frame": {
						"x": 1811,
						"y": 1139,
						"w": 186,
						"h": 222
					},
					"rotated": false,
					"trimmed": true,
					"spriteSourceSize": {
						"x": 24,
						"y": 39,
						"w": 186,
						"h": 222
					},
					"sourceSize": {
						"w": 298,
						"h": 300
					},
					"anchor": {
						"x": 0.5,
						"y": 0.8
					}
				},
				{
					"filename": "fight/W/0005",
					"frame": {
						"x": 1997,
						"y": 1139,
						"w": 183,
						"h": 225
					},
					"rotated": false,
					"trimmed": true,
					"spriteSourceSize": {
						"x": 27,
						"y": 37,
						"w": 183,
						"h": 225
					},
					"sourceSize": {
						"w": 298,
						"h": 300
					},
					"anchor": {
						"x": 0.5,
						"y": 0.8
					}
				},
				{
					"filename": "fight/W/0006",
					"frame": {
						"x": 2180,
						"y": 1139,
						"w": 186,
						"h": 228
					},
					"rotated": false,
					"trimmed": true,
					"spriteSourceSize": {
						"x": 26,
						"y": 36,
						"w": 186,
						"h": 228
					},
					"sourceSize": {
						"w": 298,
						"h": 300
					},
					"anchor": {
						"x": 0.5,
						"y": 0.8
					}
				},
				{
					"filename": "stance/E/0001",
					"frame": {
						"x": 2366,
						"y": 1139,
						"w": 94,
						"h": 225
					},
					"rotated": false,
					"trimmed": true,
					"spriteSourceSize": {
						"x": 96,
						"y": 40,
						"w": 94,
						"h": 225
					},
					"sourceSize": {
						"w": 298,
						"h": 300
					},
					"anchor": {
						"x": 0.5,
						"y": 0.8
					}
				},
				{
					"filename": "stance/E/0002",
					"frame": {
						"x": 2460,
						"y": 1139,
						"w": 106,
						"h": 229
					},
					"rotated": false,
					"trimmed": true,
					"spriteSourceSize": {
						"x": 85,
						"y": 35,
						"w": 106,
						"h": 229
					},
					"sourceSize": {
						"w": 298,
						"h": 300
					},
					"anchor": {
						"x": 0.5,
						"y": 0.8
					}
				},
				{
					"filename": "stance/E/0003",
					"frame": {
						"x": 0,
						"y": 1369,
						"w": 111,
						"h": 232
					},
					"rotated": false,
					"trimmed": true,
					"spriteSourceSize": {
						"x": 80,
						"y": 32,
						"w": 111,
						"h": 232
					},
					"sourceSize": {
						"w": 298,
						"h": 300
					},
					"anchor": {
						"x": 0.5,
						"y": 0.8
					}
				},
				{
					"filename": "stance/E/0004",
					"frame": {
						"x": 111,
						"y": 1369,
						"w": 109,
						"h": 231
					},
					"rotated": false,
					"trimmed": true,
					"spriteSourceSize": {
						"x": 83,
						"y": 33,
						"w": 109,
						"h": 231
					},
					"sourceSize": {
						"w": 298,
						"h": 300
					},
					"anchor": {
						"x": 0.5,
						"y": 0.8
					}
				},
				{
					"filename": "stance/E/0005",
					"frame": {
						"x": 220,
						"y": 1369,
						"w": 100,
						"h": 225
					},
					"rotated": false,
					"trimmed": true,
					"spriteSourceSize": {
						"x": 91,
						"y": 41,
						"w": 100,
						"h": 225
					},
					"sourceSize": {
						"w": 298,
						"h": 300
					},
					"anchor": {
						"x": 0.5,
						"y": 0.8
					}
				},
				{
					"filename": "stance/E/0006",
					"frame": {
						"x": 320,
						"y": 1369,
						"w": 94,
						"h": 224
					},
					"rotated": false,
					"trimmed": true,
					"spriteSourceSize": {
						"x": 96,
						"y": 41,
						"w": 94,
						"h": 224
					},
					"sourceSize": {
						"w": 298,
						"h": 300
					},
					"anchor": {
						"x": 0.5,
						"y": 0.8
					}
				},
				{
					"filename": "stance/N/0001",
					"frame": {
						"x": 414,
						"y": 1369,
						"w": 139,
						"h": 224
					},
					"rotated": false,
					"trimmed": true,
					"spriteSourceSize": {
						"x": 81,
						"y": 39,
						"w": 139,
						"h": 224
					},
					"sourceSize": {
						"w": 298,
						"h": 300
					},
					"anchor": {
						"x": 0.5,
						"y": 0.8
					}
				},
				{
					"filename": "stance/N/0002",
					"frame": {
						"x": 553,
						"y": 1369,
						"w": 145,
						"h": 230
					},
					"rotated": false,
					"trimmed": true,
					"spriteSourceSize": {
						"x": 65,
						"y": 35,
						"w": 145,
						"h": 230
					},
					"sourceSize": {
						"w": 298,
						"h": 300
					},
					"anchor": {
						"x": 0.5,
						"y": 0.8
					}
				},
				{
					"filename": "stance/N/0003",
					"frame": {
						"x": 698,
						"y": 1369,
						"w": 150,
						"h": 237
					},
					"rotated": false,
					"trimmed": true,
					"spriteSourceSize": {
						"x": 59,
						"y": 29,
						"w": 150,
						"h": 237
					},
					"sourceSize": {
						"w": 298,
						"h": 300
					},
					"anchor": {
						"x": 0.5,
						"y": 0.8
					}
				},
				{
					"filename": "stance/N/0004",
					"frame": {
						"x": 848,
						"y": 1369,
						"w": 144,
						"h": 234
					},
					"rotated": false,
					"trimmed": true,
					"spriteSourceSize": {
						"x": 64,
						"y": 32,
						"w": 144,
						"h": 234
					},
					"sourceSize": {
						"w": 298,
						"h": 300
					},
					"anchor": {
						"x": 0.5,
						"y": 0.8
					}
				},
				{
					"filename": "stance/N/0005",
					"frame": {
						"x": 992,
						"y": 1369,
						"w": 141,
						"h": 225
					},
					"rotated": false,
					"trimmed": true,
					"spriteSourceSize": {
						"x": 78,
						"y": 39,
						"w": 141,
						"h": 225
					},
					"sourceSize": {
						"w": 298,
						"h": 300
					},
					"anchor": {
						"x": 0.5,
						"y": 0.8
					}
				},
				{
					"filename": "stance/N/0006",
					"frame": {
						"x": 1133,
						"y": 1369,
						"w": 138,
						"h": 224
					},
					"rotated": false,
					"trimmed": true,
					"spriteSourceSize": {
						"x": 81,
						"y": 39,
						"w": 138,
						"h": 224
					},
					"sourceSize": {
						"w": 298,
						"h": 300
					},
					"anchor": {
						"x": 0.5,
						"y": 0.8
					}
				},
				{
					"filename": "stance/NE/0001",
					"frame": {
						"x": 1271,
						"y": 1369,
						"w": 100,
						"h": 228
					},
					"rotated": false,
					"trimmed": true,
					"spriteSourceSize": {
						"x": 93,
						"y": 40,
						"w": 100,
						"h": 228
					},
					"sourceSize": {
						"w": 298,
						"h": 300
					},
					"anchor": {
						"x": 0.5,
						"y": 0.8
					}
				},
				{
					"filename": "stance/NE/0002",
					"frame": {
						"x": 1371,
						"y": 1369,
						"w": 100,
						"h": 232
					},
					"rotated": false,
					"trimmed": true,
					"spriteSourceSize": {
						"x": 93,
						"y": 35,
						"w": 100,
						"h": 232
					},
					"sourceSize": {
						"w": 298,
						"h": 300
					},
					"anchor": {
						"x": 0.5,
						"y": 0.8
					}
				},
				{
					"filename": "stance/NE/0003",
					"frame": {
						"x": 1471,
						"y": 1369,
						"w": 109,
						"h": 236
					},
					"rotated": false,
					"trimmed": true,
					"spriteSourceSize": {
						"x": 84,
						"y": 32,
						"w": 109,
						"h": 236
					},
					"sourceSize": {
						"w": 298,
						"h": 300
					},
					"anchor": {
						"x": 0.5,
						"y": 0.8
					}
				},
				{
					"filename": "stance/NE/0004",
					"frame": {
						"x": 1580,
						"y": 1369,
						"w": 107,
						"h": 235
					},
					"rotated": false,
					"trimmed": true,
					"spriteSourceSize": {
						"x": 86,
						"y": 33,
						"w": 107,
						"h": 235
					},
					"sourceSize": {
						"w": 298,
						"h": 300
					},
					"anchor": {
						"x": 0.5,
						"y": 0.8
					}
				},
				{
					"filename": "stance/NE/0005",
					"frame": {
						"x": 1687,
						"y": 1369,
						"w": 97,
						"h": 226
					},
					"rotated": false,
					"trimmed": true,
					"spriteSourceSize": {
						"x": 97,
						"y": 41,
						"w": 97,
						"h": 226
					},
					"sourceSize": {
						"w": 298,
						"h": 300
					},
					"anchor": {
						"x": 0.5,
						"y": 0.8
					}
				},
				{
					"filename": "stance/NE/0006",
					"frame": {
						"x": 1784,
						"y": 1369,
						"w": 100,
						"h": 227
					},
					"rotated": false,
					"trimmed": true,
					"spriteSourceSize": {
						"x": 92,
						"y": 41,
						"w": 100,
						"h": 227
					},
					"sourceSize": {
						"w": 298,
						"h": 300
					},
					"anchor": {
						"x": 0.5,
						"y": 0.8
					}
				},
				{
					"filename": "stance/NW/0001",
					"frame": {
						"x": 1884,
						"y": 1369,
						"w": 131,
						"h": 224
					},
					"rotated": false,
					"trimmed": true,
					"spriteSourceSize": {
						"x": 101,
						"y": 38,
						"w": 131,
						"h": 224
					},
					"sourceSize": {
						"w": 298,
						"h": 300
					},
					"anchor": {
						"x": 0.5,
						"y": 0.8
					}
				},
				{
					"filename": "stance/NW/0002",
					"frame": {
						"x": 2015,
						"y": 1369,
						"w": 139,
						"h": 229
					},
					"rotated": false,
					"trimmed": true,
					"spriteSourceSize": {
						"x": 88,
						"y": 34,
						"w": 139,
						"h": 229
					},
					"sourceSize": {
						"w": 298,
						"h": 300
					},
					"anchor": {
						"x": 0.5,
						"y": 0.8
					}
				},
				{
					"filename": "stance/NW/0003",
					"frame": {
						"x": 2154,
						"y": 1369,
						"w": 145,
						"h": 237
					},
					"rotated": false,
					"trimmed": true,
					"spriteSourceSize": {
						"x": 85,
						"y": 27,
						"w": 145,
						"h": 237
					},
					"sourceSize": {
						"w": 298,
						"h": 300
					},
					"anchor": {
						"x": 0.5,
						"y": 0.8
					}
				},
				{
					"filename": "stance/NW/0004",
					"frame": {
						"x": 2299,
						"y": 1369,
						"w": 139,
						"h": 231
					},
					"rotated": false,
					"trimmed": true,
					"spriteSourceSize": {
						"x": 89,
						"y": 32,
						"w": 139,
						"h": 231
					},
					"sourceSize": {
						"w": 298,
						"h": 300
					},
					"anchor": {
						"x": 0.5,
						"y": 0.8
					}
				},
				{
					"filename": "stance/NW/0005",
					"frame": {
						"x": 2438,
						"y": 1369,
						"w": 135,
						"h": 223
					},
					"rotated": false,
					"trimmed": true,
					"spriteSourceSize": {
						"x": 95,
						"y": 39,
						"w": 135,
						"h": 223
					},
					"sourceSize": {
						"w": 298,
						"h": 300
					},
					"anchor": {
						"x": 0.5,
						"y": 0.8
					}
				},
				{
					"filename": "stance/NW/0006",
					"frame": {
						"x": 0,
						"y": 1606,
						"w": 130,
						"h": 225
					},
					"rotated": false,
					"trimmed": true,
					"spriteSourceSize": {
						"x": 102,
						"y": 38,
						"w": 130,
						"h": 225
					},
					"sourceSize": {
						"w": 298,
						"h": 300
					},
					"anchor": {
						"x": 0.5,
						"y": 0.8
					}
				},
				{
					"filename": "stance/S/0001",
					"frame": {
						"x": 130,
						"y": 1606,
						"w": 138,
						"h": 220
					},
					"rotated": false,
					"trimmed": true,
					"spriteSourceSize": {
						"x": 85,
						"y": 40,
						"w": 138,
						"h": 220
					},
					"sourceSize": {
						"w": 298,
						"h": 300
					},
					"anchor": {
						"x": 0.5,
						"y": 0.8
					}
				},
				{
					"filename": "stance/S/0002",
					"frame": {
						"x": 268,
						"y": 1606,
						"w": 145,
						"h": 225
					},
					"rotated": false,
					"trimmed": true,
					"spriteSourceSize": {
						"x": 94,
						"y": 34,
						"w": 145,
						"h": 225
					},
					"sourceSize": {
						"w": 298,
						"h": 300
					},
					"anchor": {
						"x": 0.5,
						"y": 0.8
					}
				},
				{
					"filename": "stance/S/0003",
					"frame": {
						"x": 413,
						"y": 1606,
						"w": 151,
						"h": 231
					},
					"rotated": false,
					"trimmed": true,
					"spriteSourceSize": {
						"x": 95,
						"y": 28,
						"w": 151,
						"h": 231
					},
					"sourceSize": {
						"w": 298,
						"h": 300
					},
					"anchor": {
						"x": 0.5,
						"y": 0.8
					}
				},
				{
					"filename": "stance/S/0004",
					"frame": {
						"x": 564,
						"y": 1606,
						"w": 144,
						"h": 229
					},
					"rotated": false,
					"trimmed": true,
					"spriteSourceSize": {
						"x": 96,
						"y": 31,
						"w": 144,
						"h": 229
					},
					"sourceSize": {
						"w": 298,
						"h": 300
					},
					"anchor": {
						"x": 0.5,
						"y": 0.8
					}
				},
				{
					"filename": "stance/S/0005",
					"frame": {
						"x": 708,
						"y": 1606,
						"w": 142,
						"h": 219
					},
					"rotated": false,
					"trimmed": true,
					"spriteSourceSize": {
						"x": 85,
						"y": 40,
						"w": 142,
						"h": 219
					},
					"sourceSize": {
						"w": 298,
						"h": 300
					},
					"anchor": {
						"x": 0.5,
						"y": 0.8
					}
				},
				{
					"filename": "stance/S/0006",
					"frame": {
						"x": 850,
						"y": 1606,
						"w": 138,
						"h": 220
					},
					"rotated": false,
					"trimmed": true,
					"spriteSourceSize": {
						"x": 85,
						"y": 40,
						"w": 138,
						"h": 220
					},
					"sourceSize": {
						"w": 298,
						"h": 300
					},
					"anchor": {
						"x": 0.5,
						"y": 0.8
					}
				},
				{
					"filename": "stance/SE/0001",
					"frame": {
						"x": 988,
						"y": 1606,
						"w": 130,
						"h": 220
					},
					"rotated": false,
					"trimmed": true,
					"spriteSourceSize": {
						"x": 73,
						"y": 40,
						"w": 130,
						"h": 220
					},
					"sourceSize": {
						"w": 298,
						"h": 300
					},
					"anchor": {
						"x": 0.5,
						"y": 0.8
					}
				},
				{
					"filename": "stance/SE/0002",
					"frame": {
						"x": 1118,
						"y": 1606,
						"w": 140,
						"h": 225
					},
					"rotated": false,
					"trimmed": true,
					"spriteSourceSize": {
						"x": 77,
						"y": 35,
						"w": 140,
						"h": 225
					},
					"sourceSize": {
						"w": 298,
						"h": 300
					},
					"anchor": {
						"x": 0.5,
						"y": 0.8
					}
				},
				{
					"filename": "stance/SE/0003",
					"frame": {
						"x": 1258,
						"y": 1606,
						"w": 145,
						"h": 230
					},
					"rotated": false,
					"trimmed": true,
					"spriteSourceSize": {
						"x": 74,
						"y": 30,
						"w": 145,
						"h": 230
					},
					"sourceSize": {
						"w": 298,
						"h": 300
					},
					"anchor": {
						"x": 0.5,
						"y": 0.8
					}
				},
				{
					"filename": "stance/SE/0004",
					"frame": {
						"x": 1403,
						"y": 1606,
						"w": 139,
						"h": 228
					},
					"rotated": false,
					"trimmed": true,
					"spriteSourceSize": {
						"x": 77,
						"y": 32,
						"w": 139,
						"h": 228
					},
					"sourceSize": {
						"w": 298,
						"h": 300
					},
					"anchor": {
						"x": 0.5,
						"y": 0.8
					}
				},
				{
					"filename": "stance/SE/0005",
					"frame": {
						"x": 1542,
						"y": 1606,
						"w": 135,
						"h": 220
					},
					"rotated": false,
					"trimmed": true,
					"spriteSourceSize": {
						"x": 74,
						"y": 41,
						"w": 135,
						"h": 220
					},
					"sourceSize": {
						"w": 298,
						"h": 300
					},
					"anchor": {
						"x": 0.5,
						"y": 0.8
					}
				},
				{
					"filename": "stance/SE/0006",
					"frame": {
						"x": 1677,
						"y": 1606,
						"w": 131,
						"h": 219
					},
					"rotated": false,
					"trimmed": true,
					"spriteSourceSize": {
						"x": 72,
						"y": 41,
						"w": 131,
						"h": 219
					},
					"sourceSize": {
						"w": 298,
						"h": 300
					},
					"anchor": {
						"x": 0.5,
						"y": 0.8
					}
				},
				{
					"filename": "stance/SW/0001",
					"frame": {
						"x": 1808,
						"y": 1606,
						"w": 99,
						"h": 222
					},
					"rotated": false,
					"trimmed": true,
					"spriteSourceSize": {
						"x": 112,
						"y": 39,
						"w": 99,
						"h": 222
					},
					"sourceSize": {
						"w": 298,
						"h": 300
					},
					"anchor": {
						"x": 0.5,
						"y": 0.8
					}
				},
				{
					"filename": "stance/SW/0002",
					"frame": {
						"x": 1907,
						"y": 1606,
						"w": 99,
						"h": 230
					},
					"rotated": false,
					"trimmed": true,
					"spriteSourceSize": {
						"x": 113,
						"y": 33,
						"w": 99,
						"h": 230
					},
					"sourceSize": {
						"w": 298,
						"h": 300
					},
					"anchor": {
						"x": 0.5,
						"y": 0.8
					}
				},
				{
					"filename": "stance/SW/0003",
					"frame": {
						"x": 2006,
						"y": 1606,
						"w": 111,
						"h": 238
					},
					"rotated": false,
					"trimmed": true,
					"spriteSourceSize": {
						"x": 110,
						"y": 26,
						"w": 111,
						"h": 238
					},
					"sourceSize": {
						"w": 298,
						"h": 300
					},
					"anchor": {
						"x": 0.5,
						"y": 0.8
					}
				},
				{
					"filename": "stance/SW/0004",
					"frame": {
						"x": 2117,
						"y": 1606,
						"w": 106,
						"h": 233
					},
					"rotated": false,
					"trimmed": true,
					"spriteSourceSize": {
						"x": 113,
						"y": 30,
						"w": 106,
						"h": 233
					},
					"sourceSize": {
						"w": 298,
						"h": 300
					},
					"anchor": {
						"x": 0.5,
						"y": 0.8
					}
				},
				{
					"filename": "stance/SW/0005",
					"frame": {
						"x": 2223,
						"y": 1606,
						"w": 96,
						"h": 222
					},
					"rotated": false,
					"trimmed": true,
					"spriteSourceSize": {
						"x": 111,
						"y": 40,
						"w": 96,
						"h": 222
					},
					"sourceSize": {
						"w": 298,
						"h": 300
					},
					"anchor": {
						"x": 0.5,
						"y": 0.8
					}
				},
				{
					"filename": "stance/SW/0006",
					"frame": {
						"x": 2319,
						"y": 1606,
						"w": 100,
						"h": 221
					},
					"rotated": false,
					"trimmed": true,
					"spriteSourceSize": {
						"x": 112,
						"y": 40,
						"w": 100,
						"h": 221
					},
					"sourceSize": {
						"w": 298,
						"h": 300
					},
					"anchor": {
						"x": 0.5,
						"y": 0.8
					}
				},
				{
					"filename": "stance/W/0001",
					"frame": {
						"x": 2419,
						"y": 1606,
						"w": 94,
						"h": 226
					},
					"rotated": false,
					"trimmed": true,
					"spriteSourceSize": {
						"x": 114,
						"y": 39,
						"w": 94,
						"h": 226
					},
					"sourceSize": {
						"w": 298,
						"h": 300
					},
					"anchor": {
						"x": 0.5,
						"y": 0.8
					}
				},
				{
					"filename": "stance/W/0002",
					"frame": {
						"x": 0,
						"y": 1844,
						"w": 106,
						"h": 234
					},
					"rotated": false,
					"trimmed": true,
					"spriteSourceSize": {
						"x": 113,
						"y": 33,
						"w": 106,
						"h": 234
					},
					"sourceSize": {
						"w": 298,
						"h": 300
					},
					"anchor": {
						"x": 0.5,
						"y": 0.8
					}
				},
				{
					"filename": "stance/W/0003",
					"frame": {
						"x": 106,
						"y": 1844,
						"w": 111,
						"h": 241
					},
					"rotated": false,
					"trimmed": true,
					"spriteSourceSize": {
						"x": 113,
						"y": 26,
						"w": 111,
						"h": 241
					},
					"sourceSize": {
						"w": 298,
						"h": 300
					},
					"anchor": {
						"x": 0.5,
						"y": 0.8
					}
				},
				{
					"filename": "stance/W/0004",
					"frame": {
						"x": 217,
						"y": 1844,
						"w": 108,
						"h": 237
					},
					"rotated": false,
					"trimmed": true,
					"spriteSourceSize": {
						"x": 113,
						"y": 30,
						"w": 108,
						"h": 237
					},
					"sourceSize": {
						"w": 298,
						"h": 300
					},
					"anchor": {
						"x": 0.5,
						"y": 0.8
					}
				},
				{
					"filename": "stance/W/0005",
					"frame": {
						"x": 325,
						"y": 1844,
						"w": 101,
						"h": 226
					},
					"rotated": false,
					"trimmed": true,
					"spriteSourceSize": {
						"x": 113,
						"y": 39,
						"w": 101,
						"h": 226
					},
					"sourceSize": {
						"w": 298,
						"h": 300
					},
					"anchor": {
						"x": 0.5,
						"y": 0.8
					}
				},
				{
					"filename": "stance/W/0006",
					"frame": {
						"x": 426,
						"y": 1844,
						"w": 94,
						"h": 226
					},
					"rotated": false,
					"trimmed": true,
					"spriteSourceSize": {
						"x": 114,
						"y": 39,
						"w": 94,
						"h": 226
					},
					"sourceSize": {
						"w": 298,
						"h": 300
					},
					"anchor": {
						"x": 0.5,
						"y": 0.8
					}
				},
				{
					"filename": "walk/E/0001",
					"frame": {
						"x": 520,
						"y": 1844,
						"w": 170,
						"h": 213
					},
					"rotated": false,
					"trimmed": true,
					"spriteSourceSize": {
						"x": 44,
						"y": 53,
						"w": 170,
						"h": 213
					},
					"sourceSize": {
						"w": 298,
						"h": 300
					},
					"anchor": {
						"x": 0.5,
						"y": 0.8
					}
				},
				{
					"filename": "walk/E/0002",
					"frame": {
						"x": 690,
						"y": 1844,
						"w": 179,
						"h": 204
					},
					"rotated": false,
					"trimmed": true,
					"spriteSourceSize": {
						"x": 37,
						"y": 62,
						"w": 179,
						"h": 204
					},
					"sourceSize": {
						"w": 298,
						"h": 300
					},
					"anchor": {
						"x": 0.5,
						"y": 0.8
					}
				},
				{
					"filename": "walk/E/0003",
					"frame": {
						"x": 869,
						"y": 1844,
						"w": 179,
						"h": 196
					},
					"rotated": false,
					"trimmed": true,
					"spriteSourceSize": {
						"x": 40,
						"y": 70,
						"w": 179,
						"h": 196
					},
					"sourceSize": {
						"w": 298,
						"h": 300
					},
					"anchor": {
						"x": 0.5,
						"y": 0.8
					}
				},
				{
					"filename": "walk/E/0004",
					"frame": {
						"x": 1048,
						"y": 1844,
						"w": 177,
						"h": 200
					},
					"rotated": false,
					"trimmed": true,
					"spriteSourceSize": {
						"x": 41,
						"y": 66,
						"w": 177,
						"h": 200
					},
					"sourceSize": {
						"w": 298,
						"h": 300
					},
					"anchor": {
						"x": 0.5,
						"y": 0.8
					}
				},
				{
					"filename": "walk/E/0005",
					"frame": {
						"x": 1225,
						"y": 1844,
						"w": 168,
						"h": 209
					},
					"rotated": false,
					"trimmed": true,
					"spriteSourceSize": {
						"x": 43,
						"y": 57,
						"w": 168,
						"h": 209
					},
					"sourceSize": {
						"w": 298,
						"h": 300
					},
					"anchor": {
						"x": 0.5,
						"y": 0.8
					}
				},
				{
					"filename": "walk/E/0006",
					"frame": {
						"x": 1393,
						"y": 1844,
						"w": 168,
						"h": 213
					},
					"rotated": false,
					"trimmed": true,
					"spriteSourceSize": {
						"x": 45,
						"y": 53,
						"w": 168,
						"h": 213
					},
					"sourceSize": {
						"w": 298,
						"h": 300
					},
					"anchor": {
						"x": 0.5,
						"y": 0.8
					}
				},
				{
					"filename": "walk/N/0001",
					"frame": {
						"x": 1561,
						"y": 1844,
						"w": 133,
						"h": 224
					},
					"rotated": false,
					"trimmed": true,
					"spriteSourceSize": {
						"x": 84,
						"y": 49,
						"w": 133,
						"h": 224
					},
					"sourceSize": {
						"w": 298,
						"h": 300
					},
					"anchor": {
						"x": 0.5,
						"y": 0.8
					}
				},
				{
					"filename": "walk/N/0002",
					"frame": {
						"x": 1694,
						"y": 1844,
						"w": 131,
						"h": 219
					},
					"rotated": false,
					"trimmed": true,
					"spriteSourceSize": {
						"x": 88,
						"y": 55,
						"w": 131,
						"h": 219
					},
					"sourceSize": {
						"w": 298,
						"h": 300
					},
					"anchor": {
						"x": 0.5,
						"y": 0.8
					}
				},
				{
					"filename": "walk/N/0003",
					"frame": {
						"x": 1825,
						"y": 1844,
						"w": 133,
						"h": 211
					},
					"rotated": false,
					"trimmed": true,
					"spriteSourceSize": {
						"x": 90,
						"y": 62,
						"w": 133,
						"h": 211
					},
					"sourceSize": {
						"w": 298,
						"h": 300
					},
					"anchor": {
						"x": 0.5,
						"y": 0.8
					}
				},
				{
					"filename": "walk/N/0004",
					"frame": {
						"x": 1958,
						"y": 1844,
						"w": 128,
						"h": 216
					},
					"rotated": false,
					"trimmed": true,
					"spriteSourceSize": {
						"x": 91,
						"y": 58,
						"w": 128,
						"h": 216
					},
					"sourceSize": {
						"w": 298,
						"h": 300
					},
					"anchor": {
						"x": 0.5,
						"y": 0.8
					}
				},
				{
					"filename": "walk/N/0005",
					"frame": {
						"x": 2086,
						"y": 1844,
						"w": 137,
						"h": 221
					},
					"rotated": false,
					"trimmed": true,
					"spriteSourceSize": {
						"x": 84,
						"y": 52,
						"w": 137,
						"h": 221
					},
					"sourceSize": {
						"w": 298,
						"h": 300
					},
					"anchor": {
						"x": 0.5,
						"y": 0.8
					}
				},
				{
					"filename": "walk/N/0006",
					"frame": {
						"x": 2223,
						"y": 1844,
						"w": 132,
						"h": 224
					},
					"rotated": false,
					"trimmed": true,
					"spriteSourceSize": {
						"x": 84,
						"y": 49,
						"w": 132,
						"h": 224
					},
					"sourceSize": {
						"w": 298,
						"h": 300
					},
					"anchor": {
						"x": 0.5,
						"y": 0.8
					}
				},
				{
					"filename": "walk/NE/0001",
					"frame": {
						"x": 2355,
						"y": 1844,
						"w": 124,
						"h": 222
					},
					"rotated": false,
					"trimmed": true,
					"spriteSourceSize": {
						"x": 81,
						"y": 50,
						"w": 124,
						"h": 222
					},
					"sourceSize": {
						"w": 298,
						"h": 300
					},
					"anchor": {
						"x": 0.5,
						"y": 0.8
					}
				},
				{
					"filename": "walk/NE/0002",
					"frame": {
						"x": 0,
						"y": 2085,
						"w": 125,
						"h": 215
					},
					"rotated": false,
					"trimmed": true,
					"spriteSourceSize": {
						"x": 80,
						"y": 56,
						"w": 125,
						"h": 215
					},
					"sourceSize": {
						"w": 298,
						"h": 300
					},
					"anchor": {
						"x": 0.5,
						"y": 0.8
					}
				},
				{
					"filename": "walk/NE/0003",
					"frame": {
						"x": 125,
						"y": 2085,
						"w": 138,
						"h": 205
					},
					"rotated": false,
					"trimmed": true,
					"spriteSourceSize": {
						"x": 69,
						"y": 64,
						"w": 138,
						"h": 205
					},
					"sourceSize": {
						"w": 298,
						"h": 300
					},
					"anchor": {
						"x": 0.5,
						"y": 0.8
					}
				},
				{
					"filename": "walk/NE/0004",
					"frame": {
						"x": 263,
						"y": 2085,
						"w": 140,
						"h": 209
					},
					"rotated": false,
					"trimmed": true,
					"spriteSourceSize": {
						"x": 70,
						"y": 60,
						"w": 140,
						"h": 209
					},
					"sourceSize": {
						"w": 298,
						"h": 300
					},
					"anchor": {
						"x": 0.5,
						"y": 0.8
					}
				},
				{
					"filename": "walk/NE/0005",
					"frame": {
						"x": 403,
						"y": 2085,
						"w": 121,
						"h": 219
					},
					"rotated": false,
					"trimmed": true,
					"spriteSourceSize": {
						"x": 82,
						"y": 53,
						"w": 121,
						"h": 219
					},
					"sourceSize": {
						"w": 298,
						"h": 300
					},
					"anchor": {
						"x": 0.5,
						"y": 0.8
					}
				},
				{
					"filename": "walk/NE/0006",
					"frame": {
						"x": 524,
						"y": 2085,
						"w": 124,
						"h": 222
					},
					"rotated": false,
					"trimmed": true,
					"spriteSourceSize": {
						"x": 81,
						"y": 50,
						"w": 124,
						"h": 222
					},
					"sourceSize": {
						"w": 298,
						"h": 300
					},
					"anchor": {
						"x": 0.5,
						"y": 0.8
					}
				},
				{
					"filename": "walk/NW/0001",
					"frame": {
						"x": 648,
						"y": 2085,
						"w": 149,
						"h": 214
					},
					"rotated": false,
					"trimmed": true,
					"spriteSourceSize": {
						"x": 101,
						"y": 51,
						"w": 149,
						"h": 214
					},
					"sourceSize": {
						"w": 298,
						"h": 300
					},
					"anchor": {
						"x": 0.5,
						"y": 0.8
					}
				},
				{
					"filename": "walk/NW/0002",
					"frame": {
						"x": 797,
						"y": 2085,
						"w": 151,
						"h": 209
					},
					"rotated": false,
					"trimmed": true,
					"spriteSourceSize": {
						"x": 98,
						"y": 56,
						"w": 151,
						"h": 209
					},
					"sourceSize": {
						"w": 298,
						"h": 300
					},
					"anchor": {
						"x": 0.5,
						"y": 0.8
					}
				},
				{
					"filename": "walk/NW/0003",
					"frame": {
						"x": 948,
						"y": 2085,
						"w": 130,
						"h": 203
					},
					"rotated": false,
					"trimmed": true,
					"spriteSourceSize": {
						"x": 101,
						"y": 64,
						"w": 130,
						"h": 203
					},
					"sourceSize": {
						"w": 298,
						"h": 300
					},
					"anchor": {
						"x": 0.5,
						"y": 0.8
					}
				},
				{
					"filename": "walk/NW/0004",
					"frame": {
						"x": 1078,
						"y": 2085,
						"w": 137,
						"h": 207
					},
					"rotated": false,
					"trimmed": true,
					"spriteSourceSize": {
						"x": 100,
						"y": 60,
						"w": 137,
						"h": 207
					},
					"sourceSize": {
						"w": 298,
						"h": 300
					},
					"anchor": {
						"x": 0.5,
						"y": 0.8
					}
				},
				{
					"filename": "walk/NW/0005",
					"frame": {
						"x": 1215,
						"y": 2085,
						"w": 148,
						"h": 211
					},
					"rotated": false,
					"trimmed": true,
					"spriteSourceSize": {
						"x": 104,
						"y": 54,
						"w": 148,
						"h": 211
					},
					"sourceSize": {
						"w": 298,
						"h": 300
					},
					"anchor": {
						"x": 0.5,
						"y": 0.8
					}
				},
				{
					"filename": "walk/NW/0006",
					"frame": {
						"x": 1363,
						"y": 2085,
						"w": 150,
						"h": 213
					},
					"rotated": false,
					"trimmed": true,
					"spriteSourceSize": {
						"x": 101,
						"y": 51,
						"w": 150,
						"h": 213
					},
					"sourceSize": {
						"w": 298,
						"h": 300
					},
					"anchor": {
						"x": 0.5,
						"y": 0.8
					}
				},
				{
					"filename": "walk/S/0001",
					"frame": {
						"x": 1513,
						"y": 2085,
						"w": 132,
						"h": 206
					},
					"rotated": false,
					"trimmed": true,
					"spriteSourceSize": {
						"x": 88,
						"y": 58,
						"w": 132,
						"h": 206
					},
					"sourceSize": {
						"w": 298,
						"h": 300
					},
					"anchor": {
						"x": 0.5,
						"y": 0.8
					}
				},
				{
					"filename": "walk/S/0002",
					"frame": {
						"x": 1645,
						"y": 2085,
						"w": 131,
						"h": 196
					},
					"rotated": false,
					"trimmed": true,
					"spriteSourceSize": {
						"x": 86,
						"y": 68,
						"w": 131,
						"h": 196
					},
					"sourceSize": {
						"w": 298,
						"h": 300
					},
					"anchor": {
						"x": 0.5,
						"y": 0.8
					}
				},
				{
					"filename": "walk/S/0003",
					"frame": {
						"x": 1776,
						"y": 2085,
						"w": 133,
						"h": 186
					},
					"rotated": false,
					"trimmed": true,
					"spriteSourceSize": {
						"x": 81,
						"y": 79,
						"w": 133,
						"h": 186
					},
					"sourceSize": {
						"w": 298,
						"h": 300
					},
					"anchor": {
						"x": 0.5,
						"y": 0.8
					}
				},
				{
					"filename": "walk/S/0004",
					"frame": {
						"x": 1909,
						"y": 2085,
						"w": 130,
						"h": 192
					},
					"rotated": false,
					"trimmed": true,
					"spriteSourceSize": {
						"x": 84,
						"y": 73,
						"w": 130,
						"h": 192
					},
					"sourceSize": {
						"w": 298,
						"h": 300
					},
					"anchor": {
						"x": 0.5,
						"y": 0.8
					}
				},
				{
					"filename": "walk/S/0005",
					"frame": {
						"x": 2039,
						"y": 2085,
						"w": 137,
						"h": 202
					},
					"rotated": false,
					"trimmed": true,
					"spriteSourceSize": {
						"x": 83,
						"y": 62,
						"w": 137,
						"h": 202
					},
					"sourceSize": {
						"w": 298,
						"h": 300
					},
					"anchor": {
						"x": 0.5,
						"y": 0.8
					}
				},
				{
					"filename": "walk/S/0006",
					"frame": {
						"x": 2176,
						"y": 2085,
						"w": 131,
						"h": 206
					},
					"rotated": false,
					"trimmed": true,
					"spriteSourceSize": {
						"x": 89,
						"y": 58,
						"w": 131,
						"h": 206
					},
					"sourceSize": {
						"w": 298,
						"h": 300
					},
					"anchor": {
						"x": 0.5,
						"y": 0.8
					}
				},
				{
					"filename": "walk/SE/0001",
					"frame": {
						"x": 2307,
						"y": 2085,
						"w": 149,
						"h": 206
					},
					"rotated": false,
					"trimmed": true,
					"spriteSourceSize": {
						"x": 54,
						"y": 57,
						"w": 149,
						"h": 206
					},
					"sourceSize": {
						"w": 298,
						"h": 300
					},
					"anchor": {
						"x": 0.5,
						"y": 0.8
					}
				},
				{
					"filename": "walk/SE/0002",
					"frame": {
						"x": 0,
						"y": 2307,
						"w": 151,
						"h": 197
					},
					"rotated": false,
					"trimmed": true,
					"spriteSourceSize": {
						"x": 55,
						"y": 66,
						"w": 151,
						"h": 197
					},
					"sourceSize": {
						"w": 298,
						"h": 300
					},
					"anchor": {
						"x": 0.5,
						"y": 0.8
					}
				},
				{
					"filename": "walk/SE/0003",
					"frame": {
						"x": 151,
						"y": 2307,
						"w": 131,
						"h": 188
					},
					"rotated": false,
					"trimmed": true,
					"spriteSourceSize": {
						"x": 73,
						"y": 76,
						"w": 131,
						"h": 188
					},
					"sourceSize": {
						"w": 298,
						"h": 300
					},
					"anchor": {
						"x": 0.5,
						"y": 0.8
					}
				},
				{
					"filename": "walk/SE/0004",
					"frame": {
						"x": 282,
						"y": 2307,
						"w": 137,
						"h": 192
					},
					"rotated": false,
					"trimmed": true,
					"spriteSourceSize": {
						"x": 68,
						"y": 71,
						"w": 137,
						"h": 192
					},
					"sourceSize": {
						"w": 298,
						"h": 300
					},
					"anchor": {
						"x": 0.5,
						"y": 0.8
					}
				},
				{
					"filename": "walk/SE/0005",
					"frame": {
						"x": 419,
						"y": 2307,
						"w": 148,
						"h": 202
					},
					"rotated": false,
					"trimmed": true,
					"spriteSourceSize": {
						"x": 52,
						"y": 61,
						"w": 148,
						"h": 202
					},
					"sourceSize": {
						"w": 298,
						"h": 300
					},
					"anchor": {
						"x": 0.5,
						"y": 0.8
					}
				},
				{
					"filename": "walk/SE/0006",
					"frame": {
						"x": 567,
						"y": 2307,
						"w": 150,
						"h": 206
					},
					"rotated": false,
					"trimmed": true,
					"spriteSourceSize": {
						"x": 53,
						"y": 57,
						"w": 150,
						"h": 206
					},
					"sourceSize": {
						"w": 298,
						"h": 300
					},
					"anchor": {
						"x": 0.5,
						"y": 0.8
					}
				},
				{
					"filename": "walk/SW/0001",
					"frame": {
						"x": 717,
						"y": 2307,
						"w": 124,
						"h": 203
					},
					"rotated": false,
					"trimmed": true,
					"spriteSourceSize": {
						"x": 100,
						"y": 57,
						"w": 124,
						"h": 203
					},
					"sourceSize": {
						"w": 298,
						"h": 300
					},
					"anchor": {
						"x": 0.5,
						"y": 0.8
					}
				},
				{
					"filename": "walk/SW/0002",
					"frame": {
						"x": 841,
						"y": 2307,
						"w": 125,
						"h": 194
					},
					"rotated": false,
					"trimmed": true,
					"spriteSourceSize": {
						"x": 99,
						"y": 66,
						"w": 125,
						"h": 194
					},
					"sourceSize": {
						"w": 298,
						"h": 300
					},
					"anchor": {
						"x": 0.5,
						"y": 0.8
					}
				},
				{
					"filename": "walk/SW/0003",
					"frame": {
						"x": 966,
						"y": 2307,
						"w": 138,
						"h": 185
					},
					"rotated": false,
					"trimmed": true,
					"spriteSourceSize": {
						"x": 97,
						"y": 76,
						"w": 138,
						"h": 185
					},
					"sourceSize": {
						"w": 298,
						"h": 300
					},
					"anchor": {
						"x": 0.5,
						"y": 0.8
					}
				},
				{
					"filename": "walk/SW/0004",
					"frame": {
						"x": 1104,
						"y": 2307,
						"w": 136,
						"h": 190
					},
					"rotated": false,
					"trimmed": true,
					"spriteSourceSize": {
						"x": 98,
						"y": 71,
						"w": 136,
						"h": 190
					},
					"sourceSize": {
						"w": 298,
						"h": 300
					},
					"anchor": {
						"x": 0.5,
						"y": 0.8
					}
				},
				{
					"filename": "walk/SW/0005",
					"frame": {
						"x": 1240,
						"y": 2307,
						"w": 124,
						"h": 199
					},
					"rotated": false,
					"trimmed": true,
					"spriteSourceSize": {
						"x": 99,
						"y": 61,
						"w": 124,
						"h": 199
					},
					"sourceSize": {
						"w": 298,
						"h": 300
					},
					"anchor": {
						"x": 0.5,
						"y": 0.8
					}
				},
				{
					"filename": "walk/SW/0006",
					"frame": {
						"x": 1364,
						"y": 2307,
						"w": 123,
						"h": 204
					},
					"rotated": false,
					"trimmed": true,
					"spriteSourceSize": {
						"x": 100,
						"y": 57,
						"w": 123,
						"h": 204
					},
					"sourceSize": {
						"w": 298,
						"h": 300
					},
					"anchor": {
						"x": 0.5,
						"y": 0.8
					}
				},
				{
					"filename": "walk/W/0001",
					"frame": {
						"x": 1487,
						"y": 2307,
						"w": 171,
						"h": 210
					},
					"rotated": false,
					"trimmed": true,
					"spriteSourceSize": {
						"x": 90,
						"y": 54,
						"w": 171,
						"h": 210
					},
					"sourceSize": {
						"w": 298,
						"h": 300
					},
					"anchor": {
						"x": 0.5,
						"y": 0.8
					}
				},
				{
					"filename": "walk/W/0002",
					"frame": {
						"x": 1658,
						"y": 2307,
						"w": 179,
						"h": 203
					},
					"rotated": false,
					"trimmed": true,
					"spriteSourceSize": {
						"x": 88,
						"y": 61,
						"w": 179,
						"h": 203
					},
					"sourceSize": {
						"w": 298,
						"h": 300
					},
					"anchor": {
						"x": 0.5,
						"y": 0.8
					}
				},
				{
					"filename": "walk/W/0003",
					"frame": {
						"x": 1837,
						"y": 2307,
						"w": 179,
						"h": 193
					},
					"rotated": false,
					"trimmed": true,
					"spriteSourceSize": {
						"x": 85,
						"y": 70,
						"w": 179,
						"h": 193
					},
					"sourceSize": {
						"w": 298,
						"h": 300
					},
					"anchor": {
						"x": 0.5,
						"y": 0.8
					}
				},
				{
					"filename": "walk/W/0004",
					"frame": {
						"x": 2016,
						"y": 2307,
						"w": 176,
						"h": 198
					},
					"rotated": false,
					"trimmed": true,
					"spriteSourceSize": {
						"x": 87,
						"y": 66,
						"w": 176,
						"h": 198
					},
					"sourceSize": {
						"w": 298,
						"h": 300
					},
					"anchor": {
						"x": 0.5,
						"y": 0.8
					}
				},
				{
					"filename": "walk/W/0005",
					"frame": {
						"x": 2192,
						"y": 2307,
						"w": 167,
						"h": 207
					},
					"rotated": false,
					"trimmed": true,
					"spriteSourceSize": {
						"x": 94,
						"y": 57,
						"w": 167,
						"h": 207
					},
					"sourceSize": {
						"w": 298,
						"h": 300
					},
					"anchor": {
						"x": 0.5,
						"y": 0.8
					}
				},
				{
					"filename": "walk/W/0006",
					"frame": {
						"x": 2359,
						"y": 2307,
						"w": 168,
						"h": 210
					},
					"rotated": false,
					"trimmed": true,
					"spriteSourceSize": {
						"x": 91,
						"y": 54,
						"w": 168,
						"h": 210
					},
					"sourceSize": {
						"w": 298,
						"h": 300
					},
					"anchor": {
						"x": 0.5,
						"y": 0.8
					}
				}
			]
		}
	],
	"meta": {
		"app": "https://www.codeandweb.com/texturepacker",
		"version": "3.0",
		"smartupdate": "$TexturePacker:SmartUpdate:c03e30c77d09c74cc9bacc72733954d1:e0c0efbc755bf0404163b7797887f611:919df10cee08c9fce29faf2e09cd8933$"
	}
}
