{
	"textures": [
		{
			"image": "knight_hero.png",
			"format": "RGBA8888",
			"size": {
				"w": 3282,
				"h": 3282
			},
			"scale": 1,
			"frames": [
				{
					"filename": "critical/E/0001",
					"frame": {
						"x": 0,
						"y": 0,
						"w": 183,
						"h": 224
					},
					"rotated": false,
					"trimmed": true,
					"spriteSourceSize": {
						"x": 46,
						"y": 40,
						"w": 183,
						"h": 224
					},
					"sourceSize": {
						"w": 298,
						"h": 300
					},
					"anchor": {
						"x": 0.503356,
						"y": 0.8
					}
				},
				{
					"filename": "critical/E/0002",
					"frame": {
						"x": 183,
						"y": 0,
						"w": 177,
						"h": 189
					},
					"rotated": false,
					"trimmed": true,
					"spriteSourceSize": {
						"x": 79,
						"y": 74,
						"w": 177,
						"h": 189
					},
					"sourceSize": {
						"w": 298,
						"h": 300
					},
					"anchor": {
						"x": 0.503356,
						"y": 0.8
					}
				},
				{
					"filename": "critical/E/0003",
					"frame": {
						"x": 360,
						"y": 0,
						"w": 276,
						"h": 195
					},
					"rotated": false,
					"trimmed": true,
					"spriteSourceSize": {
						"x": 22,
						"y": 67,
						"w": 276,
						"h": 195
					},
					"sourceSize": {
						"w": 298,
						"h": 300
					},
					"anchor": {
						"x": 0.503356,
						"y": 0.8
					}
				},
				{
					"filename": "critical/E/0004",
					"frame": {
						"x": 636,
						"y": 0,
						"w": 262,
						"h": 183
					},
					"rotated": false,
					"trimmed": true,
					"spriteSourceSize": {
						"x": 34,
						"y": 79,
						"w": 262,
						"h": 183
					},
					"sourceSize": {
						"w": 298,
						"h": 300
					},
					"anchor": {
						"x": 0.503356,
						"y": 0.8
					}
				},
				{
					"filename": "critical/E/0005",
					"frame": {
						"x": 898,
						"y": 0,
						"w": 267,
						"h": 207
					},
					"rotated": false,
					"trimmed": true,
					"spriteSourceSize": {
						"x": 29,
						"y": 56,
						"w": 267,
						"h": 207
					},
					"sourceSize": {
						"w": 298,
						"h": 300
					},
					"anchor": {
						"x": 0.503356,
						"y": 0.8
					}
				},
				{
					"filename": "critical/E/0006",
					"frame": {
						"x": 1165,
						"y": 0,
						"w": 250,
						"h": 226
					},
					"rotated": false,
					"trimmed": true,
					"spriteSourceSize": {
						"x": 43,
						"y": 39,
						"w": 250,
						"h": 226
					},
					"sourceSize": {
						"w": 298,
						"h": 300
					},
					"anchor": {
						"x": 0.503356,
						"y": 0.8
					}
				},
				{
					"filename": "critical/N/0001",
					"frame": {
						"x": 1415,
						"y": 0,
						"w": 158,
						"h": 228
					},
					"rotated": false,
					"trimmed": true,
					"spriteSourceSize": {
						"x": 103,
						"y": 45,
						"w": 158,
						"h": 228
					},
					"sourceSize": {
						"w": 298,
						"h": 300
					},
					"anchor": {
						"x": 0.503356,
						"y": 0.8
					}
				},
				{
					"filename": "critical/N/0002",
					"frame": {
						"x": 1573,
						"y": 0,
						"w": 154,
						"h": 197
					},
					"rotated": false,
					"trimmed": true,
					"spriteSourceSize": {
						"x": 107,
						"y": 69,
						"w": 154,
						"h": 197
					},
					"sourceSize": {
						"w": 298,
						"h": 300
					},
					"anchor": {
						"x": 0.503356,
						"y": 0.8
					}
				},
				{
					"filename": "critical/N/0003",
					"frame": {
						"x": 1727,
						"y": 0,
						"w": 179,
						"h": 212
					},
					"rotated": false,
					"trimmed": true,
					"spriteSourceSize": {
						"x": 84,
						"y": 63,
						"w": 179,
						"h": 212
					},
					"sourceSize": {
						"w": 298,
						"h": 300
					},
					"anchor": {
						"x": 0.503356,
						"y": 0.8
					}
				},
				{
					"filename": "critical/N/0004",
					"frame": {
						"x": 1906,
						"y": 0,
						"w": 137,
						"h": 202
					},
					"rotated": false,
					"trimmed": true,
					"spriteSourceSize": {
						"x": 85,
						"y": 72,
						"w": 137,
						"h": 202
					},
					"sourceSize": {
						"w": 298,
						"h": 300
					},
					"anchor": {
						"x": 0.503356,
						"y": 0.8
					}
				},
				{
					"filename": "critical/N/0005",
					"frame": {
						"x": 2043,
						"y": 0,
						"w": 126,
						"h": 220
					},
					"rotated": false,
					"trimmed": true,
					"spriteSourceSize": {
						"x": 98,
						"y": 54,
						"w": 126,
						"h": 220
					},
					"sourceSize": {
						"w": 298,
						"h": 300
					},
					"anchor": {
						"x": 0.503356,
						"y": 0.8
					}
				},
				{
					"filename": "critical/N/0006",
					"frame": {
						"x": 2169,
						"y": 0,
						"w": 168,
						"h": 228
					},
					"rotated": false,
					"trimmed": true,
					"spriteSourceSize": {
						"x": 102,
						"y": 45,
						"w": 168,
						"h": 228
					},
					"sourceSize": {
						"w": 298,
						"h": 300
					},
					"anchor": {
						"x": 0.503356,
						"y": 0.8
					}
				},
				{
					"filename": "critical/NE/0001",
					"frame": {
						"x": 2337,
						"y": 0,
						"w": 224,
						"h": 229
					},
					"rotated": false,
					"trimmed": true,
					"spriteSourceSize": {
						"x": 58,
						"y": 42,
						"w": 224,
						"h": 229
					},
					"sourceSize": {
						"w": 298,
						"h": 300
					},
					"anchor": {
						"x": 0.503356,
						"y": 0.8
					}
				},
				{
					"filename": "critical/NE/0002",
					"frame": {
						"x": 2561,
						"y": 0,
						"w": 213,
						"h": 194
					},
					"rotated": false,
					"trimmed": true,
					"spriteSourceSize": {
						"x": 85,
						"y": 70,
						"w": 213,
						"h": 194
					},
					"sourceSize": {
						"w": 298,
						"h": 300
					},
					"anchor": {
						"x": 0.503356,
						"y": 0.8
					}
				},
				{
					"filename": "critical/NE/0003",
					"frame": {
						"x": 2774,
						"y": 0,
						"w": 271,
						"h": 204
					},
					"rotated": false,
					"trimmed": true,
					"spriteSourceSize": {
						"x": 27,
						"y": 64,
						"w": 271,
						"h": 204
					},
					"sourceSize": {
						"w": 298,
						"h": 300
					},
					"anchor": {
						"x": 0.503356,
						"y": 0.8
					}
				},
				{
					"filename": "critical/NE/0004",
					"frame": {
						"x": 3045,
						"y": 0,
						"w": 237,
						"h": 192
					},
					"rotated": false,
					"trimmed": true,
					"spriteSourceSize": {
						"x": 54,
						"y": 75,
						"w": 237,
						"h": 192
					},
					"sourceSize": {
						"w": 298,
						"h": 300
					},
					"anchor": {
						"x": 0.503356,
						"y": 0.8
					}
				},
				{
					"filename": "critical/NE/0005",
					"frame": {
						"x": 0,
						"y": 229,
						"w": 259,
						"h": 213
					},
					"rotated": false,
					"trimmed": true,
					"spriteSourceSize": {
						"x": 33,
						"y": 54,
						"w": 259,
						"h": 213
					},
					"sourceSize": {
						"w": 298,
						"h": 300
					},
					"anchor": {
						"x": 0.503356,
						"y": 0.8
					}
				},
				{
					"filename": "critical/NE/0006",
					"frame": {
						"x": 259,
						"y": 229,
						"w": 236,
						"h": 229
					},
					"rotated": false,
					"trimmed": true,
					"spriteSourceSize": {
						"x": 54,
						"y": 42,
						"w": 236,
						"h": 229
					},
					"sourceSize": {
						"w": 298,
						"h": 300
					},
					"anchor": {
						"x": 0.503356,
						"y": 0.8
					}
				},
				{
					"filename": "critical/NW/0001",
					"frame": {
						"x": 495,
						"y": 229,
						"w": 159,
						"h": 226
					},
					"rotated": false,
					"trimmed": true,
					"spriteSourceSize": {
						"x": 99,
						"y": 42,
						"w": 159,
						"h": 226
					},
					"sourceSize": {
						"w": 298,
						"h": 300
					},
					"anchor": {
						"x": 0.503356,
						"y": 0.8
					}
				},
				{
					"filename": "critical/NW/0002",
					"frame": {
						"x": 654,
						"y": 229,
						"w": 116,
						"h": 195
					},
					"rotated": false,
					"trimmed": true,
					"spriteSourceSize": {
						"x": 102,
						"y": 68,
						"w": 116,
						"h": 195
					},
					"sourceSize": {
						"w": 298,
						"h": 300
					},
					"anchor": {
						"x": 0.503356,
						"y": 0.8
					}
				},
				{
					"filename": "critical/NW/0003",
					"frame": {
						"x": 770,
						"y": 229,
						"w": 195,
						"h": 211
					},
					"rotated": false,
					"trimmed": true,
					"spriteSourceSize": {
						"x": 50,
						"y": 62,
						"w": 195,
						"h": 211
					},
					"sourceSize": {
						"w": 298,
						"h": 300
					},
					"anchor": {
						"x": 0.503356,
						"y": 0.8
					}
				},
				{
					"filename": "critical/NW/0004",
					"frame": {
						"x": 965,
						"y": 229,
						"w": 179,
						"h": 201
					},
					"rotated": false,
					"trimmed": true,
					"spriteSourceSize": {
						"x": 52,
						"y": 70,
						"w": 179,
						"h": 201
					},
					"sourceSize": {
						"w": 298,
						"h": 300
					},
					"anchor": {
						"x": 0.503356,
						"y": 0.8
					}
				},
				{
					"filename": "critical/NW/0005",
					"frame": {
						"x": 1144,
						"y": 229,
						"w": 200,
						"h": 213
					},
					"rotated": false,
					"trimmed": true,
					"spriteSourceSize": {
						"x": 59,
						"y": 53,
						"w": 200,
						"h": 213
					},
					"sourceSize": {
						"w": 298,
						"h": 300
					},
					"anchor": {
						"x": 0.503356,
						"y": 0.8
					}
				},
				{
					"filename": "critical/NW/0006",
					"frame": {
						"x": 1344,
						"y": 229,
						"w": 201,
						"h": 227
					},
					"rotated": false,
					"trimmed": true,
					"spriteSourceSize": {
						"x": 57,
						"y": 42,
						"w": 201,
						"h": 227
					},
					"sourceSize": {
						"w": 298,
						"h": 300
					},
					"anchor": {
						"x": 0.503356,
						"y": 0.8
					}
				},
				{
					"filename": "critical/S/0001",
					"frame": {
						"x": 1545,
						"y": 229,
						"w": 158,
						"h": 219
					},
					"rotated": false,
					"trimmed": true,
					"spriteSourceSize": {
						"x": 44,
						"y": 40,
						"w": 158,
						"h": 219
					},
					"sourceSize": {
						"w": 298,
						"h": 300
					},
					"anchor": {
						"x": 0.503356,
						"y": 0.8
					}
				},
				{
					"filename": "critical/S/0002",
					"frame": {
						"x": 1703,
						"y": 229,
						"w": 154,
						"h": 178
					},
					"rotated": false,
					"trimmed": true,
					"spriteSourceSize": {
						"x": 43,
						"y": 82,
						"w": 154,
						"h": 178
					},
					"sourceSize": {
						"w": 298,
						"h": 300
					},
					"anchor": {
						"x": 0.503356,
						"y": 0.8
					}
				},
				{
					"filename": "critical/S/0003",
					"frame": {
						"x": 1857,
						"y": 229,
						"w": 180,
						"h": 189
					},
					"rotated": false,
					"trimmed": true,
					"spriteSourceSize": {
						"x": 41,
						"y": 72,
						"w": 180,
						"h": 189
					},
					"sourceSize": {
						"w": 298,
						"h": 300
					},
					"anchor": {
						"x": 0.503356,
						"y": 0.8
					}
				},
				{
					"filename": "critical/S/0004",
					"frame": {
						"x": 2037,
						"y": 229,
						"w": 138,
						"h": 182
					},
					"rotated": false,
					"trimmed": true,
					"spriteSourceSize": {
						"x": 81,
						"y": 78,
						"w": 138,
						"h": 182
					},
					"sourceSize": {
						"w": 298,
						"h": 300
					},
					"anchor": {
						"x": 0.503356,
						"y": 0.8
					}
				},
				{
					"filename": "critical/S/0005",
					"frame": {
						"x": 2175,
						"y": 229,
						"w": 126,
						"h": 201
					},
					"rotated": false,
					"trimmed": true,
					"spriteSourceSize": {
						"x": 80,
						"y": 60,
						"w": 126,
						"h": 201
					},
					"sourceSize": {
						"w": 298,
						"h": 300
					},
					"anchor": {
						"x": 0.503356,
						"y": 0.8
					}
				},
				{
					"filename": "critical/S/0006",
					"frame": {
						"x": 2301,
						"y": 229,
						"w": 167,
						"h": 221
					},
					"rotated": false,
					"trimmed": true,
					"spriteSourceSize": {
						"x": 35,
						"y": 38,
						"w": 167,
						"h": 221
					},
					"sourceSize": {
						"w": 298,
						"h": 300
					},
					"anchor": {
						"x": 0.503356,
						"y": 0.8
					}
				},
				{
					"filename": "critical/SE/0001",
					"frame": {
						"x": 2468,
						"y": 229,
						"w": 158,
						"h": 223
					},
					"rotated": false,
					"trimmed": true,
					"spriteSourceSize": {
						"x": 47,
						"y": 39,
						"w": 158,
						"h": 223
					},
					"sourceSize": {
						"w": 298,
						"h": 300
					},
					"anchor": {
						"x": 0.503356,
						"y": 0.8
					}
				},
				{
					"filename": "critical/SE/0002",
					"frame": {
						"x": 2626,
						"y": 229,
						"w": 117,
						"h": 182
					},
					"rotated": false,
					"trimmed": true,
					"spriteSourceSize": {
						"x": 86,
						"y": 80,
						"w": 117,
						"h": 182
					},
					"sourceSize": {
						"w": 298,
						"h": 300
					},
					"anchor": {
						"x": 0.503356,
						"y": 0.8
					}
				},
				{
					"filename": "critical/SE/0003",
					"frame": {
						"x": 2743,
						"y": 229,
						"w": 198,
						"h": 190
					},
					"rotated": false,
					"trimmed": true,
					"spriteSourceSize": {
						"x": 56,
						"y": 72,
						"w": 198,
						"h": 190
					},
					"sourceSize": {
						"w": 298,
						"h": 300
					},
					"anchor": {
						"x": 0.503356,
						"y": 0.8
					}
				},
				{
					"filename": "critical/SE/0004",
					"frame": {
						"x": 2941,
						"y": 229,
						"w": 179,
						"h": 181
					},
					"rotated": false,
					"trimmed": true,
					"spriteSourceSize": {
						"x": 73,
						"y": 81,
						"w": 179,
						"h": 181
					},
					"sourceSize": {
						"w": 298,
						"h": 300
					},
					"anchor": {
						"x": 0.503356,
						"y": 0.8
					}
				},
				{
					"filename": "critical/SE/0005",
					"frame": {
						"x": 0,
						"y": 458,
						"w": 200,
						"h": 202
					},
					"rotated": false,
					"trimmed": true,
					"spriteSourceSize": {
						"x": 45,
						"y": 60,
						"w": 200,
						"h": 202
					},
					"sourceSize": {
						"w": 298,
						"h": 300
					},
					"anchor": {
						"x": 0.503356,
						"y": 0.8
					}
				},
				{
					"filename": "critical/SE/0006",
					"frame": {
						"x": 200,
						"y": 458,
						"w": 200,
						"h": 225
					},
					"rotated": false,
					"trimmed": true,
					"spriteSourceSize": {
						"x": 46,
						"y": 37,
						"w": 200,
						"h": 225
					},
					"sourceSize": {
						"w": 298,
						"h": 300
					},
					"anchor": {
						"x": 0.503356,
						"y": 0.8
					}
				},
				{
					"filename": "critical/SW/0001",
					"frame": {
						"x": 400,
						"y": 458,
						"w": 224,
						"h": 220
					},
					"rotated": false,
					"trimmed": true,
					"spriteSourceSize": {
						"x": 22,
						"y": 39,
						"w": 224,
						"h": 220
					},
					"sourceSize": {
						"w": 298,
						"h": 300
					},
					"anchor": {
						"x": 0.503356,
						"y": 0.8
					}
				},
				{
					"filename": "critical/SW/0002",
					"frame": {
						"x": 624,
						"y": 458,
						"w": 217,
						"h": 182
					},
					"rotated": false,
					"trimmed": true,
					"spriteSourceSize": {
						"x": 2,
						"y": 78,
						"w": 217,
						"h": 182
					},
					"sourceSize": {
						"w": 298,
						"h": 300
					},
					"anchor": {
						"x": 0.503356,
						"y": 0.8
					}
				},
				{
					"filename": "critical/SW/0003",
					"frame": {
						"x": 841,
						"y": 458,
						"w": 274,
						"h": 192
					},
					"rotated": false,
					"trimmed": true,
					"spriteSourceSize": {
						"x": 4,
						"y": 68,
						"w": 274,
						"h": 192
					},
					"sourceSize": {
						"w": 298,
						"h": 300
					},
					"anchor": {
						"x": 0.503356,
						"y": 0.8
					}
				},
				{
					"filename": "critical/SW/0004",
					"frame": {
						"x": 1115,
						"y": 458,
						"w": 236,
						"h": 186
					},
					"rotated": false,
					"trimmed": true,
					"spriteSourceSize": {
						"x": 14,
						"y": 74,
						"w": 236,
						"h": 186
					},
					"sourceSize": {
						"w": 298,
						"h": 300
					},
					"anchor": {
						"x": 0.503356,
						"y": 0.8
					}
				},
				{
					"filename": "critical/SW/0005",
					"frame": {
						"x": 1351,
						"y": 458,
						"w": 260,
						"h": 202
					},
					"rotated": false,
					"trimmed": true,
					"spriteSourceSize": {
						"x": 12,
						"y": 59,
						"w": 260,
						"h": 202
					},
					"sourceSize": {
						"w": 298,
						"h": 300
					},
					"anchor": {
						"x": 0.503356,
						"y": 0.8
					}
				},
				{
					"filename": "critical/SW/0006",
					"frame": {
						"x": 1611,
						"y": 458,
						"w": 236,
						"h": 222
					},
					"rotated": false,
					"trimmed": true,
					"spriteSourceSize": {
						"x": 14,
						"y": 37,
						"w": 236,
						"h": 222
					},
					"sourceSize": {
						"w": 298,
						"h": 300
					},
					"anchor": {
						"x": 0.503356,
						"y": 0.8
					}
				},
				{
					"filename": "critical/W/0001",
					"frame": {
						"x": 1847,
						"y": 458,
						"w": 182,
						"h": 221
					},
					"rotated": false,
					"trimmed": true,
					"spriteSourceSize": {
						"x": 76,
						"y": 40,
						"w": 182,
						"h": 221
					},
					"sourceSize": {
						"w": 298,
						"h": 300
					},
					"anchor": {
						"x": 0.503356,
						"y": 0.8
					}
				},
				{
					"filename": "critical/W/0002",
					"frame": {
						"x": 2029,
						"y": 458,
						"w": 177,
						"h": 187
					},
					"rotated": false,
					"trimmed": true,
					"spriteSourceSize": {
						"x": 49,
						"y": 72,
						"w": 177,
						"h": 187
					},
					"sourceSize": {
						"w": 298,
						"h": 300
					},
					"anchor": {
						"x": 0.503356,
						"y": 0.8
					}
				},
				{
					"filename": "critical/W/0003",
					"frame": {
						"x": 2206,
						"y": 458,
						"w": 277,
						"h": 197
					},
					"rotated": false,
					"trimmed": true,
					"spriteSourceSize": {
						"x": 5,
						"y": 64,
						"w": 277,
						"h": 197
					},
					"sourceSize": {
						"w": 298,
						"h": 300
					},
					"anchor": {
						"x": 0.503356,
						"y": 0.8
					}
				},
				{
					"filename": "critical/W/0004",
					"frame": {
						"x": 2483,
						"y": 458,
						"w": 263,
						"h": 195
					},
					"rotated": false,
					"trimmed": true,
					"spriteSourceSize": {
						"x": 8,
						"y": 70,
						"w": 263,
						"h": 195
					},
					"sourceSize": {
						"w": 298,
						"h": 300
					},
					"anchor": {
						"x": 0.503356,
						"y": 0.8
					}
				},
				{
					"filename": "critical/W/0005",
					"frame": {
						"x": 2746,
						"y": 458,
						"w": 269,
						"h": 206
					},
					"rotated": false,
					"trimmed": true,
					"spriteSourceSize": {
						"x": 7,
						"y": 55,
						"w": 269,
						"h": 206
					},
					"sourceSize": {
						"w": 298,
						"h": 300
					},
					"anchor": {
						"x": 0.503356,
						"y": 0.8
					}
				},
				{
					"filename": "critical/W/0006",
					"frame": {
						"x": 3015,
						"y": 458,
						"w": 251,
						"h": 222
					},
					"rotated": false,
					"trimmed": true,
					"spriteSourceSize": {
						"x": 11,
						"y": 39,
						"w": 251,
						"h": 222
					},
					"sourceSize": {
						"w": 298,
						"h": 300
					},
					"anchor": {
						"x": 0.503356,
						"y": 0.8
					}
				},
				{
					"filename": "death/E/0001",
					"frame": {
						"x": 0,
						"y": 683,
						"w": 210,
						"h": 223
					},
					"rotated": false,
					"trimmed": true,
					"spriteSourceSize": {
						"x": 43,
						"y": 39,
						"w": 210,
						"h": 223
					},
					"sourceSize": {
						"w": 298,
						"h": 300
					},
					"anchor": {
						"x": 0.503356,
						"y": 0.8
					}
				},
				{
					"filename": "death/E/0002",
					"frame": {
						"x": 210,
						"y": 683,
						"w": 186,
						"h": 213
					},
					"rotated": false,
					"trimmed": true,
					"spriteSourceSize": {
						"x": 65,
						"y": 48,
						"w": 186,
						"h": 213
					},
					"sourceSize": {
						"w": 298,
						"h": 300
					},
					"anchor": {
						"x": 0.503356,
						"y": 0.8
					}
				},
				{
					"filename": "death/E/0003",
					"frame": {
						"x": 396,
						"y": 683,
						"w": 187,
						"h": 192
					},
					"rotated": false,
					"trimmed": true,
					"spriteSourceSize": {
						"x": 48,
						"y": 69,
						"w": 187,
						"h": 192
					},
					"sourceSize": {
						"w": 298,
						"h": 300
					},
					"anchor": {
						"x": 0.503356,
						"y": 0.8
					}
				},
				{
					"filename": "death/E/0004",
					"frame": {
						"x": 583,
						"y": 683,
						"w": 232,
						"h": 157
					},
					"rotated": false,
					"trimmed": true,
					"spriteSourceSize": {
						"x": 29,
						"y": 106,
						"w": 232,
						"h": 157
					},
					"sourceSize": {
						"w": 298,
						"h": 300
					},
					"anchor": {
						"x": 0.503356,
						"y": 0.8
					}
				},
				{
					"filename": "death/E/0005",
					"frame": {
						"x": 815,
						"y": 683,
						"w": 229,
						"h": 97
					},
					"rotated": false,
					"trimmed": true,
					"spriteSourceSize": {
						"x": 5,
						"y": 169,
						"w": 229,
						"h": 97
					},
					"sourceSize": {
						"w": 298,
						"h": 300
					},
					"anchor": {
						"x": 0.503356,
						"y": 0.8
					}
				},
				{
					"filename": "death/E/0006",
					"frame": {
						"x": 1044,
						"y": 683,
						"w": 233,
						"h": 78
					},
					"rotated": false,
					"trimmed": true,
					"spriteSourceSize": {
						"x": 7,
						"y": 193,
						"w": 233,
						"h": 78
					},
					"sourceSize": {
						"w": 298,
						"h": 300
					},
					"anchor": {
						"x": 0.503356,
						"y": 0.8
					}
				},
				{
					"filename": "death/N/0001",
					"frame": {
						"x": 1277,
						"y": 683,
						"w": 125,
						"h": 228
					},
					"rotated": false,
					"trimmed": true,
					"spriteSourceSize": {
						"x": 103,
						"y": 45,
						"w": 125,
						"h": 228
					},
					"sourceSize": {
						"w": 298,
						"h": 300
					},
					"anchor": {
						"x": 0.503356,
						"y": 0.8
					}
				},
				{
					"filename": "death/N/0002",
					"frame": {
						"x": 1402,
						"y": 683,
						"w": 170,
						"h": 215
					},
					"rotated": false,
					"trimmed": true,
					"spriteSourceSize": {
						"x": 91,
						"y": 52,
						"w": 170,
						"h": 215
					},
					"sourceSize": {
						"w": 298,
						"h": 300
					},
					"anchor": {
						"x": 0.503356,
						"y": 0.8
					}
				},
				{
					"filename": "death/N/0003",
					"frame": {
						"x": 1572,
						"y": 683,
						"w": 207,
						"h": 196
					},
					"rotated": false,
					"trimmed": true,
					"spriteSourceSize": {
						"x": 73,
						"y": 75,
						"w": 207,
						"h": 196
					},
					"sourceSize": {
						"w": 298,
						"h": 300
					},
					"anchor": {
						"x": 0.503356,
						"y": 0.8
					}
				},
				{
					"filename": "death/N/0004",
					"frame": {
						"x": 1779,
						"y": 683,
						"w": 204,
						"h": 209
					},
					"rotated": false,
					"trimmed": true,
					"spriteSourceSize": {
						"x": 40,
						"y": 67,
						"w": 204,
						"h": 209
					},
					"sourceSize": {
						"w": 298,
						"h": 300
					},
					"anchor": {
						"x": 0.503356,
						"y": 0.8
					}
				},
				{
					"filename": "death/N/0005",
					"frame": {
						"x": 1983,
						"y": 683,
						"w": 237,
						"h": 98
					},
					"rotated": false,
					"trimmed": true,
					"spriteSourceSize": {
						"x": 18,
						"y": 180,
						"w": 237,
						"h": 98
					},
					"sourceSize": {
						"w": 298,
						"h": 300
					},
					"anchor": {
						"x": 0.503356,
						"y": 0.8
					}
				},
				{
					"filename": "death/N/0006",
					"frame": {
						"x": 2220,
						"y": 683,
						"w": 219,
						"h": 81
					},
					"rotated": false,
					"trimmed": true,
					"spriteSourceSize": {
						"x": 25,
						"y": 201,
						"w": 219,
						"h": 81
					},
					"sourceSize": {
						"w": 298,
						"h": 300
					},
					"anchor": {
						"x": 0.503356,
						"y": 0.8
					}
				},
				{
					"filename": "death/NE/0001",
					"frame": {
						"x": 2439,
						"y": 683,
						"w": 224,
						"h": 227
					},
					"rotated": false,
					"trimmed": true,
					"spriteSourceSize": {
						"x": 53,
						"y": 42,
						"w": 224,
						"h": 227
					},
					"sourceSize": {
						"w": 298,
						"h": 300
					},
					"anchor": {
						"x": 0.503356,
						"y": 0.8
					}
				},
				{
					"filename": "death/NE/0002",
					"frame": {
						"x": 2663,
						"y": 683,
						"w": 246,
						"h": 213
					},
					"rotated": false,
					"trimmed": true,
					"spriteSourceSize": {
						"x": 52,
						"y": 50,
						"w": 246,
						"h": 213
					},
					"sourceSize": {
						"w": 298,
						"h": 300
					},
					"anchor": {
						"x": 0.503356,
						"y": 0.8
					}
				},
				{
					"filename": "death/NE/0003",
					"frame": {
						"x": 2909,
						"y": 683,
						"w": 257,
						"h": 195
					},
					"rotated": false,
					"trimmed": true,
					"spriteSourceSize": {
						"x": 41,
						"y": 73,
						"w": 257,
						"h": 195
					},
					"sourceSize": {
						"w": 298,
						"h": 300
					},
					"anchor": {
						"x": 0.503356,
						"y": 0.8
					}
				},
				{
					"filename": "death/NE/0004",
					"frame": {
						"x": 0,
						"y": 911,
						"w": 262,
						"h": 184
					},
					"rotated": false,
					"trimmed": true,
					"spriteSourceSize": {
						"x": 32,
						"y": 87,
						"w": 262,
						"h": 184
					},
					"sourceSize": {
						"w": 298,
						"h": 300
					},
					"anchor": {
						"x": 0.503356,
						"y": 0.8
					}
				},
				{
					"filename": "death/NE/0005",
					"frame": {
						"x": 262,
						"y": 911,
						"w": 282,
						"h": 86
					},
					"rotated": false,
					"trimmed": true,
					"spriteSourceSize": {
						"x": 0,
						"y": 186,
						"w": 282,
						"h": 86
					},
					"sourceSize": {
						"w": 298,
						"h": 300
					},
					"anchor": {
						"x": 0.503356,
						"y": 0.8
					}
				},
				{
					"filename": "death/NE/0006",
					"frame": {
						"x": 544,
						"y": 911,
						"w": 264,
						"h": 70
					},
					"rotated": false,
					"trimmed": true,
					"spriteSourceSize": {
						"x": 9,
						"y": 202,
						"w": 264,
						"h": 70
					},
					"sourceSize": {
						"w": 298,
						"h": 300
					},
					"anchor": {
						"x": 0.503356,
						"y": 0.8
					}
				},
				{
					"filename": "death/NW/0001",
					"frame": {
						"x": 808,
						"y": 911,
						"w": 160,
						"h": 228
					},
					"rotated": false,
					"trimmed": true,
					"spriteSourceSize": {
						"x": 98,
						"y": 42,
						"w": 160,
						"h": 228
					},
					"sourceSize": {
						"w": 298,
						"h": 300
					},
					"anchor": {
						"x": 0.503356,
						"y": 0.8
					}
				},
				{
					"filename": "death/NW/0002",
					"frame": {
						"x": 968,
						"y": 911,
						"w": 131,
						"h": 215
					},
					"rotated": false,
					"trimmed": true,
					"spriteSourceSize": {
						"x": 96,
						"y": 50,
						"w": 131,
						"h": 215
					},
					"sourceSize": {
						"w": 298,
						"h": 300
					},
					"anchor": {
						"x": 0.503356,
						"y": 0.8
					}
				},
				{
					"filename": "death/NW/0003",
					"frame": {
						"x": 1099,
						"y": 911,
						"w": 145,
						"h": 201
					},
					"rotated": false,
					"trimmed": true,
					"spriteSourceSize": {
						"x": 91,
						"y": 72,
						"w": 145,
						"h": 201
					},
					"sourceSize": {
						"w": 298,
						"h": 300
					},
					"anchor": {
						"x": 0.503356,
						"y": 0.8
					}
				},
				{
					"filename": "death/NW/0004",
					"frame": {
						"x": 1244,
						"y": 911,
						"w": 191,
						"h": 214
					},
					"rotated": false,
					"trimmed": true,
					"spriteSourceSize": {
						"x": 60,
						"y": 60,
						"w": 191,
						"h": 214
					},
					"sourceSize": {
						"w": 298,
						"h": 300
					},
					"anchor": {
						"x": 0.503356,
						"y": 0.8
					}
				},
				{
					"filename": "death/NW/0005",
					"frame": {
						"x": 1435,
						"y": 911,
						"w": 174,
						"h": 112
					},
					"rotated": false,
					"trimmed": true,
					"spriteSourceSize": {
						"x": 76,
						"y": 170,
						"w": 174,
						"h": 112
					},
					"sourceSize": {
						"w": 298,
						"h": 300
					},
					"anchor": {
						"x": 0.503356,
						"y": 0.8
					}
				},
				{
					"filename": "death/NW/0006",
					"frame": {
						"x": 1609,
						"y": 911,
						"w": 183,
						"h": 84
					},
					"rotated": false,
					"trimmed": true,
					"spriteSourceSize": {
						"x": 69,
						"y": 197,
						"w": 183,
						"h": 84
					},
					"sourceSize": {
						"w": 298,
						"h": 300
					},
					"anchor": {
						"x": 0.503356,
						"y": 0.8
					}
				},
				{
					"filename": "death/S/0001",
					"frame": {
						"x": 1792,
						"y": 911,
						"w": 126,
						"h": 220
					},
					"rotated": false,
					"trimmed": true,
					"spriteSourceSize": {
						"x": 76,
						"y": 39,
						"w": 126,
						"h": 220
					},
					"sourceSize": {
						"w": 298,
						"h": 300
					},
					"anchor": {
						"x": 0.503356,
						"y": 0.8
					}
				},
				{
					"filename": "death/S/0002",
					"frame": {
						"x": 1918,
						"y": 911,
						"w": 169,
						"h": 212
					},
					"rotated": false,
					"trimmed": true,
					"spriteSourceSize": {
						"x": 44,
						"y": 48,
						"w": 169,
						"h": 212
					},
					"sourceSize": {
						"w": 298,
						"h": 300
					},
					"anchor": {
						"x": 0.503356,
						"y": 0.8
					}
				},
				{
					"filename": "death/S/0003",
					"frame": {
						"x": 2087,
						"y": 911,
						"w": 207,
						"h": 194
					},
					"rotated": false,
					"trimmed": true,
					"spriteSourceSize": {
						"x": 25,
						"y": 67,
						"w": 207,
						"h": 194
					},
					"sourceSize": {
						"w": 298,
						"h": 300
					},
					"anchor": {
						"x": 0.503356,
						"y": 0.8
					}
				},
				{
					"filename": "death/S/0004",
					"frame": {
						"x": 2294,
						"y": 911,
						"w": 204,
						"h": 160
					},
					"rotated": false,
					"trimmed": true,
					"spriteSourceSize": {
						"x": 60,
						"y": 103,
						"w": 204,
						"h": 160
					},
					"sourceSize": {
						"w": 298,
						"h": 300
					},
					"anchor": {
						"x": 0.503356,
						"y": 0.8
					}
				},
				{
					"filename": "death/S/0005",
					"frame": {
						"x": 2498,
						"y": 911,
						"w": 237,
						"h": 125
					},
					"rotated": false,
					"trimmed": true,
					"spriteSourceSize": {
						"x": 49,
						"y": 143,
						"w": 237,
						"h": 125
					},
					"sourceSize": {
						"w": 298,
						"h": 300
					},
					"anchor": {
						"x": 0.503356,
						"y": 0.8
					}
				},
				{
					"filename": "death/S/0006",
					"frame": {
						"x": 2735,
						"y": 911,
						"w": 219,
						"h": 92
					},
					"rotated": false,
					"trimmed": true,
					"spriteSourceSize": {
						"x": 60,
						"y": 178,
						"w": 219,
						"h": 92
					},
					"sourceSize": {
						"w": 298,
						"h": 300
					},
					"anchor": {
						"x": 0.503356,
						"y": 0.8
					}
				},
				{
					"filename": "death/SE/0001",
					"frame": {
						"x": 2954,
						"y": 911,
						"w": 159,
						"h": 224
					},
					"rotated": false,
					"trimmed": true,
					"spriteSourceSize": {
						"x": 47,
						"y": 37,
						"w": 159,
						"h": 224
					},
					"sourceSize": {
						"w": 298,
						"h": 300
					},
					"anchor": {
						"x": 0.503356,
						"y": 0.8
					}
				},
				{
					"filename": "death/SE/0002",
					"frame": {
						"x": 3113,
						"y": 911,
						"w": 131,
						"h": 215
					},
					"rotated": false,
					"trimmed": true,
					"spriteSourceSize": {
						"x": 77,
						"y": 47,
						"w": 131,
						"h": 215
					},
					"sourceSize": {
						"w": 298,
						"h": 300
					},
					"anchor": {
						"x": 0.503356,
						"y": 0.8
					}
				},
				{
					"filename": "death/SE/0003",
					"frame": {
						"x": 0,
						"y": 1139,
						"w": 144,
						"h": 194
					},
					"rotated": false,
					"trimmed": true,
					"spriteSourceSize": {
						"x": 69,
						"y": 68,
						"w": 144,
						"h": 194
					},
					"sourceSize": {
						"w": 298,
						"h": 300
					},
					"anchor": {
						"x": 0.503356,
						"y": 0.8
					}
				},
				{
					"filename": "death/SE/0004",
					"frame": {
						"x": 144,
						"y": 1139,
						"w": 191,
						"h": 161
					},
					"rotated": false,
					"trimmed": true,
					"spriteSourceSize": {
						"x": 53,
						"y": 103,
						"w": 191,
						"h": 161
					},
					"sourceSize": {
						"w": 298,
						"h": 300
					},
					"anchor": {
						"x": 0.503356,
						"y": 0.8
					}
				},
				{
					"filename": "death/SE/0005",
					"frame": {
						"x": 335,
						"y": 1139,
						"w": 174,
						"h": 122
					},
					"rotated": false,
					"trimmed": true,
					"spriteSourceSize": {
						"x": 54,
						"y": 149,
						"w": 174,
						"h": 122
					},
					"sourceSize": {
						"w": 298,
						"h": 300
					},
					"anchor": {
						"x": 0.503356,
						"y": 0.8
					}
				},
				{
					"filename": "death/SE/0006",
					"frame": {
						"x": 509,
						"y": 1139,
						"w": 183,
						"h": 97
					},
					"rotated": false,
					"trimmed": true,
					"spriteSourceSize": {
						"x": 52,
						"y": 180,
						"w": 183,
						"h": 97
					},
					"sourceSize": {
						"w": 298,
						"h": 300
					},
					"anchor": {
						"x": 0.503356,
						"y": 0.8
					}
				},
				{
					"filename": "death/SW/0001",
					"frame": {
						"x": 692,
						"y": 1139,
						"w": 224,
						"h": 223
					},
					"rotated": false,
					"trimmed": true,
					"spriteSourceSize": {
						"x": 27,
						"y": 37,
						"w": 224,
						"h": 223
					},
					"sourceSize": {
						"w": 298,
						"h": 300
					},
					"anchor": {
						"x": 0.503356,
						"y": 0.8
					}
				},
				{
					"filename": "death/SW/0002",
					"frame": {
						"x": 916,
						"y": 1139,
						"w": 247,
						"h": 214
					},
					"rotated": false,
					"trimmed": true,
					"spriteSourceSize": {
						"x": 6,
						"y": 47,
						"w": 247,
						"h": 214
					},
					"sourceSize": {
						"w": 298,
						"h": 300
					},
					"anchor": {
						"x": 0.503356,
						"y": 0.8
					}
				},
				{
					"filename": "death/SW/0003",
					"frame": {
						"x": 1163,
						"y": 1139,
						"w": 261,
						"h": 197
					},
					"rotated": false,
					"trimmed": true,
					"spriteSourceSize": {
						"x": 3,
						"y": 66,
						"w": 261,
						"h": 197
					},
					"sourceSize": {
						"w": 298,
						"h": 300
					},
					"anchor": {
						"x": 0.503356,
						"y": 0.8
					}
				},
				{
					"filename": "death/SW/0004",
					"frame": {
						"x": 1424,
						"y": 1139,
						"w": 261,
						"h": 174
					},
					"rotated": false,
					"trimmed": true,
					"spriteSourceSize": {
						"x": 11,
						"y": 92,
						"w": 261,
						"h": 174
					},
					"sourceSize": {
						"w": 298,
						"h": 300
					},
					"anchor": {
						"x": 0.503356,
						"y": 0.8
					}
				},
				{
					"filename": "death/SW/0005",
					"frame": {
						"x": 1685,
						"y": 1139,
						"w": 275,
						"h": 112
					},
					"rotated": false,
					"trimmed": true,
					"spriteSourceSize": {
						"x": 23,
						"y": 155,
						"w": 275,
						"h": 112
					},
					"sourceSize": {
						"w": 298,
						"h": 300
					},
					"anchor": {
						"x": 0.503356,
						"y": 0.8
					}
				},
				{
					"filename": "death/SW/0006",
					"frame": {
						"x": 1960,
						"y": 1139,
						"w": 263,
						"h": 85
					},
					"rotated": false,
					"trimmed": true,
					"spriteSourceSize": {
						"x": 31,
						"y": 184,
						"w": 263,
						"h": 85
					},
					"sourceSize": {
						"w": 298,
						"h": 300
					},
					"anchor": {
						"x": 0.503356,
						"y": 0.8
					}
				},
				{
					"filename": "death/W/0001",
					"frame": {
						"x": 2223,
						"y": 1139,
						"w": 212,
						"h": 222
					},
					"rotated": false,
					"trimmed": true,
					"spriteSourceSize": {
						"x": 50,
						"y": 39,
						"w": 212,
						"h": 222
					},
					"sourceSize": {
						"w": 298,
						"h": 300
					},
					"anchor": {
						"x": 0.503356,
						"y": 0.8
					}
				},
				{
					"filename": "death/W/0002",
					"frame": {
						"x": 2435,
						"y": 1139,
						"w": 187,
						"h": 213
					},
					"rotated": false,
					"trimmed": true,
					"spriteSourceSize": {
						"x": 53,
						"y": 48,
						"w": 187,
						"h": 213
					},
					"sourceSize": {
						"w": 298,
						"h": 300
					},
					"anchor": {
						"x": 0.503356,
						"y": 0.8
					}
				},
				{
					"filename": "death/W/0003",
					"frame": {
						"x": 2622,
						"y": 1139,
						"w": 187,
						"h": 195
					},
					"rotated": false,
					"trimmed": true,
					"spriteSourceSize": {
						"x": 69,
						"y": 69,
						"w": 187,
						"h": 195
					},
					"sourceSize": {
						"w": 298,
						"h": 300
					},
					"anchor": {
						"x": 0.503356,
						"y": 0.8
					}
				},
				{
					"filename": "death/W/0004",
					"frame": {
						"x": 2809,
						"y": 1139,
						"w": 231,
						"h": 202
					},
					"rotated": false,
					"trimmed": true,
					"spriteSourceSize": {
						"x": 44,
						"y": 71,
						"w": 231,
						"h": 202
					},
					"sourceSize": {
						"w": 298,
						"h": 300
					},
					"anchor": {
						"x": 0.503356,
						"y": 0.8
					}
				},
				{
					"filename": "death/W/0005",
					"frame": {
						"x": 3040,
						"y": 1139,
						"w": 227,
						"h": 105
					},
					"rotated": false,
					"trimmed": true,
					"spriteSourceSize": {
						"x": 71,
						"y": 173,
						"w": 227,
						"h": 105
					},
					"sourceSize": {
						"w": 298,
						"h": 300
					},
					"anchor": {
						"x": 0.503356,
						"y": 0.8
					}
				},
				{
					"filename": "death/W/0006",
					"frame": {
						"x": 0,
						"y": 1362,
						"w": 233,
						"h": 81
					},
					"rotated": false,
					"trimmed": true,
					"spriteSourceSize": {
						"x": 64,
						"y": 196,
						"w": 233,
						"h": 81
					},
					"sourceSize": {
						"w": 298,
						"h": 300
					},
					"anchor": {
						"x": 0.503356,
						"y": 0.8
					}
				},
				{
					"filename": "fight/E/0001",
					"frame": {
						"x": 233,
						"y": 1362,
						"w": 190,
						"h": 226
					},
					"rotated": false,
					"trimmed": true,
					"spriteSourceSize": {
						"x": 43,
						"y": 39,
						"w": 190,
						"h": 226
					},
					"sourceSize": {
						"w": 298,
						"h": 300
					},
					"anchor": {
						"x": 0.503356,
						"y": 0.8
					}
				},
				{
					"filename": "fight/E/0002",
					"frame": {
						"x": 423,
						"y": 1362,
						"w": 235,
						"h": 225
					},
					"rotated": false,
					"trimmed": true,
					"spriteSourceSize": {
						"x": 51,
						"y": 45,
						"w": 235,
						"h": 225
					},
					"sourceSize": {
						"w": 298,
						"h": 300
					},
					"anchor": {
						"x": 0.503356,
						"y": 0.8
					}
				},
				{
					"filename": "fight/E/0003",
					"frame": {
						"x": 658,
						"y": 1362,
						"w": 132,
						"h": 260
					},
					"rotated": false,
					"trimmed": true,
					"spriteSourceSize": {
						"x": 84,
						"y": 9,
						"w": 132,
						"h": 260
					},
					"sourceSize": {
						"w": 298,
						"h": 300
					},
					"anchor": {
						"x": 0.503356,
						"y": 0.8
					}
				},
				{
					"filename": "fight/E/0004",
					"frame": {
						"x": 790,
						"y": 1362,
						"w": 221,
						"h": 223
					},
					"rotated": false,
					"trimmed": true,
					"spriteSourceSize": {
						"x": 56,
						"y": 39,
						"w": 221,
						"h": 223
					},
					"sourceSize": {
						"w": 298,
						"h": 300
					},
					"anchor": {
						"x": 0.503356,
						"y": 0.8
					}
				},
				{
					"filename": "fight/E/0005",
					"frame": {
						"x": 1011,
						"y": 1362,
						"w": 222,
						"h": 224
					},
					"rotated": false,
					"trimmed": true,
					"spriteSourceSize": {
						"x": 58,
						"y": 40,
						"w": 222,
						"h": 224
					},
					"sourceSize": {
						"w": 298,
						"h": 300
					},
					"anchor": {
						"x": 0.503356,
						"y": 0.8
					}
				},
				{
					"filename": "fight/E/0006",
					"frame": {
						"x": 1233,
						"y": 1362,
						"w": 185,
						"h": 226
					},
					"rotated": false,
					"trimmed": true,
					"spriteSourceSize": {
						"x": 43,
						"y": 39,
						"w": 185,
						"h": 226
					},
					"sourceSize": {
						"w": 298,
						"h": 300
					},
					"anchor": {
						"x": 0.503356,
						"y": 0.8
					}
				},
				{
					"filename": "fight/N/0001",
					"frame": {
						"x": 1418,
						"y": 1362,
						"w": 160,
						"h": 228
					},
					"rotated": false,
					"trimmed": true,
					"spriteSourceSize": {
						"x": 101,
						"y": 45,
						"w": 160,
						"h": 228
					},
					"sourceSize": {
						"w": 298,
						"h": 300
					},
					"anchor": {
						"x": 0.503356,
						"y": 0.8
					}
				},
				{
					"filename": "fight/N/0002",
					"frame": {
						"x": 1578,
						"y": 1362,
						"w": 142,
						"h": 225
					},
					"rotated": false,
					"trimmed": true,
					"spriteSourceSize": {
						"x": 100,
						"y": 45,
						"w": 142,
						"h": 225
					},
					"sourceSize": {
						"w": 298,
						"h": 300
					},
					"anchor": {
						"x": 0.503356,
						"y": 0.8
					}
				},
				{
					"filename": "fight/N/0003",
					"frame": {
						"x": 1720,
						"y": 1362,
						"w": 135,
						"h": 259
					},
					"rotated": false,
					"trimmed": true,
					"spriteSourceSize": {
						"x": 102,
						"y": 5,
						"w": 135,
						"h": 259
					},
					"sourceSize": {
						"w": 298,
						"h": 300
					},
					"anchor": {
						"x": 0.503356,
						"y": 0.8
					}
				},
				{
					"filename": "fight/N/0004",
					"frame": {
						"x": 1855,
						"y": 1362,
						"w": 117,
						"h": 244
					},
					"rotated": false,
					"trimmed": true,
					"spriteSourceSize": {
						"x": 86,
						"y": 19,
						"w": 117,
						"h": 244
					},
					"sourceSize": {
						"w": 298,
						"h": 300
					},
					"anchor": {
						"x": 0.503356,
						"y": 0.8
					}
				},
				{
					"filename": "fight/N/0005",
					"frame": {
						"x": 1972,
						"y": 1362,
						"w": 137,
						"h": 225
					},
					"rotated": false,
					"trimmed": true,
					"spriteSourceSize": {
						"x": 85,
						"y": 45,
						"w": 137,
						"h": 225
					},
					"sourceSize": {
						"w": 298,
						"h": 300
					},
					"anchor": {
						"x": 0.503356,
						"y": 0.8
					}
				},
				{
					"filename": "fight/N/0006",
					"frame": {
						"x": 2109,
						"y": 1362,
						"w": 161,
						"h": 228
					},
					"rotated": false,
					"trimmed": true,
					"spriteSourceSize": {
						"x": 102,
						"y": 45,
						"w": 161,
						"h": 228
					},
					"sourceSize": {
						"w": 298,
						"h": 300
					},
					"anchor": {
						"x": 0.503356,
						"y": 0.8
					}
				},
				{
					"filename": "fight/NE/0001",
					"frame": {
						"x": 2270,
						"y": 1362,
						"w": 230,
						"h": 230
					},
					"rotated": false,
					"trimmed": true,
					"spriteSourceSize": {
						"x": 55,
						"y": 42,
						"w": 230,
						"h": 230
					},
					"sourceSize": {
						"w": 298,
						"h": 300
					},
					"anchor": {
						"x": 0.503356,
						"y": 0.8
					}
				},
				{
					"filename": "fight/NE/0002",
					"frame": {
						"x": 2500,
						"y": 1362,
						"w": 129,
						"h": 225
					},
					"rotated": false,
					"trimmed": true,
					"spriteSourceSize": {
						"x": 101,
						"y": 47,
						"w": 129,
						"h": 225
					},
					"sourceSize": {
						"w": 298,
						"h": 300
					},
					"anchor": {
						"x": 0.503356,
						"y": 0.8
					}
				},
				{
					"filename": "fight/NE/0003",
					"frame": {
						"x": 2629,
						"y": 1362,
						"w": 117,
						"h": 270
					},
					"rotated": false,
					"trimmed": true,
					"spriteSourceSize": {
						"x": 102,
						"y": 2,
						"w": 117,
						"h": 270
					},
					"sourceSize": {
						"w": 298,
						"h": 300
					},
					"anchor": {
						"x": 0.503356,
						"y": 0.8
					}
				},
				{
					"filename": "fight/NE/0004",
					"frame": {
						"x": 2746,
						"y": 1362,
						"w": 185,
						"h": 238
					},
					"rotated": false,
					"trimmed": true,
					"spriteSourceSize": {
						"x": 38,
						"y": 22,
						"w": 185,
						"h": 238
					},
					"sourceSize": {
						"w": 298,
						"h": 300
					},
					"anchor": {
						"x": 0.503356,
						"y": 0.8
					}
				},
				{
					"filename": "fight/NE/0005",
					"frame": {
						"x": 2931,
						"y": 1362,
						"w": 247,
						"h": 223
					},
					"rotated": false,
					"trimmed": true,
					"spriteSourceSize": {
						"x": 44,
						"y": 43,
						"w": 247,
						"h": 223
					},
					"sourceSize": {
						"w": 298,
						"h": 300
					},
					"anchor": {
						"x": 0.503356,
						"y": 0.8
					}
				},
				{
					"filename": "fight/NE/0006",
					"frame": {
						"x": 0,
						"y": 1632,
						"w": 230,
						"h": 229
					},
					"rotated": false,
					"trimmed": true,
					"spriteSourceSize": {
						"x": 54,
						"y": 42,
						"w": 230,
						"h": 229
					},
					"sourceSize": {
						"w": 298,
						"h": 300
					},
					"anchor": {
						"x": 0.503356,
						"y": 0.8
					}
				},
				{
					"filename": "fight/NW/0001",
					"frame": {
						"x": 230,
						"y": 1632,
						"w": 161,
						"h": 227
					},
					"rotated": false,
					"trimmed": true,
					"spriteSourceSize": {
						"x": 98,
						"y": 42,
						"w": 161,
						"h": 227
					},
					"sourceSize": {
						"w": 298,
						"h": 300
					},
					"anchor": {
						"x": 0.503356,
						"y": 0.8
					}
				},
				{
					"filename": "fight/NW/0002",
					"frame": {
						"x": 391,
						"y": 1632,
						"w": 214,
						"h": 220
					},
					"rotated": false,
					"trimmed": true,
					"spriteSourceSize": {
						"x": 40,
						"y": 42,
						"w": 214,
						"h": 220
					},
					"sourceSize": {
						"w": 298,
						"h": 300
					},
					"anchor": {
						"x": 0.503356,
						"y": 0.8
					}
				},
				{
					"filename": "fight/NW/0003",
					"frame": {
						"x": 605,
						"y": 1632,
						"w": 176,
						"h": 246
					},
					"rotated": false,
					"trimmed": true,
					"spriteSourceSize": {
						"x": 77,
						"y": 16,
						"w": 176,
						"h": 246
					},
					"sourceSize": {
						"w": 298,
						"h": 300
					},
					"anchor": {
						"x": 0.503356,
						"y": 0.8
					}
				},
				{
					"filename": "fight/NW/0004",
					"frame": {
						"x": 781,
						"y": 1632,
						"w": 147,
						"h": 232
					},
					"rotated": false,
					"trimmed": true,
					"spriteSourceSize": {
						"x": 46,
						"y": 30,
						"w": 147,
						"h": 232
					},
					"sourceSize": {
						"w": 298,
						"h": 300
					},
					"anchor": {
						"x": 0.503356,
						"y": 0.8
					}
				},
				{
					"filename": "fight/NW/0005",
					"frame": {
						"x": 928,
						"y": 1632,
						"w": 122,
						"h": 230
					},
					"rotated": false,
					"trimmed": true,
					"spriteSourceSize": {
						"x": 102,
						"y": 42,
						"w": 122,
						"h": 230
					},
					"sourceSize": {
						"w": 298,
						"h": 300
					},
					"anchor": {
						"x": 0.503356,
						"y": 0.8
					}
				},
				{
					"filename": "fight/NW/0006",
					"frame": {
						"x": 1050,
						"y": 1632,
						"w": 160,
						"h": 227
					},
					"rotated": false,
					"trimmed": true,
					"spriteSourceSize": {
						"x": 98,
						"y": 42,
						"w": 160,
						"h": 227
					},
					"sourceSize": {
						"w": 298,
						"h": 300
					},
					"anchor": {
						"x": 0.503356,
						"y": 0.8
					}
				},
				{
					"filename": "fight/S/0001",
					"frame": {
						"x": 1210,
						"y": 1632,
						"w": 159,
						"h": 220
					},
					"rotated": false,
					"trimmed": true,
					"spriteSourceSize": {
						"x": 44,
						"y": 39,
						"w": 159,
						"h": 220
					},
					"sourceSize": {
						"w": 298,
						"h": 300
					},
					"anchor": {
						"x": 0.503356,
						"y": 0.8
					}
				},
				{
					"filename": "fight/S/0002",
					"frame": {
						"x": 1369,
						"y": 1632,
						"w": 143,
						"h": 216
					},
					"rotated": false,
					"trimmed": true,
					"spriteSourceSize": {
						"x": 62,
						"y": 43,
						"w": 143,
						"h": 216
					},
					"sourceSize": {
						"w": 298,
						"h": 300
					},
					"anchor": {
						"x": 0.503356,
						"y": 0.8
					}
				},
				{
					"filename": "fight/S/0003",
					"frame": {
						"x": 1512,
						"y": 1632,
						"w": 135,
						"h": 229
					},
					"rotated": false,
					"trimmed": true,
					"spriteSourceSize": {
						"x": 67,
						"y": 30,
						"w": 135,
						"h": 229
					},
					"sourceSize": {
						"w": 298,
						"h": 300
					},
					"anchor": {
						"x": 0.503356,
						"y": 0.8
					}
				},
				{
					"filename": "fight/S/0004",
					"frame": {
						"x": 1647,
						"y": 1632,
						"w": 116,
						"h": 215
					},
					"rotated": false,
					"trimmed": true,
					"spriteSourceSize": {
						"x": 102,
						"y": 44,
						"w": 116,
						"h": 215
					},
					"sourceSize": {
						"w": 298,
						"h": 300
					},
					"anchor": {
						"x": 0.503356,
						"y": 0.8
					}
				},
				{
					"filename": "fight/S/0005",
					"frame": {
						"x": 1763,
						"y": 1632,
						"w": 137,
						"h": 218
					},
					"rotated": false,
					"trimmed": true,
					"spriteSourceSize": {
						"x": 82,
						"y": 40,
						"w": 137,
						"h": 218
					},
					"sourceSize": {
						"w": 298,
						"h": 300
					},
					"anchor": {
						"x": 0.503356,
						"y": 0.8
					}
				},
				{
					"filename": "fight/S/0006",
					"frame": {
						"x": 1900,
						"y": 1632,
						"w": 161,
						"h": 221
					},
					"rotated": false,
					"trimmed": true,
					"spriteSourceSize": {
						"x": 41,
						"y": 38,
						"w": 161,
						"h": 221
					},
					"sourceSize": {
						"w": 298,
						"h": 300
					},
					"anchor": {
						"x": 0.503356,
						"y": 0.8
					}
				},
				{
					"filename": "fight/SE/0001",
					"frame": {
						"x": 2061,
						"y": 1632,
						"w": 160,
						"h": 225
					},
					"rotated": false,
					"trimmed": true,
					"spriteSourceSize": {
						"x": 46,
						"y": 37,
						"w": 160,
						"h": 225
					},
					"sourceSize": {
						"w": 298,
						"h": 300
					},
					"anchor": {
						"x": 0.503356,
						"y": 0.8
					}
				},
				{
					"filename": "fight/SE/0002",
					"frame": {
						"x": 2221,
						"y": 1632,
						"w": 214,
						"h": 220
					},
					"rotated": false,
					"trimmed": true,
					"spriteSourceSize": {
						"x": 50,
						"y": 43,
						"w": 214,
						"h": 220
					},
					"sourceSize": {
						"w": 298,
						"h": 300
					},
					"anchor": {
						"x": 0.503356,
						"y": 0.8
					}
				},
				{
					"filename": "fight/SE/0003",
					"frame": {
						"x": 2435,
						"y": 1632,
						"w": 177,
						"h": 245
					},
					"rotated": false,
					"trimmed": true,
					"spriteSourceSize": {
						"x": 51,
						"y": 20,
						"w": 177,
						"h": 245
					},
					"sourceSize": {
						"w": 298,
						"h": 300
					},
					"anchor": {
						"x": 0.503356,
						"y": 0.8
					}
				},
				{
					"filename": "fight/SE/0004",
					"frame": {
						"x": 2612,
						"y": 1632,
						"w": 147,
						"h": 218
					},
					"rotated": false,
					"trimmed": true,
					"spriteSourceSize": {
						"x": 111,
						"y": 44,
						"w": 147,
						"h": 218
					},
					"sourceSize": {
						"w": 298,
						"h": 300
					},
					"anchor": {
						"x": 0.503356,
						"y": 0.8
					}
				},
				{
					"filename": "fight/SE/0005",
					"frame": {
						"x": 2759,
						"y": 1632,
						"w": 122,
						"h": 223
					},
					"rotated": false,
					"trimmed": true,
					"spriteSourceSize": {
						"x": 80,
						"y": 39,
						"w": 122,
						"h": 223
					},
					"sourceSize": {
						"w": 298,
						"h": 300
					},
					"anchor": {
						"x": 0.503356,
						"y": 0.8
					}
				},
				{
					"filename": "fight/SE/0006",
					"frame": {
						"x": 2881,
						"y": 1632,
						"w": 160,
						"h": 225
					},
					"rotated": false,
					"trimmed": true,
					"spriteSourceSize": {
						"x": 46,
						"y": 37,
						"w": 160,
						"h": 225
					},
					"sourceSize": {
						"w": 298,
						"h": 300
					},
					"anchor": {
						"x": 0.503356,
						"y": 0.8
					}
				},
				{
					"filename": "fight/SW/0001",
					"frame": {
						"x": 3041,
						"y": 1632,
						"w": 230,
						"h": 222
					},
					"rotated": false,
					"trimmed": true,
					"spriteSourceSize": {
						"x": 19,
						"y": 37,
						"w": 230,
						"h": 222
					},
					"sourceSize": {
						"w": 298,
						"h": 300
					},
					"anchor": {
						"x": 0.503356,
						"y": 0.8
					}
				},
				{
					"filename": "fight/SW/0002",
					"frame": {
						"x": 0,
						"y": 1878,
						"w": 129,
						"h": 218
					},
					"rotated": false,
					"trimmed": true,
					"spriteSourceSize": {
						"x": 74,
						"y": 42,
						"w": 129,
						"h": 218
					},
					"sourceSize": {
						"w": 298,
						"h": 300
					},
					"anchor": {
						"x": 0.503356,
						"y": 0.8
					}
				},
				{
					"filename": "fight/SW/0003",
					"frame": {
						"x": 129,
						"y": 1878,
						"w": 118,
						"h": 226
					},
					"rotated": false,
					"trimmed": true,
					"spriteSourceSize": {
						"x": 85,
						"y": 34,
						"w": 118,
						"h": 226
					},
					"sourceSize": {
						"w": 298,
						"h": 300
					},
					"anchor": {
						"x": 0.503356,
						"y": 0.8
					}
				},
				{
					"filename": "fight/SW/0004",
					"frame": {
						"x": 247,
						"y": 1878,
						"w": 185,
						"h": 218
					},
					"rotated": false,
					"trimmed": true,
					"spriteSourceSize": {
						"x": 81,
						"y": 42,
						"w": 185,
						"h": 218
					},
					"sourceSize": {
						"w": 298,
						"h": 300
					},
					"anchor": {
						"x": 0.503356,
						"y": 0.8
					}
				},
				{
					"filename": "fight/SW/0005",
					"frame": {
						"x": 432,
						"y": 1878,
						"w": 247,
						"h": 221
					},
					"rotated": false,
					"trimmed": true,
					"spriteSourceSize": {
						"x": 13,
						"y": 38,
						"w": 247,
						"h": 221
					},
					"sourceSize": {
						"w": 298,
						"h": 300
					},
					"anchor": {
						"x": 0.503356,
						"y": 0.8
					}
				},
				{
					"filename": "fight/SW/0006",
					"frame": {
						"x": 679,
						"y": 1878,
						"w": 230,
						"h": 222
					},
					"rotated": false,
					"trimmed": true,
					"spriteSourceSize": {
						"x": 20,
						"y": 37,
						"w": 230,
						"h": 222
					},
					"sourceSize": {
						"w": 298,
						"h": 300
					},
					"anchor": {
						"x": 0.503356,
						"y": 0.8
					}
				},
				{
					"filename": "fight/W/0001",
					"frame": {
						"x": 909,
						"y": 1878,
						"w": 189,
						"h": 222
					},
					"rotated": false,
					"trimmed": true,
					"spriteSourceSize": {
						"x": 72,
						"y": 39,
						"w": 189,
						"h": 222
					},
					"sourceSize": {
						"w": 298,
						"h": 300
					},
					"anchor": {
						"x": 0.503356,
						"y": 0.8
					}
				},
				{
					"filename": "fight/W/0002",
					"frame": {
						"x": 1098,
						"y": 1878,
						"w": 235,
						"h": 221
					},
					"rotated": false,
					"trimmed": true,
					"spriteSourceSize": {
						"x": 18,
						"y": 40,
						"w": 235,
						"h": 221
					},
					"sourceSize": {
						"w": 298,
						"h": 300
					},
					"anchor": {
						"x": 0.503356,
						"y": 0.8
					}
				},
				{
					"filename": "fight/W/0003",
					"frame": {
						"x": 1333,
						"y": 1878,
						"w": 133,
						"h": 234
					},
					"rotated": false,
					"trimmed": true,
					"spriteSourceSize": {
						"x": 87,
						"y": 27,
						"w": 133,
						"h": 234
					},
					"sourceSize": {
						"w": 298,
						"h": 300
					},
					"anchor": {
						"x": 0.503356,
						"y": 0.8
					}
				},
				{
					"filename": "fight/W/0004",
					"frame": {
						"x": 1466,
						"y": 1878,
						"w": 220,
						"h": 220
					},
					"rotated": false,
					"trimmed": true,
					"spriteSourceSize": {
						"x": 28,
						"y": 41,
						"w": 220,
						"h": 220
					},
					"sourceSize": {
						"w": 298,
						"h": 300
					},
					"anchor": {
						"x": 0.503356,
						"y": 0.8
					}
				},
				{
					"filename": "fight/W/0005",
					"frame": {
						"x": 1686,
						"y": 1878,
						"w": 222,
						"h": 223
					},
					"rotated": false,
					"trimmed": true,
					"spriteSourceSize": {
						"x": 25,
						"y": 39,
						"w": 222,
						"h": 223
					},
					"sourceSize": {
						"w": 298,
						"h": 300
					},
					"anchor": {
						"x": 0.503356,
						"y": 0.8
					}
				},
				{
					"filename": "fight/W/0006",
					"frame": {
						"x": 1908,
						"y": 1878,
						"w": 186,
						"h": 222
					},
					"rotated": false,
					"trimmed": true,
					"spriteSourceSize": {
						"x": 76,
						"y": 39,
						"w": 186,
						"h": 222
					},
					"sourceSize": {
						"w": 298,
						"h": 300
					},
					"anchor": {
						"x": 0.503356,
						"y": 0.8
					}
				},
				{
					"filename": "stance/E/0001",
					"frame": {
						"x": 2094,
						"y": 1878,
						"w": 210,
						"h": 224
					},
					"rotated": false,
					"trimmed": true,
					"spriteSourceSize": {
						"x": 43,
						"y": 39,
						"w": 210,
						"h": 224
					},
					"sourceSize": {
						"w": 298,
						"h": 300
					},
					"anchor": {
						"x": 0.503356,
						"y": 0.8
					}
				},
				{
					"filename": "stance/E/0002",
					"frame": {
						"x": 2304,
						"y": 1878,
						"w": 186,
						"h": 218
					},
					"rotated": false,
					"trimmed": true,
					"spriteSourceSize": {
						"x": 63,
						"y": 45,
						"w": 186,
						"h": 218
					},
					"sourceSize": {
						"w": 298,
						"h": 300
					},
					"anchor": {
						"x": 0.503356,
						"y": 0.8
					}
				},
				{
					"filename": "stance/E/0003",
					"frame": {
						"x": 2490,
						"y": 1878,
						"w": 160,
						"h": 212
					},
					"rotated": false,
					"trimmed": true,
					"spriteSourceSize": {
						"x": 85,
						"y": 51,
						"w": 160,
						"h": 212
					},
					"sourceSize": {
						"w": 298,
						"h": 300
					},
					"anchor": {
						"x": 0.503356,
						"y": 0.8
					}
				},
				{
					"filename": "stance/E/0004",
					"frame": {
						"x": 2650,
						"y": 1878,
						"w": 171,
						"h": 216
					},
					"rotated": false,
					"trimmed": true,
					"spriteSourceSize": {
						"x": 76,
						"y": 48,
						"w": 171,
						"h": 216
					},
					"sourceSize": {
						"w": 298,
						"h": 300
					},
					"anchor": {
						"x": 0.503356,
						"y": 0.8
					}
				},
				{
					"filename": "stance/E/0005",
					"frame": {
						"x": 2821,
						"y": 1878,
						"w": 205,
						"h": 222
					},
					"rotated": false,
					"trimmed": true,
					"spriteSourceSize": {
						"x": 47,
						"y": 41,
						"w": 205,
						"h": 222
					},
					"sourceSize": {
						"w": 298,
						"h": 300
					},
					"anchor": {
						"x": 0.503356,
						"y": 0.8
					}
				},
				{
					"filename": "stance/E/0006",
					"frame": {
						"x": 3026,
						"y": 1878,
						"w": 210,
						"h": 224
					},
					"rotated": false,
					"trimmed": true,
					"spriteSourceSize": {
						"x": 43,
						"y": 39,
						"w": 210,
						"h": 224
					},
					"sourceSize": {
						"w": 298,
						"h": 300
					},
					"anchor": {
						"x": 0.503356,
						"y": 0.8
					}
				},
				{
					"filename": "stance/N/0001",
					"frame": {
						"x": 0,
						"y": 2112,
						"w": 125,
						"h": 226
					},
					"rotated": false,
					"trimmed": true,
					"spriteSourceSize": {
						"x": 102,
						"y": 45,
						"w": 125,
						"h": 226
					},
					"sourceSize": {
						"w": 298,
						"h": 300
					},
					"anchor": {
						"x": 0.503356,
						"y": 0.8
					}
				},
				{
					"filename": "stance/N/0002",
					"frame": {
						"x": 125,
						"y": 2112,
						"w": 140,
						"h": 220
					},
					"rotated": false,
					"trimmed": true,
					"spriteSourceSize": {
						"x": 100,
						"y": 50,
						"w": 140,
						"h": 220
					},
					"sourceSize": {
						"w": 298,
						"h": 300
					},
					"anchor": {
						"x": 0.503356,
						"y": 0.8
					}
				},
				{
					"filename": "stance/N/0003",
					"frame": {
						"x": 265,
						"y": 2112,
						"w": 154,
						"h": 210
					},
					"rotated": false,
					"trimmed": true,
					"spriteSourceSize": {
						"x": 98,
						"y": 55,
						"w": 154,
						"h": 210
					},
					"sourceSize": {
						"w": 298,
						"h": 300
					},
					"anchor": {
						"x": 0.503356,
						"y": 0.8
					}
				},
				{
					"filename": "stance/N/0004",
					"frame": {
						"x": 419,
						"y": 2112,
						"w": 148,
						"h": 214
					},
					"rotated": false,
					"trimmed": true,
					"spriteSourceSize": {
						"x": 99,
						"y": 52,
						"w": 148,
						"h": 214
					},
					"sourceSize": {
						"w": 298,
						"h": 300
					},
					"anchor": {
						"x": 0.503356,
						"y": 0.8
					}
				},
				{
					"filename": "stance/N/0005",
					"frame": {
						"x": 567,
						"y": 2112,
						"w": 130,
						"h": 225
					},
					"rotated": false,
					"trimmed": true,
					"spriteSourceSize": {
						"x": 101,
						"y": 46,
						"w": 130,
						"h": 225
					},
					"sourceSize": {
						"w": 298,
						"h": 300
					},
					"anchor": {
						"x": 0.503356,
						"y": 0.8
					}
				},
				{
					"filename": "stance/N/0006",
					"frame": {
						"x": 697,
						"y": 2112,
						"w": 125,
						"h": 226
					},
					"rotated": false,
					"trimmed": true,
					"spriteSourceSize": {
						"x": 102,
						"y": 45,
						"w": 125,
						"h": 226
					},
					"sourceSize": {
						"w": 298,
						"h": 300
					},
					"anchor": {
						"x": 0.503356,
						"y": 0.8
					}
				},
				{
					"filename": "stance/NE/0001",
					"frame": {
						"x": 822,
						"y": 2112,
						"w": 222,
						"h": 227
					},
					"rotated": false,
					"trimmed": true,
					"spriteSourceSize": {
						"x": 54,
						"y": 42,
						"w": 222,
						"h": 227
					},
					"sourceSize": {
						"w": 298,
						"h": 300
					},
					"anchor": {
						"x": 0.503356,
						"y": 0.8
					}
				},
				{
					"filename": "stance/NE/0002",
					"frame": {
						"x": 1044,
						"y": 2112,
						"w": 220,
						"h": 220
					},
					"rotated": false,
					"trimmed": true,
					"spriteSourceSize": {
						"x": 63,
						"y": 47,
						"w": 220,
						"h": 220
					},
					"sourceSize": {
						"w": 298,
						"h": 300
					},
					"anchor": {
						"x": 0.503356,
						"y": 0.8
					}
				},
				{
					"filename": "stance/NE/0003",
					"frame": {
						"x": 1264,
						"y": 2112,
						"w": 214,
						"h": 212
					},
					"rotated": false,
					"trimmed": true,
					"spriteSourceSize": {
						"x": 74,
						"y": 53,
						"w": 214,
						"h": 212
					},
					"sourceSize": {
						"w": 298,
						"h": 300
					},
					"anchor": {
						"x": 0.503356,
						"y": 0.8
					}
				},
				{
					"filename": "stance/NE/0004",
					"frame": {
						"x": 1478,
						"y": 2112,
						"w": 217,
						"h": 217
					},
					"rotated": false,
					"trimmed": true,
					"spriteSourceSize": {
						"x": 69,
						"y": 50,
						"w": 217,
						"h": 217
					},
					"sourceSize": {
						"w": 298,
						"h": 300
					},
					"anchor": {
						"x": 0.503356,
						"y": 0.8
					}
				},
				{
					"filename": "stance/NE/0005",
					"frame": {
						"x": 1695,
						"y": 2112,
						"w": 221,
						"h": 227
					},
					"rotated": false,
					"trimmed": true,
					"spriteSourceSize": {
						"x": 56,
						"y": 43,
						"w": 221,
						"h": 227
					},
					"sourceSize": {
						"w": 298,
						"h": 300
					},
					"anchor": {
						"x": 0.503356,
						"y": 0.8
					}
				},
				{
					"filename": "stance/NE/0006",
					"frame": {
						"x": 1916,
						"y": 2112,
						"w": 222,
						"h": 227
					},
					"rotated": false,
					"trimmed": true,
					"spriteSourceSize": {
						"x": 54,
						"y": 42,
						"w": 222,
						"h": 227
					},
					"sourceSize": {
						"w": 298,
						"h": 300
					},
					"anchor": {
						"x": 0.503356,
						"y": 0.8
					}
				},
				{
					"filename": "stance/NW/0001",
					"frame": {
						"x": 2138,
						"y": 2112,
						"w": 160,
						"h": 227
					},
					"rotated": false,
					"trimmed": true,
					"spriteSourceSize": {
						"x": 98,
						"y": 42,
						"w": 160,
						"h": 227
					},
					"sourceSize": {
						"w": 298,
						"h": 300
					},
					"anchor": {
						"x": 0.503356,
						"y": 0.8
					}
				},
				{
					"filename": "stance/NW/0002",
					"frame": {
						"x": 2298,
						"y": 2112,
						"w": 144,
						"h": 220
					},
					"rotated": false,
					"trimmed": true,
					"spriteSourceSize": {
						"x": 98,
						"y": 47,
						"w": 144,
						"h": 220
					},
					"sourceSize": {
						"w": 298,
						"h": 300
					},
					"anchor": {
						"x": 0.503356,
						"y": 0.8
					}
				},
				{
					"filename": "stance/NW/0003",
					"frame": {
						"x": 2442,
						"y": 2112,
						"w": 126,
						"h": 210
					},
					"rotated": false,
					"trimmed": true,
					"spriteSourceSize": {
						"x": 98,
						"y": 53,
						"w": 126,
						"h": 210
					},
					"sourceSize": {
						"w": 298,
						"h": 300
					},
					"anchor": {
						"x": 0.503356,
						"y": 0.8
					}
				},
				{
					"filename": "stance/NW/0004",
					"frame": {
						"x": 2568,
						"y": 2112,
						"w": 133,
						"h": 214
					},
					"rotated": false,
					"trimmed": true,
					"spriteSourceSize": {
						"x": 98,
						"y": 50,
						"w": 133,
						"h": 214
					},
					"sourceSize": {
						"w": 298,
						"h": 300
					},
					"anchor": {
						"x": 0.503356,
						"y": 0.8
					}
				},
				{
					"filename": "stance/NW/0005",
					"frame": {
						"x": 2701,
						"y": 2112,
						"w": 156,
						"h": 226
					},
					"rotated": false,
					"trimmed": true,
					"spriteSourceSize": {
						"x": 98,
						"y": 43,
						"w": 156,
						"h": 226
					},
					"sourceSize": {
						"w": 298,
						"h": 300
					},
					"anchor": {
						"x": 0.503356,
						"y": 0.8
					}
				},
				{
					"filename": "stance/NW/0006",
					"frame": {
						"x": 2857,
						"y": 2112,
						"w": 160,
						"h": 227
					},
					"rotated": false,
					"trimmed": true,
					"spriteSourceSize": {
						"x": 98,
						"y": 42,
						"w": 160,
						"h": 227
					},
					"sourceSize": {
						"w": 298,
						"h": 300
					},
					"anchor": {
						"x": 0.503356,
						"y": 0.8
					}
				},
				{
					"filename": "stance/S/0001",
					"frame": {
						"x": 3017,
						"y": 2112,
						"w": 125,
						"h": 220
					},
					"rotated": false,
					"trimmed": true,
					"spriteSourceSize": {
						"x": 77,
						"y": 39,
						"w": 125,
						"h": 220
					},
					"sourceSize": {
						"w": 298,
						"h": 300
					},
					"anchor": {
						"x": 0.503356,
						"y": 0.8
					}
				},
				{
					"filename": "stance/S/0002",
					"frame": {
						"x": 3142,
						"y": 2112,
						"w": 139,
						"h": 213
					},
					"rotated": false,
					"trimmed": true,
					"spriteSourceSize": {
						"x": 65,
						"y": 46,
						"w": 139,
						"h": 213
					},
					"sourceSize": {
						"w": 298,
						"h": 300
					},
					"anchor": {
						"x": 0.503356,
						"y": 0.8
					}
				},
				{
					"filename": "stance/S/0003",
					"frame": {
						"x": 0,
						"y": 2339,
						"w": 154,
						"h": 209
					},
					"rotated": false,
					"trimmed": true,
					"spriteSourceSize": {
						"x": 52,
						"y": 53,
						"w": 154,
						"h": 209
					},
					"sourceSize": {
						"w": 298,
						"h": 300
					},
					"anchor": {
						"x": 0.503356,
						"y": 0.8
					}
				},
				{
					"filename": "stance/S/0004",
					"frame": {
						"x": 154,
						"y": 2339,
						"w": 147,
						"h": 211
					},
					"rotated": false,
					"trimmed": true,
					"spriteSourceSize": {
						"x": 58,
						"y": 49,
						"w": 147,
						"h": 211
					},
					"sourceSize": {
						"w": 298,
						"h": 300
					},
					"anchor": {
						"x": 0.503356,
						"y": 0.8
					}
				},
				{
					"filename": "stance/S/0005",
					"frame": {
						"x": 301,
						"y": 2339,
						"w": 129,
						"h": 219
					},
					"rotated": false,
					"trimmed": true,
					"spriteSourceSize": {
						"x": 74,
						"y": 40,
						"w": 129,
						"h": 219
					},
					"sourceSize": {
						"w": 298,
						"h": 300
					},
					"anchor": {
						"x": 0.503356,
						"y": 0.8
					}
				},
				{
					"filename": "stance/S/0006",
					"frame": {
						"x": 430,
						"y": 2339,
						"w": 125,
						"h": 221
					},
					"rotated": false,
					"trimmed": true,
					"spriteSourceSize": {
						"x": 77,
						"y": 38,
						"w": 125,
						"h": 221
					},
					"sourceSize": {
						"w": 298,
						"h": 300
					},
					"anchor": {
						"x": 0.503356,
						"y": 0.8
					}
				},
				{
					"filename": "stance/SE/0001",
					"frame": {
						"x": 555,
						"y": 2339,
						"w": 159,
						"h": 225
					},
					"rotated": false,
					"trimmed": true,
					"spriteSourceSize": {
						"x": 47,
						"y": 37,
						"w": 159,
						"h": 225
					},
					"sourceSize": {
						"w": 298,
						"h": 300
					},
					"anchor": {
						"x": 0.503356,
						"y": 0.8
					}
				},
				{
					"filename": "stance/SE/0002",
					"frame": {
						"x": 714,
						"y": 2339,
						"w": 144,
						"h": 218
					},
					"rotated": false,
					"trimmed": true,
					"spriteSourceSize": {
						"x": 63,
						"y": 44,
						"w": 144,
						"h": 218
					},
					"sourceSize": {
						"w": 298,
						"h": 300
					},
					"anchor": {
						"x": 0.503356,
						"y": 0.8
					}
				},
				{
					"filename": "stance/SE/0003",
					"frame": {
						"x": 858,
						"y": 2339,
						"w": 127,
						"h": 211
					},
					"rotated": false,
					"trimmed": true,
					"spriteSourceSize": {
						"x": 80,
						"y": 52,
						"w": 127,
						"h": 211
					},
					"sourceSize": {
						"w": 298,
						"h": 300
					},
					"anchor": {
						"x": 0.503356,
						"y": 0.8
					}
				},
				{
					"filename": "stance/SE/0004",
					"frame": {
						"x": 985,
						"y": 2339,
						"w": 133,
						"h": 214
					},
					"rotated": false,
					"trimmed": true,
					"spriteSourceSize": {
						"x": 74,
						"y": 48,
						"w": 133,
						"h": 214
					},
					"sourceSize": {
						"w": 298,
						"h": 300
					},
					"anchor": {
						"x": 0.503356,
						"y": 0.8
					}
				},
				{
					"filename": "stance/SE/0005",
					"frame": {
						"x": 1118,
						"y": 2339,
						"w": 156,
						"h": 223
					},
					"rotated": false,
					"trimmed": true,
					"spriteSourceSize": {
						"x": 50,
						"y": 39,
						"w": 156,
						"h": 223
					},
					"sourceSize": {
						"w": 298,
						"h": 300
					},
					"anchor": {
						"x": 0.503356,
						"y": 0.8
					}
				},
				{
					"filename": "stance/SE/0006",
					"frame": {
						"x": 1274,
						"y": 2339,
						"w": 160,
						"h": 225
					},
					"rotated": false,
					"trimmed": true,
					"spriteSourceSize": {
						"x": 46,
						"y": 37,
						"w": 160,
						"h": 225
					},
					"sourceSize": {
						"w": 298,
						"h": 300
					},
					"anchor": {
						"x": 0.503356,
						"y": 0.8
					}
				},
				{
					"filename": "stance/SW/0001",
					"frame": {
						"x": 1434,
						"y": 2339,
						"w": 222,
						"h": 222
					},
					"rotated": false,
					"trimmed": true,
					"spriteSourceSize": {
						"x": 28,
						"y": 37,
						"w": 222,
						"h": 222
					},
					"sourceSize": {
						"w": 298,
						"h": 300
					},
					"anchor": {
						"x": 0.503356,
						"y": 0.8
					}
				},
				{
					"filename": "stance/SW/0002",
					"frame": {
						"x": 1656,
						"y": 2339,
						"w": 219,
						"h": 216
					},
					"rotated": false,
					"trimmed": true,
					"spriteSourceSize": {
						"x": 22,
						"y": 44,
						"w": 219,
						"h": 216
					},
					"sourceSize": {
						"w": 298,
						"h": 300
					},
					"anchor": {
						"x": 0.503356,
						"y": 0.8
					}
				},
				{
					"filename": "stance/SW/0003",
					"frame": {
						"x": 1875,
						"y": 2339,
						"w": 215,
						"h": 210
					},
					"rotated": false,
					"trimmed": true,
					"spriteSourceSize": {
						"x": 16,
						"y": 51,
						"w": 215,
						"h": 210
					},
					"sourceSize": {
						"w": 298,
						"h": 300
					},
					"anchor": {
						"x": 0.503356,
						"y": 0.8
					}
				},
				{
					"filename": "stance/SW/0004",
					"frame": {
						"x": 2090,
						"y": 2339,
						"w": 217,
						"h": 213
					},
					"rotated": false,
					"trimmed": true,
					"spriteSourceSize": {
						"x": 18,
						"y": 48,
						"w": 217,
						"h": 213
					},
					"sourceSize": {
						"w": 298,
						"h": 300
					},
					"anchor": {
						"x": 0.503356,
						"y": 0.8
					}
				},
				{
					"filename": "stance/SW/0005",
					"frame": {
						"x": 2307,
						"y": 2339,
						"w": 222,
						"h": 221
					},
					"rotated": false,
					"trimmed": true,
					"spriteSourceSize": {
						"x": 26,
						"y": 39,
						"w": 222,
						"h": 221
					},
					"sourceSize": {
						"w": 298,
						"h": 300
					},
					"anchor": {
						"x": 0.503356,
						"y": 0.8
					}
				},
				{
					"filename": "stance/SW/0006",
					"frame": {
						"x": 2529,
						"y": 2339,
						"w": 222,
						"h": 222
					},
					"rotated": false,
					"trimmed": true,
					"spriteSourceSize": {
						"x": 28,
						"y": 37,
						"w": 222,
						"h": 222
					},
					"sourceSize": {
						"w": 298,
						"h": 300
					},
					"anchor": {
						"x": 0.503356,
						"y": 0.8
					}
				},
				{
					"filename": "stance/W/0001",
					"frame": {
						"x": 2751,
						"y": 2339,
						"w": 210,
						"h": 222
					},
					"rotated": false,
					"trimmed": true,
					"spriteSourceSize": {
						"x": 51,
						"y": 39,
						"w": 210,
						"h": 222
					},
					"sourceSize": {
						"w": 298,
						"h": 300
					},
					"anchor": {
						"x": 0.503356,
						"y": 0.8
					}
				},
				{
					"filename": "stance/W/0002",
					"frame": {
						"x": 2961,
						"y": 2339,
						"w": 187,
						"h": 216
					},
					"rotated": false,
					"trimmed": true,
					"spriteSourceSize": {
						"x": 55,
						"y": 45,
						"w": 187,
						"h": 216
					},
					"sourceSize": {
						"w": 298,
						"h": 300
					},
					"anchor": {
						"x": 0.503356,
						"y": 0.8
					}
				},
				{
					"filename": "stance/W/0003",
					"frame": {
						"x": 0,
						"y": 2564,
						"w": 160,
						"h": 210
					},
					"rotated": false,
					"trimmed": true,
					"spriteSourceSize": {
						"x": 59,
						"y": 51,
						"w": 160,
						"h": 210
					},
					"sourceSize": {
						"w": 298,
						"h": 300
					},
					"anchor": {
						"x": 0.503356,
						"y": 0.8
					}
				},
				{
					"filename": "stance/W/0004",
					"frame": {
						"x": 160,
						"y": 2564,
						"w": 171,
						"h": 213
					},
					"rotated": false,
					"trimmed": true,
					"spriteSourceSize": {
						"x": 58,
						"y": 48,
						"w": 171,
						"h": 213
					},
					"sourceSize": {
						"w": 298,
						"h": 300
					},
					"anchor": {
						"x": 0.503356,
						"y": 0.8
					}
				},
				{
					"filename": "stance/W/0005",
					"frame": {
						"x": 331,
						"y": 2564,
						"w": 205,
						"h": 221
					},
					"rotated": false,
					"trimmed": true,
					"spriteSourceSize": {
						"x": 52,
						"y": 40,
						"w": 205,
						"h": 221
					},
					"sourceSize": {
						"w": 298,
						"h": 300
					},
					"anchor": {
						"x": 0.503356,
						"y": 0.8
					}
				},
				{
					"filename": "stance/W/0006",
					"frame": {
						"x": 536,
						"y": 2564,
						"w": 211,
						"h": 222
					},
					"rotated": false,
					"trimmed": true,
					"spriteSourceSize": {
						"x": 51,
						"y": 39,
						"w": 211,
						"h": 222
					},
					"sourceSize": {
						"w": 298,
						"h": 300
					},
					"anchor": {
						"x": 0.503356,
						"y": 0.8
					}
				},
				{
					"filename": "walk/E/0001",
					"frame": {
						"x": 747,
						"y": 2564,
						"w": 230,
						"h": 223
					},
					"rotated": false,
					"trimmed": true,
					"spriteSourceSize": {
						"x": 43,
						"y": 39,
						"w": 230,
						"h": 223
					},
					"sourceSize": {
						"w": 298,
						"h": 300
					},
					"anchor": {
						"x": 0.503356,
						"y": 0.8
					}
				},
				{
					"filename": "walk/E/0002",
					"frame": {
						"x": 977,
						"y": 2564,
						"w": 212,
						"h": 223
					},
					"rotated": false,
					"trimmed": true,
					"spriteSourceSize": {
						"x": 64,
						"y": 39,
						"w": 212,
						"h": 223
					},
					"sourceSize": {
						"w": 298,
						"h": 300
					},
					"anchor": {
						"x": 0.503356,
						"y": 0.8
					}
				},
				{
					"filename": "walk/E/0003",
					"frame": {
						"x": 1189,
						"y": 2564,
						"w": 201,
						"h": 216
					},
					"rotated": false,
					"trimmed": true,
					"spriteSourceSize": {
						"x": 45,
						"y": 46,
						"w": 201,
						"h": 216
					},
					"sourceSize": {
						"w": 298,
						"h": 300
					},
					"anchor": {
						"x": 0.503356,
						"y": 0.8
					}
				},
				{
					"filename": "walk/E/0004",
					"frame": {
						"x": 1390,
						"y": 2564,
						"w": 189,
						"h": 223
					},
					"rotated": false,
					"trimmed": true,
					"spriteSourceSize": {
						"x": 79,
						"y": 41,
						"w": 189,
						"h": 223
					},
					"sourceSize": {
						"w": 298,
						"h": 300
					},
					"anchor": {
						"x": 0.503356,
						"y": 0.8
					}
				},
				{
					"filename": "walk/E/0005",
					"frame": {
						"x": 1579,
						"y": 2564,
						"w": 217,
						"h": 223
					},
					"rotated": false,
					"trimmed": true,
					"spriteSourceSize": {
						"x": 57,
						"y": 39,
						"w": 217,
						"h": 223
					},
					"sourceSize": {
						"w": 298,
						"h": 300
					},
					"anchor": {
						"x": 0.503356,
						"y": 0.8
					}
				},
				{
					"filename": "walk/E/0006",
					"frame": {
						"x": 1796,
						"y": 2564,
						"w": 229,
						"h": 223
					},
					"rotated": false,
					"trimmed": true,
					"spriteSourceSize": {
						"x": 43,
						"y": 39,
						"w": 229,
						"h": 223
					},
					"sourceSize": {
						"w": 298,
						"h": 300
					},
					"anchor": {
						"x": 0.503356,
						"y": 0.8
					}
				},
				{
					"filename": "walk/N/0001",
					"frame": {
						"x": 2025,
						"y": 2564,
						"w": 125,
						"h": 229
					},
					"rotated": false,
					"trimmed": true,
					"spriteSourceSize": {
						"x": 94,
						"y": 45,
						"w": 125,
						"h": 229
					},
					"sourceSize": {
						"w": 298,
						"h": 300
					},
					"anchor": {
						"x": 0.503356,
						"y": 0.8
					}
				},
				{
					"filename": "walk/N/0002",
					"frame": {
						"x": 2150,
						"y": 2564,
						"w": 127,
						"h": 224
					},
					"rotated": false,
					"trimmed": true,
					"spriteSourceSize": {
						"x": 94,
						"y": 45,
						"w": 127,
						"h": 224
					},
					"sourceSize": {
						"w": 298,
						"h": 300
					},
					"anchor": {
						"x": 0.503356,
						"y": 0.8
					}
				},
				{
					"filename": "walk/N/0003",
					"frame": {
						"x": 2277,
						"y": 2564,
						"w": 135,
						"h": 220
					},
					"rotated": false,
					"trimmed": true,
					"spriteSourceSize": {
						"x": 94,
						"y": 52,
						"w": 135,
						"h": 220
					},
					"sourceSize": {
						"w": 298,
						"h": 300
					},
					"anchor": {
						"x": 0.503356,
						"y": 0.8
					}
				},
				{
					"filename": "walk/N/0004",
					"frame": {
						"x": 2412,
						"y": 2564,
						"w": 137,
						"h": 219
					},
					"rotated": false,
					"trimmed": true,
					"spriteSourceSize": {
						"x": 94,
						"y": 47,
						"w": 137,
						"h": 219
					},
					"sourceSize": {
						"w": 298,
						"h": 300
					},
					"anchor": {
						"x": 0.503356,
						"y": 0.8
					}
				},
				{
					"filename": "walk/N/0005",
					"frame": {
						"x": 2549,
						"y": 2564,
						"w": 127,
						"h": 226
					},
					"rotated": false,
					"trimmed": true,
					"spriteSourceSize": {
						"x": 94,
						"y": 45,
						"w": 127,
						"h": 226
					},
					"sourceSize": {
						"w": 298,
						"h": 300
					},
					"anchor": {
						"x": 0.503356,
						"y": 0.8
					}
				},
				{
					"filename": "walk/N/0006",
					"frame": {
						"x": 2676,
						"y": 2564,
						"w": 125,
						"h": 229
					},
					"rotated": false,
					"trimmed": true,
					"spriteSourceSize": {
						"x": 94,
						"y": 45,
						"w": 125,
						"h": 229
					},
					"sourceSize": {
						"w": 298,
						"h": 300
					},
					"anchor": {
						"x": 0.503356,
						"y": 0.8
					}
				},
				{
					"filename": "walk/NE/0001",
					"frame": {
						"x": 2801,
						"y": 2564,
						"w": 230,
						"h": 230
					},
					"rotated": false,
					"trimmed": true,
					"spriteSourceSize": {
						"x": 54,
						"y": 42,
						"w": 230,
						"h": 230
					},
					"sourceSize": {
						"w": 298,
						"h": 300
					},
					"anchor": {
						"x": 0.503356,
						"y": 0.8
					}
				},
				{
					"filename": "walk/NE/0002",
					"frame": {
						"x": 3031,
						"y": 2564,
						"w": 222,
						"h": 226
					},
					"rotated": false,
					"trimmed": true,
					"spriteSourceSize": {
						"x": 66,
						"y": 42,
						"w": 222,
						"h": 226
					},
					"sourceSize": {
						"w": 298,
						"h": 300
					},
					"anchor": {
						"x": 0.503356,
						"y": 0.8
					}
				},
				{
					"filename": "walk/NE/0003",
					"frame": {
						"x": 0,
						"y": 2794,
						"w": 217,
						"h": 222
					},
					"rotated": false,
					"trimmed": true,
					"spriteSourceSize": {
						"x": 56,
						"y": 49,
						"w": 217,
						"h": 222
					},
					"sourceSize": {
						"w": 298,
						"h": 300
					},
					"anchor": {
						"x": 0.503356,
						"y": 0.8
					}
				},
				{
					"filename": "walk/NE/0004",
					"frame": {
						"x": 217,
						"y": 2794,
						"w": 214,
						"h": 223
					},
					"rotated": false,
					"trimmed": true,
					"spriteSourceSize": {
						"x": 76,
						"y": 44,
						"w": 214,
						"h": 223
					},
					"sourceSize": {
						"w": 298,
						"h": 300
					},
					"anchor": {
						"x": 0.503356,
						"y": 0.8
					}
				},
				{
					"filename": "walk/NE/0005",
					"frame": {
						"x": 431,
						"y": 2794,
						"w": 224,
						"h": 228
					},
					"rotated": false,
					"trimmed": true,
					"spriteSourceSize": {
						"x": 63,
						"y": 42,
						"w": 224,
						"h": 228
					},
					"sourceSize": {
						"w": 298,
						"h": 300
					},
					"anchor": {
						"x": 0.503356,
						"y": 0.8
					}
				},
				{
					"filename": "walk/NE/0006",
					"frame": {
						"x": 655,
						"y": 2794,
						"w": 230,
						"h": 230
					},
					"rotated": false,
					"trimmed": true,
					"spriteSourceSize": {
						"x": 54,
						"y": 42,
						"w": 230,
						"h": 230
					},
					"sourceSize": {
						"w": 298,
						"h": 300
					},
					"anchor": {
						"x": 0.503356,
						"y": 0.8
					}
				},
				{
					"filename": "walk/NW/0001",
					"frame": {
						"x": 885,
						"y": 2794,
						"w": 157,
						"h": 227
					},
					"rotated": false,
					"trimmed": true,
					"spriteSourceSize": {
						"x": 101,
						"y": 42,
						"w": 157,
						"h": 227
					},
					"sourceSize": {
						"w": 298,
						"h": 300
					},
					"anchor": {
						"x": 0.503356,
						"y": 0.8
					}
				},
				{
					"filename": "walk/NW/0002",
					"frame": {
						"x": 1042,
						"y": 2794,
						"w": 142,
						"h": 223
					},
					"rotated": false,
					"trimmed": true,
					"spriteSourceSize": {
						"x": 101,
						"y": 42,
						"w": 142,
						"h": 223
					},
					"sourceSize": {
						"w": 298,
						"h": 300
					},
					"anchor": {
						"x": 0.503356,
						"y": 0.8
					}
				},
				{
					"filename": "walk/NW/0003",
					"frame": {
						"x": 1184,
						"y": 2794,
						"w": 164,
						"h": 222
					},
					"rotated": false,
					"trimmed": true,
					"spriteSourceSize": {
						"x": 93,
						"y": 48,
						"w": 164,
						"h": 222
					},
					"sourceSize": {
						"w": 298,
						"h": 300
					},
					"anchor": {
						"x": 0.503356,
						"y": 0.8
					}
				},
				{
					"filename": "walk/NW/0004",
					"frame": {
						"x": 1348,
						"y": 2794,
						"w": 132,
						"h": 222
					},
					"rotated": false,
					"trimmed": true,
					"spriteSourceSize": {
						"x": 101,
						"y": 44,
						"w": 132,
						"h": 222
					},
					"sourceSize": {
						"w": 298,
						"h": 300
					},
					"anchor": {
						"x": 0.503356,
						"y": 0.8
					}
				},
				{
					"filename": "walk/NW/0005",
					"frame": {
						"x": 1480,
						"y": 2794,
						"w": 147,
						"h": 226
					},
					"rotated": false,
					"trimmed": true,
					"spriteSourceSize": {
						"x": 101,
						"y": 42,
						"w": 147,
						"h": 226
					},
					"sourceSize": {
						"w": 298,
						"h": 300
					},
					"anchor": {
						"x": 0.503356,
						"y": 0.8
					}
				},
				{
					"filename": "walk/NW/0006",
					"frame": {
						"x": 1627,
						"y": 2794,
						"w": 157,
						"h": 227
					},
					"rotated": false,
					"trimmed": true,
					"spriteSourceSize": {
						"x": 101,
						"y": 42,
						"w": 157,
						"h": 227
					},
					"sourceSize": {
						"w": 298,
						"h": 300
					},
					"anchor": {
						"x": 0.503356,
						"y": 0.8
					}
				},
				{
					"filename": "walk/S/0001",
					"frame": {
						"x": 1784,
						"y": 2794,
						"w": 125,
						"h": 226
					},
					"rotated": false,
					"trimmed": true,
					"spriteSourceSize": {
						"x": 85,
						"y": 38,
						"w": 125,
						"h": 226
					},
					"sourceSize": {
						"w": 298,
						"h": 300
					},
					"anchor": {
						"x": 0.503356,
						"y": 0.8
					}
				},
				{
					"filename": "walk/S/0002",
					"frame": {
						"x": 1909,
						"y": 2794,
						"w": 127,
						"h": 222
					},
					"rotated": false,
					"trimmed": true,
					"spriteSourceSize": {
						"x": 83,
						"y": 38,
						"w": 127,
						"h": 222
					},
					"sourceSize": {
						"w": 298,
						"h": 300
					},
					"anchor": {
						"x": 0.503356,
						"y": 0.8
					}
				},
				{
					"filename": "walk/S/0003",
					"frame": {
						"x": 2036,
						"y": 2794,
						"w": 135,
						"h": 221
					},
					"rotated": false,
					"trimmed": true,
					"spriteSourceSize": {
						"x": 75,
						"y": 45,
						"w": 135,
						"h": 221
					},
					"sourceSize": {
						"w": 298,
						"h": 300
					},
					"anchor": {
						"x": 0.503356,
						"y": 0.8
					}
				},
				{
					"filename": "walk/S/0004",
					"frame": {
						"x": 2171,
						"y": 2794,
						"w": 137,
						"h": 221
					},
					"rotated": false,
					"trimmed": true,
					"spriteSourceSize": {
						"x": 73,
						"y": 40,
						"w": 137,
						"h": 221
					},
					"sourceSize": {
						"w": 298,
						"h": 300
					},
					"anchor": {
						"x": 0.503356,
						"y": 0.8
					}
				},
				{
					"filename": "walk/S/0005",
					"frame": {
						"x": 2308,
						"y": 2794,
						"w": 127,
						"h": 224
					},
					"rotated": false,
					"trimmed": true,
					"spriteSourceSize": {
						"x": 83,
						"y": 38,
						"w": 127,
						"h": 224
					},
					"sourceSize": {
						"w": 298,
						"h": 300
					},
					"anchor": {
						"x": 0.503356,
						"y": 0.8
					}
				},
				{
					"filename": "walk/S/0006",
					"frame": {
						"x": 2435,
						"y": 2794,
						"w": 125,
						"h": 227
					},
					"rotated": false,
					"trimmed": true,
					"spriteSourceSize": {
						"x": 85,
						"y": 38,
						"w": 125,
						"h": 227
					},
					"sourceSize": {
						"w": 298,
						"h": 300
					},
					"anchor": {
						"x": 0.503356,
						"y": 0.8
					}
				},
				{
					"filename": "walk/SE/0001",
					"frame": {
						"x": 2560,
						"y": 2794,
						"w": 157,
						"h": 226
					},
					"rotated": false,
					"trimmed": true,
					"spriteSourceSize": {
						"x": 47,
						"y": 37,
						"w": 157,
						"h": 226
					},
					"sourceSize": {
						"w": 298,
						"h": 300
					},
					"anchor": {
						"x": 0.503356,
						"y": 0.8
					}
				},
				{
					"filename": "walk/SE/0002",
					"frame": {
						"x": 2717,
						"y": 2794,
						"w": 143,
						"h": 223
					},
					"rotated": false,
					"trimmed": true,
					"spriteSourceSize": {
						"x": 61,
						"y": 37,
						"w": 143,
						"h": 223
					},
					"sourceSize": {
						"w": 298,
						"h": 300
					},
					"anchor": {
						"x": 0.503356,
						"y": 0.8
					}
				},
				{
					"filename": "walk/SE/0003",
					"frame": {
						"x": 2860,
						"y": 2794,
						"w": 163,
						"h": 216
					},
					"rotated": false,
					"trimmed": true,
					"spriteSourceSize": {
						"x": 48,
						"y": 44,
						"w": 163,
						"h": 216
					},
					"sourceSize": {
						"w": 298,
						"h": 300
					},
					"anchor": {
						"x": 0.503356,
						"y": 0.8
					}
				},
				{
					"filename": "walk/SE/0004",
					"frame": {
						"x": 3023,
						"y": 2794,
						"w": 132,
						"h": 221
					},
					"rotated": false,
					"trimmed": true,
					"spriteSourceSize": {
						"x": 72,
						"y": 39,
						"w": 132,
						"h": 221
					},
					"sourceSize": {
						"w": 298,
						"h": 300
					},
					"anchor": {
						"x": 0.503356,
						"y": 0.8
					}
				},
				{
					"filename": "walk/SE/0005",
					"frame": {
						"x": 0,
						"y": 3024,
						"w": 148,
						"h": 225
					},
					"rotated": false,
					"trimmed": true,
					"spriteSourceSize": {
						"x": 56,
						"y": 37,
						"w": 148,
						"h": 225
					},
					"sourceSize": {
						"w": 298,
						"h": 300
					},
					"anchor": {
						"x": 0.503356,
						"y": 0.8
					}
				},
				{
					"filename": "walk/SE/0006",
					"frame": {
						"x": 148,
						"y": 3024,
						"w": 158,
						"h": 226
					},
					"rotated": false,
					"trimmed": true,
					"spriteSourceSize": {
						"x": 46,
						"y": 37,
						"w": 158,
						"h": 226
					},
					"sourceSize": {
						"w": 298,
						"h": 300
					},
					"anchor": {
						"x": 0.503356,
						"y": 0.8
					}
				},
				{
					"filename": "walk/SW/0001",
					"frame": {
						"x": 306,
						"y": 3024,
						"w": 228,
						"h": 223
					},
					"rotated": false,
					"trimmed": true,
					"spriteSourceSize": {
						"x": 21,
						"y": 37,
						"w": 228,
						"h": 223
					},
					"sourceSize": {
						"w": 298,
						"h": 300
					},
					"anchor": {
						"x": 0.503356,
						"y": 0.8
					}
				},
				{
					"filename": "walk/SW/0002",
					"frame": {
						"x": 534,
						"y": 3024,
						"w": 221,
						"h": 223
					},
					"rotated": false,
					"trimmed": true,
					"spriteSourceSize": {
						"x": 17,
						"y": 37,
						"w": 221,
						"h": 223
					},
					"sourceSize": {
						"w": 298,
						"h": 300
					},
					"anchor": {
						"x": 0.503356,
						"y": 0.8
					}
				},
				{
					"filename": "walk/SW/0003",
					"frame": {
						"x": 755,
						"y": 3024,
						"w": 218,
						"h": 220
					},
					"rotated": false,
					"trimmed": true,
					"spriteSourceSize": {
						"x": 31,
						"y": 44,
						"w": 218,
						"h": 220
					},
					"sourceSize": {
						"w": 298,
						"h": 300
					},
					"anchor": {
						"x": 0.503356,
						"y": 0.8
					}
				},
				{
					"filename": "walk/SW/0004",
					"frame": {
						"x": 973,
						"y": 3024,
						"w": 214,
						"h": 222
					},
					"rotated": false,
					"trimmed": true,
					"spriteSourceSize": {
						"x": 14,
						"y": 39,
						"w": 214,
						"h": 222
					},
					"sourceSize": {
						"w": 298,
						"h": 300
					},
					"anchor": {
						"x": 0.503356,
						"y": 0.8
					}
				},
				{
					"filename": "walk/SW/0005",
					"frame": {
						"x": 1187,
						"y": 3024,
						"w": 224,
						"h": 223
					},
					"rotated": false,
					"trimmed": true,
					"spriteSourceSize": {
						"x": 17,
						"y": 37,
						"w": 224,
						"h": 223
					},
					"sourceSize": {
						"w": 298,
						"h": 300
					},
					"anchor": {
						"x": 0.503356,
						"y": 0.8
					}
				},
				{
					"filename": "walk/SW/0006",
					"frame": {
						"x": 1411,
						"y": 3024,
						"w": 229,
						"h": 223
					},
					"rotated": false,
					"trimmed": true,
					"spriteSourceSize": {
						"x": 21,
						"y": 37,
						"w": 229,
						"h": 223
					},
					"sourceSize": {
						"w": 298,
						"h": 300
					},
					"anchor": {
						"x": 0.503356,
						"y": 0.8
					}
				},
				{
					"filename": "walk/W/0001",
					"frame": {
						"x": 1640,
						"y": 3024,
						"w": 230,
						"h": 219
					},
					"rotated": false,
					"trimmed": true,
					"spriteSourceSize": {
						"x": 31,
						"y": 39,
						"w": 230,
						"h": 219
					},
					"sourceSize": {
						"w": 298,
						"h": 300
					},
					"anchor": {
						"x": 0.503356,
						"y": 0.8
					}
				},
				{
					"filename": "walk/W/0002",
					"frame": {
						"x": 1870,
						"y": 3024,
						"w": 212,
						"h": 220
					},
					"rotated": false,
					"trimmed": true,
					"spriteSourceSize": {
						"x": 28,
						"y": 39,
						"w": 212,
						"h": 220
					},
					"sourceSize": {
						"w": 298,
						"h": 300
					},
					"anchor": {
						"x": 0.503356,
						"y": 0.8
					}
				},
				{
					"filename": "walk/W/0003",
					"frame": {
						"x": 2082,
						"y": 3024,
						"w": 201,
						"h": 214
					},
					"rotated": false,
					"trimmed": true,
					"spriteSourceSize": {
						"x": 58,
						"y": 45,
						"w": 201,
						"h": 214
					},
					"sourceSize": {
						"w": 298,
						"h": 300
					},
					"anchor": {
						"x": 0.503356,
						"y": 0.8
					}
				},
				{
					"filename": "walk/W/0004",
					"frame": {
						"x": 2283,
						"y": 3024,
						"w": 189,
						"h": 218
					},
					"rotated": false,
					"trimmed": true,
					"spriteSourceSize": {
						"x": 36,
						"y": 41,
						"w": 189,
						"h": 218
					},
					"sourceSize": {
						"w": 298,
						"h": 300
					},
					"anchor": {
						"x": 0.503356,
						"y": 0.8
					}
				},
				{
					"filename": "walk/W/0005",
					"frame": {
						"x": 2472,
						"y": 3024,
						"w": 217,
						"h": 219
					},
					"rotated": false,
					"trimmed": true,
					"spriteSourceSize": {
						"x": 30,
						"y": 39,
						"w": 217,
						"h": 219
					},
					"sourceSize": {
						"w": 298,
						"h": 300
					},
					"anchor": {
						"x": 0.503356,
						"y": 0.8
					}
				},
				{
					"filename": "walk/W/0006",
					"frame": {
						"x": 2689,
						"y": 3024,
						"w": 231,
						"h": 219
					},
					"rotated": false,
					"trimmed": true,
					"spriteSourceSize": {
						"x": 31,
						"y": 39,
						"w": 231,
						"h": 219
					},
					"sourceSize": {
						"w": 298,
						"h": 300
					},
					"anchor": {
						"x": 0.503356,
						"y": 0.8
					}
				}
			]
		}
	],
	"meta": {
		"app": "https://www.codeandweb.com/texturepacker",
		"version": "3.0",
		"smartupdate": "$TexturePacker:SmartUpdate:a85fcd7109eec73543e8dd524942a53f:b8d46f3efdab839849add606fe93542b:dd5c172f2a82fa2f29f88d66911658ad$"
	}
}
