{
	"textures": [
		{
			"image": "mage_hero.png",
			"format": "RGBA8888",
			"size": {
				"w": 2549,
				"h": 2549
			},
			"scale": 1,
			"frames": [
				{
					"filename": "critical/E/0001",
					"frame": {
						"x": 0,
						"y": 0,
						"w": 109,
						"h": 203
					},
					"rotated": false,
					"trimmed": true,
					"spriteSourceSize": {
						"x": 129,
						"y": 57,
						"w": 109,
						"h": 203
					},
					"sourceSize": {
						"w": 298,
						"h": 300
					},
					"anchor": {
						"x": 0.5,
						"y": 0.8
					}
				},
				{
					"filename": "critical/E/0002",
					"frame": {
						"x": 109,
						"y": 0,
						"w": 129,
						"h": 209
					},
					"rotated": false,
					"trimmed": true,
					"spriteSourceSize": {
						"x": 93,
						"y": 54,
						"w": 129,
						"h": 209
					},
					"sourceSize": {
						"w": 298,
						"h": 300
					},
					"anchor": {
						"x": 0.5,
						"y": 0.8
					}
				},
				{
					"filename": "critical/E/0003",
					"frame": {
						"x": 238,
						"y": 0,
						"w": 130,
						"h": 222
					},
					"rotated": false,
					"trimmed": true,
					"spriteSourceSize": {
						"x": 91,
						"y": 43,
						"w": 130,
						"h": 222
					},
					"sourceSize": {
						"w": 298,
						"h": 300
					},
					"anchor": {
						"x": 0.5,
						"y": 0.8
					}
				},
				{
					"filename": "critical/E/0004",
					"frame": {
						"x": 368,
						"y": 0,
						"w": 130,
						"h": 226
					},
					"rotated": false,
					"trimmed": true,
					"spriteSourceSize": {
						"x": 91,
						"y": 39,
						"w": 130,
						"h": 226
					},
					"sourceSize": {
						"w": 298,
						"h": 300
					},
					"anchor": {
						"x": 0.5,
						"y": 0.8
					}
				},
				{
					"filename": "critical/E/0005",
					"frame": {
						"x": 498,
						"y": 0,
						"w": 163,
						"h": 228
					},
					"rotated": false,
					"trimmed": true,
					"spriteSourceSize": {
						"x": 91,
						"y": 36,
						"w": 163,
						"h": 228
					},
					"sourceSize": {
						"w": 298,
						"h": 300
					},
					"anchor": {
						"x": 0.5,
						"y": 0.8
					}
				},
				{
					"filename": "critical/E/0006",
					"frame": {
						"x": 661,
						"y": 0,
						"w": 170,
						"h": 212
					},
					"rotated": false,
					"trimmed": true,
					"spriteSourceSize": {
						"x": 91,
						"y": 49,
						"w": 170,
						"h": 212
					},
					"sourceSize": {
						"w": 298,
						"h": 300
					},
					"anchor": {
						"x": 0.5,
						"y": 0.8
					}
				},
				{
					"filename": "critical/N/0001",
					"frame": {
						"x": 831,
						"y": 0,
						"w": 86,
						"h": 199
					},
					"rotated": false,
					"trimmed": true,
					"spriteSourceSize": {
						"x": 105,
						"y": 57,
						"w": 86,
						"h": 199
					},
					"sourceSize": {
						"w": 298,
						"h": 300
					},
					"anchor": {
						"x": 0.5,
						"y": 0.8
					}
				},
				{
					"filename": "critical/N/0002",
					"frame": {
						"x": 917,
						"y": 0,
						"w": 118,
						"h": 211
					},
					"rotated": false,
					"trimmed": true,
					"spriteSourceSize": {
						"x": 98,
						"y": 52,
						"w": 118,
						"h": 211
					},
					"sourceSize": {
						"w": 298,
						"h": 300
					},
					"anchor": {
						"x": 0.5,
						"y": 0.8
					}
				},
				{
					"filename": "critical/N/0003",
					"frame": {
						"x": 1035,
						"y": 0,
						"w": 125,
						"h": 217
					},
					"rotated": false,
					"trimmed": true,
					"spriteSourceSize": {
						"x": 91,
						"y": 46,
						"w": 125,
						"h": 217
					},
					"sourceSize": {
						"w": 298,
						"h": 300
					},
					"anchor": {
						"x": 0.5,
						"y": 0.8
					}
				},
				{
					"filename": "critical/N/0004",
					"frame": {
						"x": 1160,
						"y": 0,
						"w": 129,
						"h": 215
					},
					"rotated": false,
					"trimmed": true,
					"spriteSourceSize": {
						"x": 90,
						"y": 43,
						"w": 129,
						"h": 215
					},
					"sourceSize": {
						"w": 298,
						"h": 300
					},
					"anchor": {
						"x": 0.5,
						"y": 0.8
					}
				},
				{
					"filename": "critical/N/0005",
					"frame": {
						"x": 1289,
						"y": 0,
						"w": 140,
						"h": 223
					},
					"rotated": false,
					"trimmed": true,
					"spriteSourceSize": {
						"x": 76,
						"y": 39,
						"w": 140,
						"h": 223
					},
					"sourceSize": {
						"w": 298,
						"h": 300
					},
					"anchor": {
						"x": 0.5,
						"y": 0.8
					}
				},
				{
					"filename": "critical/N/0006",
					"frame": {
						"x": 1429,
						"y": 0,
						"w": 126,
						"h": 215
					},
					"rotated": false,
					"trimmed": true,
					"spriteSourceSize": {
						"x": 82,
						"y": 47,
						"w": 126,
						"h": 215
					},
					"sourceSize": {
						"w": 298,
						"h": 300
					},
					"anchor": {
						"x": 0.5,
						"y": 0.8
					}
				},
				{
					"filename": "critical/NE/0001",
					"frame": {
						"x": 1555,
						"y": 0,
						"w": 96,
						"h": 202
					},
					"rotated": false,
					"trimmed": true,
					"spriteSourceSize": {
						"x": 128,
						"y": 57,
						"w": 96,
						"h": 202
					},
					"sourceSize": {
						"w": 298,
						"h": 300
					},
					"anchor": {
						"x": 0.5,
						"y": 0.8
					}
				},
				{
					"filename": "critical/NE/0002",
					"frame": {
						"x": 1651,
						"y": 0,
						"w": 142,
						"h": 211
					},
					"rotated": false,
					"trimmed": true,
					"spriteSourceSize": {
						"x": 91,
						"y": 53,
						"w": 142,
						"h": 211
					},
					"sourceSize": {
						"w": 298,
						"h": 300
					},
					"anchor": {
						"x": 0.5,
						"y": 0.8
					}
				},
				{
					"filename": "critical/NE/0003",
					"frame": {
						"x": 1793,
						"y": 0,
						"w": 128,
						"h": 213
					},
					"rotated": false,
					"trimmed": true,
					"spriteSourceSize": {
						"x": 91,
						"y": 48,
						"w": 128,
						"h": 213
					},
					"sourceSize": {
						"w": 298,
						"h": 300
					},
					"anchor": {
						"x": 0.5,
						"y": 0.8
					}
				},
				{
					"filename": "critical/NE/0004",
					"frame": {
						"x": 1921,
						"y": 0,
						"w": 124,
						"h": 220
					},
					"rotated": false,
					"trimmed": true,
					"spriteSourceSize": {
						"x": 91,
						"y": 44,
						"w": 124,
						"h": 220
					},
					"sourceSize": {
						"w": 298,
						"h": 300
					},
					"anchor": {
						"x": 0.5,
						"y": 0.8
					}
				},
				{
					"filename": "critical/NE/0005",
					"frame": {
						"x": 2045,
						"y": 0,
						"w": 149,
						"h": 224
					},
					"rotated": false,
					"trimmed": true,
					"spriteSourceSize": {
						"x": 93,
						"y": 41,
						"w": 149,
						"h": 224
					},
					"sourceSize": {
						"w": 298,
						"h": 300
					},
					"anchor": {
						"x": 0.5,
						"y": 0.8
					}
				},
				{
					"filename": "critical/NE/0006",
					"frame": {
						"x": 2194,
						"y": 0,
						"w": 152,
						"h": 215
					},
					"rotated": false,
					"trimmed": true,
					"spriteSourceSize": {
						"x": 93,
						"y": 50,
						"w": 152,
						"h": 215
					},
					"sourceSize": {
						"w": 298,
						"h": 300
					},
					"anchor": {
						"x": 0.5,
						"y": 0.8
					}
				},
				{
					"filename": "critical/NW/0001",
					"frame": {
						"x": 2346,
						"y": 0,
						"w": 98,
						"h": 199
					},
					"rotated": false,
					"trimmed": true,
					"spriteSourceSize": {
						"x": 87,
						"y": 57,
						"w": 98,
						"h": 199
					},
					"sourceSize": {
						"w": 298,
						"h": 300
					},
					"anchor": {
						"x": 0.5,
						"y": 0.8
					}
				},
				{
					"filename": "critical/NW/0002",
					"frame": {
						"x": 0,
						"y": 228,
						"w": 131,
						"h": 207
					},
					"rotated": false,
					"trimmed": true,
					"spriteSourceSize": {
						"x": 81,
						"y": 51,
						"w": 131,
						"h": 207
					},
					"sourceSize": {
						"w": 298,
						"h": 300
					},
					"anchor": {
						"x": 0.5,
						"y": 0.8
					}
				},
				{
					"filename": "critical/NW/0003",
					"frame": {
						"x": 131,
						"y": 228,
						"w": 129,
						"h": 215
					},
					"rotated": false,
					"trimmed": true,
					"spriteSourceSize": {
						"x": 83,
						"y": 43,
						"w": 129,
						"h": 215
					},
					"sourceSize": {
						"w": 298,
						"h": 300
					},
					"anchor": {
						"x": 0.5,
						"y": 0.8
					}
				},
				{
					"filename": "critical/NW/0004",
					"frame": {
						"x": 260,
						"y": 228,
						"w": 130,
						"h": 218
					},
					"rotated": false,
					"trimmed": true,
					"spriteSourceSize": {
						"x": 84,
						"y": 40,
						"w": 130,
						"h": 218
					},
					"sourceSize": {
						"w": 298,
						"h": 300
					},
					"anchor": {
						"x": 0.5,
						"y": 0.8
					}
				},
				{
					"filename": "critical/NW/0005",
					"frame": {
						"x": 390,
						"y": 228,
						"w": 131,
						"h": 225
					},
					"rotated": false,
					"trimmed": true,
					"spriteSourceSize": {
						"x": 84,
						"y": 36,
						"w": 131,
						"h": 225
					},
					"sourceSize": {
						"w": 298,
						"h": 300
					},
					"anchor": {
						"x": 0.5,
						"y": 0.8
					}
				},
				{
					"filename": "critical/NW/0006",
					"frame": {
						"x": 521,
						"y": 228,
						"w": 135,
						"h": 216
					},
					"rotated": false,
					"trimmed": true,
					"spriteSourceSize": {
						"x": 80,
						"y": 45,
						"w": 135,
						"h": 216
					},
					"sourceSize": {
						"w": 298,
						"h": 300
					},
					"anchor": {
						"x": 0.5,
						"y": 0.8
					}
				},
				{
					"filename": "critical/S/0001",
					"frame": {
						"x": 656,
						"y": 228,
						"w": 86,
						"h": 207
					},
					"rotated": false,
					"trimmed": true,
					"spriteSourceSize": {
						"x": 114,
						"y": 58,
						"w": 86,
						"h": 207
					},
					"sourceSize": {
						"w": 298,
						"h": 300
					},
					"anchor": {
						"x": 0.5,
						"y": 0.8
					}
				},
				{
					"filename": "critical/S/0002",
					"frame": {
						"x": 742,
						"y": 228,
						"w": 118,
						"h": 214
					},
					"rotated": false,
					"trimmed": true,
					"spriteSourceSize": {
						"x": 88,
						"y": 53,
						"w": 118,
						"h": 214
					},
					"sourceSize": {
						"w": 298,
						"h": 300
					},
					"anchor": {
						"x": 0.5,
						"y": 0.8
					}
				},
				{
					"filename": "critical/S/0003",
					"frame": {
						"x": 860,
						"y": 228,
						"w": 126,
						"h": 221
					},
					"rotated": false,
					"trimmed": true,
					"spriteSourceSize": {
						"x": 88,
						"y": 45,
						"w": 126,
						"h": 221
					},
					"sourceSize": {
						"w": 298,
						"h": 300
					},
					"anchor": {
						"x": 0.5,
						"y": 0.8
					}
				},
				{
					"filename": "critical/S/0004",
					"frame": {
						"x": 986,
						"y": 228,
						"w": 128,
						"h": 225
					},
					"rotated": false,
					"trimmed": true,
					"spriteSourceSize": {
						"x": 86,
						"y": 41,
						"w": 128,
						"h": 225
					},
					"sourceSize": {
						"w": 298,
						"h": 300
					},
					"anchor": {
						"x": 0.5,
						"y": 0.8
					}
				},
				{
					"filename": "critical/S/0005",
					"frame": {
						"x": 1114,
						"y": 228,
						"w": 139,
						"h": 233
					},
					"rotated": false,
					"trimmed": true,
					"spriteSourceSize": {
						"x": 89,
						"y": 37,
						"w": 139,
						"h": 233
					},
					"sourceSize": {
						"w": 298,
						"h": 300
					},
					"anchor": {
						"x": 0.5,
						"y": 0.8
					}
				},
				{
					"filename": "critical/S/0006",
					"frame": {
						"x": 1253,
						"y": 228,
						"w": 126,
						"h": 213
					},
					"rotated": false,
					"trimmed": true,
					"spriteSourceSize": {
						"x": 96,
						"y": 55,
						"w": 126,
						"h": 213
					},
					"sourceSize": {
						"w": 298,
						"h": 300
					},
					"anchor": {
						"x": 0.5,
						"y": 0.8
					}
				},
				{
					"filename": "critical/SE/0001",
					"frame": {
						"x": 1379,
						"y": 228,
						"w": 98,
						"h": 206
					},
					"rotated": false,
					"trimmed": true,
					"spriteSourceSize": {
						"x": 119,
						"y": 57,
						"w": 98,
						"h": 206
					},
					"sourceSize": {
						"w": 298,
						"h": 300
					},
					"anchor": {
						"x": 0.5,
						"y": 0.8
					}
				},
				{
					"filename": "critical/SE/0002",
					"frame": {
						"x": 1477,
						"y": 228,
						"w": 131,
						"h": 208
					},
					"rotated": false,
					"trimmed": true,
					"spriteSourceSize": {
						"x": 92,
						"y": 54,
						"w": 131,
						"h": 208
					},
					"sourceSize": {
						"w": 298,
						"h": 300
					},
					"anchor": {
						"x": 0.5,
						"y": 0.8
					}
				},
				{
					"filename": "critical/SE/0003",
					"frame": {
						"x": 1608,
						"y": 228,
						"w": 130,
						"h": 219
					},
					"rotated": false,
					"trimmed": true,
					"spriteSourceSize": {
						"x": 92,
						"y": 44,
						"w": 130,
						"h": 219
					},
					"sourceSize": {
						"w": 298,
						"h": 300
					},
					"anchor": {
						"x": 0.5,
						"y": 0.8
					}
				},
				{
					"filename": "critical/SE/0004",
					"frame": {
						"x": 1738,
						"y": 228,
						"w": 129,
						"h": 224
					},
					"rotated": false,
					"trimmed": true,
					"spriteSourceSize": {
						"x": 91,
						"y": 41,
						"w": 129,
						"h": 224
					},
					"sourceSize": {
						"w": 298,
						"h": 300
					},
					"anchor": {
						"x": 0.5,
						"y": 0.8
					}
				},
				{
					"filename": "critical/SE/0005",
					"frame": {
						"x": 1867,
						"y": 228,
						"w": 131,
						"h": 230
					},
					"rotated": false,
					"trimmed": true,
					"spriteSourceSize": {
						"x": 89,
						"y": 37,
						"w": 131,
						"h": 230
					},
					"sourceSize": {
						"w": 298,
						"h": 300
					},
					"anchor": {
						"x": 0.5,
						"y": 0.8
					}
				},
				{
					"filename": "critical/SE/0006",
					"frame": {
						"x": 1998,
						"y": 228,
						"w": 136,
						"h": 216
					},
					"rotated": false,
					"trimmed": true,
					"spriteSourceSize": {
						"x": 89,
						"y": 52,
						"w": 136,
						"h": 216
					},
					"sourceSize": {
						"w": 298,
						"h": 300
					},
					"anchor": {
						"x": 0.5,
						"y": 0.8
					}
				},
				{
					"filename": "critical/SW/0001",
					"frame": {
						"x": 2134,
						"y": 228,
						"w": 96,
						"h": 208
					},
					"rotated": false,
					"trimmed": true,
					"spriteSourceSize": {
						"x": 80,
						"y": 57,
						"w": 96,
						"h": 208
					},
					"sourceSize": {
						"w": 298,
						"h": 300
					},
					"anchor": {
						"x": 0.5,
						"y": 0.8
					}
				},
				{
					"filename": "critical/SW/0002",
					"frame": {
						"x": 2230,
						"y": 228,
						"w": 142,
						"h": 217
					},
					"rotated": false,
					"trimmed": true,
					"spriteSourceSize": {
						"x": 71,
						"y": 49,
						"w": 142,
						"h": 217
					},
					"sourceSize": {
						"w": 298,
						"h": 300
					},
					"anchor": {
						"x": 0.5,
						"y": 0.8
					}
				},
				{
					"filename": "critical/SW/0003",
					"frame": {
						"x": 2372,
						"y": 228,
						"w": 128,
						"h": 222
					},
					"rotated": false,
					"trimmed": true,
					"spriteSourceSize": {
						"x": 85,
						"y": 44,
						"w": 128,
						"h": 222
					},
					"sourceSize": {
						"w": 298,
						"h": 300
					},
					"anchor": {
						"x": 0.5,
						"y": 0.8
					}
				},
				{
					"filename": "critical/SW/0004",
					"frame": {
						"x": 0,
						"y": 461,
						"w": 124,
						"h": 225
					},
					"rotated": false,
					"trimmed": true,
					"spriteSourceSize": {
						"x": 89,
						"y": 40,
						"w": 124,
						"h": 225
					},
					"sourceSize": {
						"w": 298,
						"h": 300
					},
					"anchor": {
						"x": 0.5,
						"y": 0.8
					}
				},
				{
					"filename": "critical/SW/0005",
					"frame": {
						"x": 124,
						"y": 461,
						"w": 149,
						"h": 229
					},
					"rotated": false,
					"trimmed": true,
					"spriteSourceSize": {
						"x": 63,
						"y": 37,
						"w": 149,
						"h": 229
					},
					"sourceSize": {
						"w": 298,
						"h": 300
					},
					"anchor": {
						"x": 0.5,
						"y": 0.8
					}
				},
				{
					"filename": "critical/SW/0006",
					"frame": {
						"x": 273,
						"y": 461,
						"w": 153,
						"h": 210
					},
					"rotated": false,
					"trimmed": true,
					"spriteSourceSize": {
						"x": 59,
						"y": 55,
						"w": 153,
						"h": 210
					},
					"sourceSize": {
						"w": 298,
						"h": 300
					},
					"anchor": {
						"x": 0.5,
						"y": 0.8
					}
				},
				{
					"filename": "critical/W/0001",
					"frame": {
						"x": 426,
						"y": 461,
						"w": 109,
						"h": 203
					},
					"rotated": false,
					"trimmed": true,
					"spriteSourceSize": {
						"x": 67,
						"y": 57,
						"w": 109,
						"h": 203
					},
					"sourceSize": {
						"w": 298,
						"h": 300
					},
					"anchor": {
						"x": 0.5,
						"y": 0.8
					}
				},
				{
					"filename": "critical/W/0002",
					"frame": {
						"x": 535,
						"y": 461,
						"w": 129,
						"h": 213
					},
					"rotated": false,
					"trimmed": true,
					"spriteSourceSize": {
						"x": 82,
						"y": 48,
						"w": 129,
						"h": 213
					},
					"sourceSize": {
						"w": 298,
						"h": 300
					},
					"anchor": {
						"x": 0.5,
						"y": 0.8
					}
				},
				{
					"filename": "critical/W/0003",
					"frame": {
						"x": 664,
						"y": 461,
						"w": 130,
						"h": 219
					},
					"rotated": false,
					"trimmed": true,
					"spriteSourceSize": {
						"x": 83,
						"y": 43,
						"w": 130,
						"h": 219
					},
					"sourceSize": {
						"w": 298,
						"h": 300
					},
					"anchor": {
						"x": 0.5,
						"y": 0.8
					}
				},
				{
					"filename": "critical/W/0004",
					"frame": {
						"x": 794,
						"y": 461,
						"w": 131,
						"h": 223
					},
					"rotated": false,
					"trimmed": true,
					"spriteSourceSize": {
						"x": 83,
						"y": 39,
						"w": 131,
						"h": 223
					},
					"sourceSize": {
						"w": 298,
						"h": 300
					},
					"anchor": {
						"x": 0.5,
						"y": 0.8
					}
				},
				{
					"filename": "critical/W/0005",
					"frame": {
						"x": 925,
						"y": 461,
						"w": 164,
						"h": 227
					},
					"rotated": false,
					"trimmed": true,
					"spriteSourceSize": {
						"x": 50,
						"y": 36,
						"w": 164,
						"h": 227
					},
					"sourceSize": {
						"w": 298,
						"h": 300
					},
					"anchor": {
						"x": 0.5,
						"y": 0.8
					}
				},
				{
					"filename": "critical/W/0006",
					"frame": {
						"x": 1089,
						"y": 461,
						"w": 171,
						"h": 213
					},
					"rotated": false,
					"trimmed": true,
					"spriteSourceSize": {
						"x": 43,
						"y": 49,
						"w": 171,
						"h": 213
					},
					"sourceSize": {
						"w": 298,
						"h": 300
					},
					"anchor": {
						"x": 0.5,
						"y": 0.8
					}
				},
				{
					"filename": "death/E/0001",
					"frame": {
						"x": 1260,
						"y": 461,
						"w": 68,
						"h": 191
					},
					"rotated": false,
					"trimmed": true,
					"spriteSourceSize": {
						"x": 130,
						"y": 70,
						"w": 68,
						"h": 191
					},
					"sourceSize": {
						"w": 298,
						"h": 300
					},
					"anchor": {
						"x": 0.5,
						"y": 0.8
					}
				},
				{
					"filename": "death/E/0002",
					"frame": {
						"x": 1328,
						"y": 461,
						"w": 109,
						"h": 169
					},
					"rotated": false,
					"trimmed": true,
					"spriteSourceSize": {
						"x": 98,
						"y": 91,
						"w": 109,
						"h": 169
					},
					"sourceSize": {
						"w": 298,
						"h": 300
					},
					"anchor": {
						"x": 0.5,
						"y": 0.8
					}
				},
				{
					"filename": "death/E/0003",
					"frame": {
						"x": 1437,
						"y": 461,
						"w": 132,
						"h": 144
					},
					"rotated": false,
					"trimmed": true,
					"spriteSourceSize": {
						"x": 74,
						"y": 117,
						"w": 132,
						"h": 144
					},
					"sourceSize": {
						"w": 298,
						"h": 300
					},
					"anchor": {
						"x": 0.5,
						"y": 0.8
					}
				},
				{
					"filename": "death/E/0004",
					"frame": {
						"x": 1569,
						"y": 461,
						"w": 138,
						"h": 134
					},
					"rotated": false,
					"trimmed": true,
					"spriteSourceSize": {
						"x": 77,
						"y": 129,
						"w": 138,
						"h": 134
					},
					"sourceSize": {
						"w": 298,
						"h": 300
					},
					"anchor": {
						"x": 0.5,
						"y": 0.8
					}
				},
				{
					"filename": "death/E/0005",
					"frame": {
						"x": 1707,
						"y": 461,
						"w": 197,
						"h": 92
					},
					"rotated": false,
					"trimmed": true,
					"spriteSourceSize": {
						"x": 16,
						"y": 171,
						"w": 197,
						"h": 92
					},
					"sourceSize": {
						"w": 298,
						"h": 300
					},
					"anchor": {
						"x": 0.5,
						"y": 0.8
					}
				},
				{
					"filename": "death/E/0006",
					"frame": {
						"x": 1904,
						"y": 461,
						"w": 198,
						"h": 74
					},
					"rotated": false,
					"trimmed": true,
					"spriteSourceSize": {
						"x": 15,
						"y": 190,
						"w": 198,
						"h": 74
					},
					"sourceSize": {
						"w": 298,
						"h": 300
					},
					"anchor": {
						"x": 0.5,
						"y": 0.8
					}
				},
				{
					"filename": "death/N/0001",
					"frame": {
						"x": 2102,
						"y": 461,
						"w": 149,
						"h": 183
					},
					"rotated": false,
					"trimmed": true,
					"spriteSourceSize": {
						"x": 92,
						"y": 73,
						"w": 149,
						"h": 183
					},
					"sourceSize": {
						"w": 298,
						"h": 300
					},
					"anchor": {
						"x": 0.5,
						"y": 0.8
					}
				},
				{
					"filename": "death/N/0002",
					"frame": {
						"x": 2251,
						"y": 461,
						"w": 158,
						"h": 170
					},
					"rotated": false,
					"trimmed": true,
					"spriteSourceSize": {
						"x": 86,
						"y": 86,
						"w": 158,
						"h": 170
					},
					"sourceSize": {
						"w": 298,
						"h": 300
					},
					"anchor": {
						"x": 0.5,
						"y": 0.8
					}
				},
				{
					"filename": "death/N/0003",
					"frame": {
						"x": 0,
						"y": 690,
						"w": 164,
						"h": 148
					},
					"rotated": false,
					"trimmed": true,
					"spriteSourceSize": {
						"x": 77,
						"y": 114,
						"w": 164,
						"h": 148
					},
					"sourceSize": {
						"w": 298,
						"h": 300
					},
					"anchor": {
						"x": 0.5,
						"y": 0.8
					}
				},
				{
					"filename": "death/N/0004",
					"frame": {
						"x": 164,
						"y": 690,
						"w": 163,
						"h": 134
					},
					"rotated": false,
					"trimmed": true,
					"spriteSourceSize": {
						"x": 82,
						"y": 133,
						"w": 163,
						"h": 134
					},
					"sourceSize": {
						"w": 298,
						"h": 300
					},
					"anchor": {
						"x": 0.5,
						"y": 0.8
					}
				},
				{
					"filename": "death/N/0005",
					"frame": {
						"x": 327,
						"y": 690,
						"w": 159,
						"h": 114
					},
					"rotated": false,
					"trimmed": true,
					"spriteSourceSize": {
						"x": 90,
						"y": 165,
						"w": 159,
						"h": 114
					},
					"sourceSize": {
						"w": 298,
						"h": 300
					},
					"anchor": {
						"x": 0.5,
						"y": 0.8
					}
				},
				{
					"filename": "death/N/0006",
					"frame": {
						"x": 486,
						"y": 690,
						"w": 159,
						"h": 89
					},
					"rotated": false,
					"trimmed": true,
					"spriteSourceSize": {
						"x": 91,
						"y": 191,
						"w": 159,
						"h": 89
					},
					"sourceSize": {
						"w": 298,
						"h": 300
					},
					"anchor": {
						"x": 0.5,
						"y": 0.8
					}
				},
				{
					"filename": "death/NE/0001",
					"frame": {
						"x": 645,
						"y": 690,
						"w": 112,
						"h": 188
					},
					"rotated": false,
					"trimmed": true,
					"spriteSourceSize": {
						"x": 116,
						"y": 71,
						"w": 112,
						"h": 188
					},
					"sourceSize": {
						"w": 298,
						"h": 300
					},
					"anchor": {
						"x": 0.5,
						"y": 0.8
					}
				},
				{
					"filename": "death/NE/0002",
					"frame": {
						"x": 757,
						"y": 690,
						"w": 127,
						"h": 170
					},
					"rotated": false,
					"trimmed": true,
					"spriteSourceSize": {
						"x": 104,
						"y": 88,
						"w": 127,
						"h": 170
					},
					"sourceSize": {
						"w": 298,
						"h": 300
					},
					"anchor": {
						"x": 0.5,
						"y": 0.8
					}
				},
				{
					"filename": "death/NE/0003",
					"frame": {
						"x": 884,
						"y": 690,
						"w": 147,
						"h": 150
					},
					"rotated": false,
					"trimmed": true,
					"spriteSourceSize": {
						"x": 78,
						"y": 115,
						"w": 147,
						"h": 150
					},
					"sourceSize": {
						"w": 298,
						"h": 300
					},
					"anchor": {
						"x": 0.5,
						"y": 0.8
					}
				},
				{
					"filename": "death/NE/0004",
					"frame": {
						"x": 1031,
						"y": 690,
						"w": 147,
						"h": 133
					},
					"rotated": false,
					"trimmed": true,
					"spriteSourceSize": {
						"x": 55,
						"y": 136,
						"w": 147,
						"h": 133
					},
					"sourceSize": {
						"w": 298,
						"h": 300
					},
					"anchor": {
						"x": 0.5,
						"y": 0.8
					}
				},
				{
					"filename": "death/NE/0005",
					"frame": {
						"x": 1178,
						"y": 690,
						"w": 155,
						"h": 102
					},
					"rotated": false,
					"trimmed": true,
					"spriteSourceSize": {
						"x": 51,
						"y": 173,
						"w": 155,
						"h": 102
					},
					"sourceSize": {
						"w": 298,
						"h": 300
					},
					"anchor": {
						"x": 0.5,
						"y": 0.8
					}
				},
				{
					"filename": "death/NE/0006",
					"frame": {
						"x": 1333,
						"y": 690,
						"w": 153,
						"h": 85
					},
					"rotated": false,
					"trimmed": true,
					"spriteSourceSize": {
						"x": 53,
						"y": 190,
						"w": 153,
						"h": 85
					},
					"sourceSize": {
						"w": 298,
						"h": 300
					},
					"anchor": {
						"x": 0.5,
						"y": 0.8
					}
				},
				{
					"filename": "death/NW/0001",
					"frame": {
						"x": 1486,
						"y": 690,
						"w": 128,
						"h": 187
					},
					"rotated": false,
					"trimmed": true,
					"spriteSourceSize": {
						"x": 83,
						"y": 72,
						"w": 128,
						"h": 187
					},
					"sourceSize": {
						"w": 298,
						"h": 300
					},
					"anchor": {
						"x": 0.5,
						"y": 0.8
					}
				},
				{
					"filename": "death/NW/0002",
					"frame": {
						"x": 1614,
						"y": 690,
						"w": 138,
						"h": 172
					},
					"rotated": false,
					"trimmed": true,
					"spriteSourceSize": {
						"x": 90,
						"y": 88,
						"w": 138,
						"h": 172
					},
					"sourceSize": {
						"w": 298,
						"h": 300
					},
					"anchor": {
						"x": 0.5,
						"y": 0.8
					}
				},
				{
					"filename": "death/NW/0003",
					"frame": {
						"x": 1752,
						"y": 690,
						"w": 159,
						"h": 150
					},
					"rotated": false,
					"trimmed": true,
					"spriteSourceSize": {
						"x": 89,
						"y": 113,
						"w": 159,
						"h": 150
					},
					"sourceSize": {
						"w": 298,
						"h": 300
					},
					"anchor": {
						"x": 0.5,
						"y": 0.8
					}
				},
				{
					"filename": "death/NW/0004",
					"frame": {
						"x": 1911,
						"y": 690,
						"w": 158,
						"h": 148
					},
					"rotated": false,
					"trimmed": true,
					"spriteSourceSize": {
						"x": 98,
						"y": 120,
						"w": 158,
						"h": 148
					},
					"sourceSize": {
						"w": 298,
						"h": 300
					},
					"anchor": {
						"x": 0.5,
						"y": 0.8
					}
				},
				{
					"filename": "death/NW/0005",
					"frame": {
						"x": 2069,
						"y": 690,
						"w": 172,
						"h": 121
					},
					"rotated": false,
					"trimmed": true,
					"spriteSourceSize": {
						"x": 94,
						"y": 151,
						"w": 172,
						"h": 121
					},
					"sourceSize": {
						"w": 298,
						"h": 300
					},
					"anchor": {
						"x": 0.5,
						"y": 0.8
					}
				},
				{
					"filename": "death/NW/0006",
					"frame": {
						"x": 2241,
						"y": 690,
						"w": 173,
						"h": 82
					},
					"rotated": false,
					"trimmed": true,
					"spriteSourceSize": {
						"x": 92,
						"y": 189,
						"w": 173,
						"h": 82
					},
					"sourceSize": {
						"w": 298,
						"h": 300
					},
					"anchor": {
						"x": 0.5,
						"y": 0.8
					}
				},
				{
					"filename": "death/S/0001",
					"frame": {
						"x": 0,
						"y": 878,
						"w": 150,
						"h": 189
					},
					"rotated": false,
					"trimmed": true,
					"spriteSourceSize": {
						"x": 63,
						"y": 72,
						"w": 150,
						"h": 189
					},
					"sourceSize": {
						"w": 298,
						"h": 300
					},
					"anchor": {
						"x": 0.5,
						"y": 0.8
					}
				},
				{
					"filename": "death/S/0002",
					"frame": {
						"x": 150,
						"y": 878,
						"w": 159,
						"h": 167
					},
					"rotated": false,
					"trimmed": true,
					"spriteSourceSize": {
						"x": 60,
						"y": 96,
						"w": 159,
						"h": 167
					},
					"sourceSize": {
						"w": 298,
						"h": 300
					},
					"anchor": {
						"x": 0.5,
						"y": 0.8
					}
				},
				{
					"filename": "death/S/0003",
					"frame": {
						"x": 309,
						"y": 878,
						"w": 165,
						"h": 145
					},
					"rotated": false,
					"trimmed": true,
					"spriteSourceSize": {
						"x": 63,
						"y": 118,
						"w": 165,
						"h": 145
					},
					"sourceSize": {
						"w": 298,
						"h": 300
					},
					"anchor": {
						"x": 0.5,
						"y": 0.8
					}
				},
				{
					"filename": "death/S/0004",
					"frame": {
						"x": 474,
						"y": 878,
						"w": 163,
						"h": 145
					},
					"rotated": false,
					"trimmed": true,
					"spriteSourceSize": {
						"x": 59,
						"y": 118,
						"w": 163,
						"h": 145
					},
					"sourceSize": {
						"w": 298,
						"h": 300
					},
					"anchor": {
						"x": 0.5,
						"y": 0.8
					}
				},
				{
					"filename": "death/S/0005",
					"frame": {
						"x": 637,
						"y": 878,
						"w": 158,
						"h": 119
					},
					"rotated": false,
					"trimmed": true,
					"spriteSourceSize": {
						"x": 56,
						"y": 145,
						"w": 158,
						"h": 119
					},
					"sourceSize": {
						"w": 298,
						"h": 300
					},
					"anchor": {
						"x": 0.5,
						"y": 0.8
					}
				},
				{
					"filename": "death/S/0006",
					"frame": {
						"x": 795,
						"y": 878,
						"w": 159,
						"h": 76
					},
					"rotated": false,
					"trimmed": true,
					"spriteSourceSize": {
						"x": 54,
						"y": 188,
						"w": 159,
						"h": 76
					},
					"sourceSize": {
						"w": 298,
						"h": 300
					},
					"anchor": {
						"x": 0.5,
						"y": 0.8
					}
				},
				{
					"filename": "death/SE/0001",
					"frame": {
						"x": 954,
						"y": 878,
						"w": 127,
						"h": 192
					},
					"rotated": false,
					"trimmed": true,
					"spriteSourceSize": {
						"x": 94,
						"y": 70,
						"w": 127,
						"h": 192
					},
					"sourceSize": {
						"w": 298,
						"h": 300
					},
					"anchor": {
						"x": 0.5,
						"y": 0.8
					}
				},
				{
					"filename": "death/SE/0002",
					"frame": {
						"x": 1081,
						"y": 878,
						"w": 138,
						"h": 167
					},
					"rotated": false,
					"trimmed": true,
					"spriteSourceSize": {
						"x": 76,
						"y": 95,
						"w": 138,
						"h": 167
					},
					"sourceSize": {
						"w": 298,
						"h": 300
					},
					"anchor": {
						"x": 0.5,
						"y": 0.8
					}
				},
				{
					"filename": "death/SE/0003",
					"frame": {
						"x": 1219,
						"y": 878,
						"w": 158,
						"h": 145
					},
					"rotated": false,
					"trimmed": true,
					"spriteSourceSize": {
						"x": 57,
						"y": 118,
						"w": 158,
						"h": 145
					},
					"sourceSize": {
						"w": 298,
						"h": 300
					},
					"anchor": {
						"x": 0.5,
						"y": 0.8
					}
				},
				{
					"filename": "death/SE/0004",
					"frame": {
						"x": 1377,
						"y": 878,
						"w": 158,
						"h": 138
					},
					"rotated": false,
					"trimmed": true,
					"spriteSourceSize": {
						"x": 48,
						"y": 123,
						"w": 158,
						"h": 138
					},
					"sourceSize": {
						"w": 298,
						"h": 300
					},
					"anchor": {
						"x": 0.5,
						"y": 0.8
					}
				},
				{
					"filename": "death/SE/0005",
					"frame": {
						"x": 1535,
						"y": 878,
						"w": 172,
						"h": 104
					},
					"rotated": false,
					"trimmed": true,
					"spriteSourceSize": {
						"x": 39,
						"y": 159,
						"w": 172,
						"h": 104
					},
					"sourceSize": {
						"w": 298,
						"h": 300
					},
					"anchor": {
						"x": 0.5,
						"y": 0.8
					}
				},
				{
					"filename": "death/SE/0006",
					"frame": {
						"x": 1707,
						"y": 878,
						"w": 173,
						"h": 71
					},
					"rotated": false,
					"trimmed": true,
					"spriteSourceSize": {
						"x": 39,
						"y": 192,
						"w": 173,
						"h": 71
					},
					"sourceSize": {
						"w": 298,
						"h": 300
					},
					"anchor": {
						"x": 0.5,
						"y": 0.8
					}
				},
				{
					"filename": "death/SW/0001",
					"frame": {
						"x": 1880,
						"y": 878,
						"w": 111,
						"h": 192
					},
					"rotated": false,
					"trimmed": true,
					"spriteSourceSize": {
						"x": 77,
						"y": 71,
						"w": 111,
						"h": 192
					},
					"sourceSize": {
						"w": 298,
						"h": 300
					},
					"anchor": {
						"x": 0.5,
						"y": 0.8
					}
				},
				{
					"filename": "death/SW/0002",
					"frame": {
						"x": 1991,
						"y": 878,
						"w": 127,
						"h": 169
					},
					"rotated": false,
					"trimmed": true,
					"spriteSourceSize": {
						"x": 73,
						"y": 95,
						"w": 127,
						"h": 169
					},
					"sourceSize": {
						"w": 298,
						"h": 300
					},
					"anchor": {
						"x": 0.5,
						"y": 0.8
					}
				},
				{
					"filename": "death/SW/0003",
					"frame": {
						"x": 2118,
						"y": 878,
						"w": 148,
						"h": 152
					},
					"rotated": false,
					"trimmed": true,
					"spriteSourceSize": {
						"x": 79,
						"y": 113,
						"w": 148,
						"h": 152
					},
					"sourceSize": {
						"w": 298,
						"h": 300
					},
					"anchor": {
						"x": 0.5,
						"y": 0.8
					}
				},
				{
					"filename": "death/SW/0004",
					"frame": {
						"x": 2266,
						"y": 878,
						"w": 147,
						"h": 150
					},
					"rotated": false,
					"trimmed": true,
					"spriteSourceSize": {
						"x": 102,
						"y": 113,
						"w": 147,
						"h": 150
					},
					"sourceSize": {
						"w": 298,
						"h": 300
					},
					"anchor": {
						"x": 0.5,
						"y": 0.8
					}
				},
				{
					"filename": "death/SW/0005",
					"frame": {
						"x": 0,
						"y": 1070,
						"w": 155,
						"h": 127
					},
					"rotated": false,
					"trimmed": true,
					"spriteSourceSize": {
						"x": 98,
						"y": 137,
						"w": 155,
						"h": 127
					},
					"sourceSize": {
						"w": 298,
						"h": 300
					},
					"anchor": {
						"x": 0.5,
						"y": 0.8
					}
				},
				{
					"filename": "death/SW/0006",
					"frame": {
						"x": 155,
						"y": 1070,
						"w": 153,
						"h": 83
					},
					"rotated": false,
					"trimmed": true,
					"spriteSourceSize": {
						"x": 98,
						"y": 181,
						"w": 153,
						"h": 83
					},
					"sourceSize": {
						"w": 298,
						"h": 300
					},
					"anchor": {
						"x": 0.5,
						"y": 0.8
					}
				},
				{
					"filename": "death/W/0001",
					"frame": {
						"x": 308,
						"y": 1070,
						"w": 69,
						"h": 190
					},
					"rotated": false,
					"trimmed": true,
					"spriteSourceSize": {
						"x": 106,
						"y": 72,
						"w": 69,
						"h": 190
					},
					"sourceSize": {
						"w": 298,
						"h": 300
					},
					"anchor": {
						"x": 0.5,
						"y": 0.8
					}
				},
				{
					"filename": "death/W/0002",
					"frame": {
						"x": 377,
						"y": 1070,
						"w": 106,
						"h": 170
					},
					"rotated": false,
					"trimmed": true,
					"spriteSourceSize": {
						"x": 100,
						"y": 92,
						"w": 106,
						"h": 170
					},
					"sourceSize": {
						"w": 298,
						"h": 300
					},
					"anchor": {
						"x": 0.5,
						"y": 0.8
					}
				},
				{
					"filename": "death/W/0003",
					"frame": {
						"x": 483,
						"y": 1070,
						"w": 133,
						"h": 155
					},
					"rotated": false,
					"trimmed": true,
					"spriteSourceSize": {
						"x": 97,
						"y": 110,
						"w": 133,
						"h": 155
					},
					"sourceSize": {
						"w": 298,
						"h": 300
					},
					"anchor": {
						"x": 0.5,
						"y": 0.8
					}
				},
				{
					"filename": "death/W/0004",
					"frame": {
						"x": 616,
						"y": 1070,
						"w": 138,
						"h": 150
					},
					"rotated": false,
					"trimmed": true,
					"spriteSourceSize": {
						"x": 89,
						"y": 112,
						"w": 138,
						"h": 150
					},
					"sourceSize": {
						"w": 298,
						"h": 300
					},
					"anchor": {
						"x": 0.5,
						"y": 0.8
					}
				},
				{
					"filename": "death/W/0005",
					"frame": {
						"x": 754,
						"y": 1070,
						"w": 198,
						"h": 125
					},
					"rotated": false,
					"trimmed": true,
					"spriteSourceSize": {
						"x": 91,
						"y": 139,
						"w": 198,
						"h": 125
					},
					"sourceSize": {
						"w": 298,
						"h": 300
					},
					"anchor": {
						"x": 0.5,
						"y": 0.8
					}
				},
				{
					"filename": "death/W/0006",
					"frame": {
						"x": 952,
						"y": 1070,
						"w": 198,
						"h": 81
					},
					"rotated": false,
					"trimmed": true,
					"spriteSourceSize": {
						"x": 91,
						"y": 183,
						"w": 198,
						"h": 81
					},
					"sourceSize": {
						"w": 298,
						"h": 300
					},
					"anchor": {
						"x": 0.5,
						"y": 0.8
					}
				},
				{
					"filename": "fight/E/0001",
					"frame": {
						"x": 1150,
						"y": 1070,
						"w": 151,
						"h": 184
					},
					"rotated": false,
					"trimmed": true,
					"spriteSourceSize": {
						"x": 130,
						"y": 75,
						"w": 151,
						"h": 184
					},
					"sourceSize": {
						"w": 298,
						"h": 300
					},
					"anchor": {
						"x": 0.5,
						"y": 0.8
					}
				},
				{
					"filename": "fight/E/0002",
					"frame": {
						"x": 1301,
						"y": 1070,
						"w": 170,
						"h": 198
					},
					"rotated": false,
					"trimmed": true,
					"spriteSourceSize": {
						"x": 114,
						"y": 62,
						"w": 170,
						"h": 198
					},
					"sourceSize": {
						"w": 298,
						"h": 300
					},
					"anchor": {
						"x": 0.5,
						"y": 0.8
					}
				},
				{
					"filename": "fight/E/0003",
					"frame": {
						"x": 1471,
						"y": 1070,
						"w": 178,
						"h": 201
					},
					"rotated": false,
					"trimmed": true,
					"spriteSourceSize": {
						"x": 103,
						"y": 59,
						"w": 178,
						"h": 201
					},
					"sourceSize": {
						"w": 298,
						"h": 300
					},
					"anchor": {
						"x": 0.5,
						"y": 0.8
					}
				},
				{
					"filename": "fight/E/0004",
					"frame": {
						"x": 1649,
						"y": 1070,
						"w": 150,
						"h": 204
					},
					"rotated": false,
					"trimmed": true,
					"spriteSourceSize": {
						"x": 111,
						"y": 56,
						"w": 150,
						"h": 204
					},
					"sourceSize": {
						"w": 298,
						"h": 300
					},
					"anchor": {
						"x": 0.5,
						"y": 0.8
					}
				},
				{
					"filename": "fight/E/0005",
					"frame": {
						"x": 1799,
						"y": 1070,
						"w": 149,
						"h": 202
					},
					"rotated": false,
					"trimmed": true,
					"spriteSourceSize": {
						"x": 128,
						"y": 58,
						"w": 149,
						"h": 202
					},
					"sourceSize": {
						"w": 298,
						"h": 300
					},
					"anchor": {
						"x": 0.5,
						"y": 0.8
					}
				},
				{
					"filename": "fight/E/0006",
					"frame": {
						"x": 1948,
						"y": 1070,
						"w": 151,
						"h": 193
					},
					"rotated": false,
					"trimmed": true,
					"spriteSourceSize": {
						"x": 130,
						"y": 66,
						"w": 151,
						"h": 193
					},
					"sourceSize": {
						"w": 298,
						"h": 300
					},
					"anchor": {
						"x": 0.5,
						"y": 0.8
					}
				},
				{
					"filename": "fight/N/0001",
					"frame": {
						"x": 2099,
						"y": 1070,
						"w": 92,
						"h": 186
					},
					"rotated": false,
					"trimmed": true,
					"spriteSourceSize": {
						"x": 96,
						"y": 70,
						"w": 92,
						"h": 186
					},
					"sourceSize": {
						"w": 298,
						"h": 300
					},
					"anchor": {
						"x": 0.5,
						"y": 0.8
					}
				},
				{
					"filename": "fight/N/0002",
					"frame": {
						"x": 2191,
						"y": 1070,
						"w": 99,
						"h": 206
					},
					"rotated": false,
					"trimmed": true,
					"spriteSourceSize": {
						"x": 90,
						"y": 52,
						"w": 99,
						"h": 206
					},
					"sourceSize": {
						"w": 298,
						"h": 300
					},
					"anchor": {
						"x": 0.5,
						"y": 0.8
					}
				},
				{
					"filename": "fight/N/0003",
					"frame": {
						"x": 2290,
						"y": 1070,
						"w": 103,
						"h": 211
					},
					"rotated": false,
					"trimmed": true,
					"spriteSourceSize": {
						"x": 90,
						"y": 48,
						"w": 103,
						"h": 211
					},
					"sourceSize": {
						"w": 298,
						"h": 300
					},
					"anchor": {
						"x": 0.5,
						"y": 0.8
					}
				},
				{
					"filename": "fight/N/0004",
					"frame": {
						"x": 2393,
						"y": 1070,
						"w": 100,
						"h": 211
					},
					"rotated": false,
					"trimmed": true,
					"spriteSourceSize": {
						"x": 90,
						"y": 47,
						"w": 100,
						"h": 211
					},
					"sourceSize": {
						"w": 298,
						"h": 300
					},
					"anchor": {
						"x": 0.5,
						"y": 0.8
					}
				},
				{
					"filename": "fight/N/0005",
					"frame": {
						"x": 0,
						"y": 1281,
						"w": 93,
						"h": 205
					},
					"rotated": false,
					"trimmed": true,
					"spriteSourceSize": {
						"x": 95,
						"y": 51,
						"w": 93,
						"h": 205
					},
					"sourceSize": {
						"w": 298,
						"h": 300
					},
					"anchor": {
						"x": 0.5,
						"y": 0.8
					}
				},
				{
					"filename": "fight/N/0006",
					"frame": {
						"x": 93,
						"y": 1281,
						"w": 92,
						"h": 202
					},
					"rotated": false,
					"trimmed": true,
					"spriteSourceSize": {
						"x": 96,
						"y": 54,
						"w": 92,
						"h": 202
					},
					"sourceSize": {
						"w": 298,
						"h": 300
					},
					"anchor": {
						"x": 0.5,
						"y": 0.8
					}
				},
				{
					"filename": "fight/NE/0001",
					"frame": {
						"x": 185,
						"y": 1281,
						"w": 109,
						"h": 187
					},
					"rotated": false,
					"trimmed": true,
					"spriteSourceSize": {
						"x": 122,
						"y": 71,
						"w": 109,
						"h": 187
					},
					"sourceSize": {
						"w": 298,
						"h": 300
					},
					"anchor": {
						"x": 0.5,
						"y": 0.8
					}
				},
				{
					"filename": "fight/NE/0002",
					"frame": {
						"x": 294,
						"y": 1281,
						"w": 121,
						"h": 204
					},
					"rotated": false,
					"trimmed": true,
					"spriteSourceSize": {
						"x": 116,
						"y": 53,
						"w": 121,
						"h": 204
					},
					"sourceSize": {
						"w": 298,
						"h": 300
					},
					"anchor": {
						"x": 0.5,
						"y": 0.8
					}
				},
				{
					"filename": "fight/NE/0003",
					"frame": {
						"x": 415,
						"y": 1281,
						"w": 126,
						"h": 209
					},
					"rotated": false,
					"trimmed": true,
					"spriteSourceSize": {
						"x": 107,
						"y": 49,
						"w": 126,
						"h": 209
					},
					"sourceSize": {
						"w": 298,
						"h": 300
					},
					"anchor": {
						"x": 0.5,
						"y": 0.8
					}
				},
				{
					"filename": "fight/NE/0004",
					"frame": {
						"x": 541,
						"y": 1281,
						"w": 125,
						"h": 209
					},
					"rotated": false,
					"trimmed": true,
					"spriteSourceSize": {
						"x": 113,
						"y": 48,
						"w": 125,
						"h": 209
					},
					"sourceSize": {
						"w": 298,
						"h": 300
					},
					"anchor": {
						"x": 0.5,
						"y": 0.8
					}
				},
				{
					"filename": "fight/NE/0005",
					"frame": {
						"x": 666,
						"y": 1281,
						"w": 104,
						"h": 207
					},
					"rotated": false,
					"trimmed": true,
					"spriteSourceSize": {
						"x": 121,
						"y": 51,
						"w": 104,
						"h": 207
					},
					"sourceSize": {
						"w": 298,
						"h": 300
					},
					"anchor": {
						"x": 0.5,
						"y": 0.8
					}
				},
				{
					"filename": "fight/NE/0006",
					"frame": {
						"x": 770,
						"y": 1281,
						"w": 107,
						"h": 203
					},
					"rotated": false,
					"trimmed": true,
					"spriteSourceSize": {
						"x": 122,
						"y": 55,
						"w": 107,
						"h": 203
					},
					"sourceSize": {
						"w": 298,
						"h": 300
					},
					"anchor": {
						"x": 0.5,
						"y": 0.8
					}
				},
				{
					"filename": "fight/NW/0001",
					"frame": {
						"x": 877,
						"y": 1281,
						"w": 143,
						"h": 186
					},
					"rotated": false,
					"trimmed": true,
					"spriteSourceSize": {
						"x": 39,
						"y": 72,
						"w": 143,
						"h": 186
					},
					"sourceSize": {
						"w": 298,
						"h": 300
					},
					"anchor": {
						"x": 0.5,
						"y": 0.8
					}
				},
				{
					"filename": "fight/NW/0002",
					"frame": {
						"x": 1020,
						"y": 1281,
						"w": 144,
						"h": 199
					},
					"rotated": false,
					"trimmed": true,
					"spriteSourceSize": {
						"x": 35,
						"y": 59,
						"w": 144,
						"h": 199
					},
					"sourceSize": {
						"w": 298,
						"h": 300
					},
					"anchor": {
						"x": 0.5,
						"y": 0.8
					}
				},
				{
					"filename": "fight/NW/0003",
					"frame": {
						"x": 1164,
						"y": 1281,
						"w": 142,
						"h": 203
					},
					"rotated": false,
					"trimmed": true,
					"spriteSourceSize": {
						"x": 38,
						"y": 56,
						"w": 142,
						"h": 203
					},
					"sourceSize": {
						"w": 298,
						"h": 300
					},
					"anchor": {
						"x": 0.5,
						"y": 0.8
					}
				},
				{
					"filename": "fight/NW/0004",
					"frame": {
						"x": 1306,
						"y": 1281,
						"w": 98,
						"h": 206
					},
					"rotated": false,
					"trimmed": true,
					"spriteSourceSize": {
						"x": 81,
						"y": 53,
						"w": 98,
						"h": 206
					},
					"sourceSize": {
						"w": 298,
						"h": 300
					},
					"anchor": {
						"x": 0.5,
						"y": 0.8
					}
				},
				{
					"filename": "fight/NW/0005",
					"frame": {
						"x": 1404,
						"y": 1281,
						"w": 138,
						"h": 199
					},
					"rotated": false,
					"trimmed": true,
					"spriteSourceSize": {
						"x": 43,
						"y": 59,
						"w": 138,
						"h": 199
					},
					"sourceSize": {
						"w": 298,
						"h": 300
					},
					"anchor": {
						"x": 0.5,
						"y": 0.8
					}
				},
				{
					"filename": "fight/NW/0006",
					"frame": {
						"x": 1542,
						"y": 1281,
						"w": 143,
						"h": 195
					},
					"rotated": false,
					"trimmed": true,
					"spriteSourceSize": {
						"x": 39,
						"y": 63,
						"w": 143,
						"h": 195
					},
					"sourceSize": {
						"w": 298,
						"h": 300
					},
					"anchor": {
						"x": 0.5,
						"y": 0.8
					}
				},
				{
					"filename": "fight/S/0001",
					"frame": {
						"x": 1685,
						"y": 1281,
						"w": 91,
						"h": 185
					},
					"rotated": false,
					"trimmed": true,
					"spriteSourceSize": {
						"x": 117,
						"y": 84,
						"w": 91,
						"h": 185
					},
					"sourceSize": {
						"w": 298,
						"h": 300
					},
					"anchor": {
						"x": 0.5,
						"y": 0.8
					}
				},
				{
					"filename": "fight/S/0002",
					"frame": {
						"x": 1776,
						"y": 1281,
						"w": 99,
						"h": 183
					},
					"rotated": false,
					"trimmed": true,
					"spriteSourceSize": {
						"x": 115,
						"y": 82,
						"w": 99,
						"h": 183
					},
					"sourceSize": {
						"w": 298,
						"h": 300
					},
					"anchor": {
						"x": 0.5,
						"y": 0.8
					}
				},
				{
					"filename": "fight/S/0003",
					"frame": {
						"x": 1875,
						"y": 1281,
						"w": 103,
						"h": 191
					},
					"rotated": false,
					"trimmed": true,
					"spriteSourceSize": {
						"x": 112,
						"y": 74,
						"w": 103,
						"h": 191
					},
					"sourceSize": {
						"w": 298,
						"h": 300
					},
					"anchor": {
						"x": 0.5,
						"y": 0.8
					}
				},
				{
					"filename": "fight/S/0004",
					"frame": {
						"x": 1978,
						"y": 1281,
						"w": 99,
						"h": 194
					},
					"rotated": false,
					"trimmed": true,
					"spriteSourceSize": {
						"x": 115,
						"y": 71,
						"w": 99,
						"h": 194
					},
					"sourceSize": {
						"w": 298,
						"h": 300
					},
					"anchor": {
						"x": 0.5,
						"y": 0.8
					}
				},
				{
					"filename": "fight/S/0005",
					"frame": {
						"x": 2077,
						"y": 1281,
						"w": 94,
						"h": 199
					},
					"rotated": false,
					"trimmed": true,
					"spriteSourceSize": {
						"x": 116,
						"y": 70,
						"w": 94,
						"h": 199
					},
					"sourceSize": {
						"w": 298,
						"h": 300
					},
					"anchor": {
						"x": 0.5,
						"y": 0.8
					}
				},
				{
					"filename": "fight/S/0006",
					"frame": {
						"x": 2171,
						"y": 1281,
						"w": 91,
						"h": 185
					},
					"rotated": false,
					"trimmed": true,
					"spriteSourceSize": {
						"x": 117,
						"y": 84,
						"w": 91,
						"h": 185
					},
					"sourceSize": {
						"w": 298,
						"h": 300
					},
					"anchor": {
						"x": 0.5,
						"y": 0.8
					}
				},
				{
					"filename": "fight/SE/0001",
					"frame": {
						"x": 2262,
						"y": 1281,
						"w": 143,
						"h": 182
					},
					"rotated": false,
					"trimmed": true,
					"spriteSourceSize": {
						"x": 123,
						"y": 81,
						"w": 143,
						"h": 182
					},
					"sourceSize": {
						"w": 298,
						"h": 300
					},
					"anchor": {
						"x": 0.5,
						"y": 0.8
					}
				},
				{
					"filename": "fight/SE/0002",
					"frame": {
						"x": 2405,
						"y": 1281,
						"w": 143,
						"h": 191
					},
					"rotated": false,
					"trimmed": true,
					"spriteSourceSize": {
						"x": 126,
						"y": 74,
						"w": 143,
						"h": 191
					},
					"sourceSize": {
						"w": 298,
						"h": 300
					},
					"anchor": {
						"x": 0.5,
						"y": 0.8
					}
				},
				{
					"filename": "fight/SE/0003",
					"frame": {
						"x": 0,
						"y": 1490,
						"w": 142,
						"h": 194
					},
					"rotated": false,
					"trimmed": true,
					"spriteSourceSize": {
						"x": 124,
						"y": 68,
						"w": 142,
						"h": 194
					},
					"sourceSize": {
						"w": 298,
						"h": 300
					},
					"anchor": {
						"x": 0.5,
						"y": 0.8
					}
				},
				{
					"filename": "fight/SE/0004",
					"frame": {
						"x": 142,
						"y": 1490,
						"w": 97,
						"h": 197
					},
					"rotated": false,
					"trimmed": true,
					"spriteSourceSize": {
						"x": 126,
						"y": 65,
						"w": 97,
						"h": 197
					},
					"sourceSize": {
						"w": 298,
						"h": 300
					},
					"anchor": {
						"x": 0.5,
						"y": 0.8
					}
				},
				{
					"filename": "fight/SE/0005",
					"frame": {
						"x": 239,
						"y": 1490,
						"w": 137,
						"h": 198
					},
					"rotated": false,
					"trimmed": true,
					"spriteSourceSize": {
						"x": 124,
						"y": 65,
						"w": 137,
						"h": 198
					},
					"sourceSize": {
						"w": 298,
						"h": 300
					},
					"anchor": {
						"x": 0.5,
						"y": 0.8
					}
				},
				{
					"filename": "fight/SE/0006",
					"frame": {
						"x": 376,
						"y": 1490,
						"w": 142,
						"h": 183
					},
					"rotated": false,
					"trimmed": true,
					"spriteSourceSize": {
						"x": 123,
						"y": 80,
						"w": 142,
						"h": 183
					},
					"sourceSize": {
						"w": 298,
						"h": 300
					},
					"anchor": {
						"x": 0.5,
						"y": 0.8
					}
				},
				{
					"filename": "fight/SW/0001",
					"frame": {
						"x": 518,
						"y": 1490,
						"w": 109,
						"h": 184
					},
					"rotated": false,
					"trimmed": true,
					"spriteSourceSize": {
						"x": 73,
						"y": 82,
						"w": 109,
						"h": 184
					},
					"sourceSize": {
						"w": 298,
						"h": 300
					},
					"anchor": {
						"x": 0.5,
						"y": 0.8
					}
				},
				{
					"filename": "fight/SW/0002",
					"frame": {
						"x": 627,
						"y": 1490,
						"w": 122,
						"h": 185
					},
					"rotated": false,
					"trimmed": true,
					"spriteSourceSize": {
						"x": 67,
						"y": 81,
						"w": 122,
						"h": 185
					},
					"sourceSize": {
						"w": 298,
						"h": 300
					},
					"anchor": {
						"x": 0.5,
						"y": 0.8
					}
				},
				{
					"filename": "fight/SW/0003",
					"frame": {
						"x": 749,
						"y": 1490,
						"w": 125,
						"h": 192
					},
					"rotated": false,
					"trimmed": true,
					"spriteSourceSize": {
						"x": 72,
						"y": 73,
						"w": 125,
						"h": 192
					},
					"sourceSize": {
						"w": 298,
						"h": 300
					},
					"anchor": {
						"x": 0.5,
						"y": 0.8
					}
				},
				{
					"filename": "fight/SW/0004",
					"frame": {
						"x": 874,
						"y": 1490,
						"w": 125,
						"h": 196
					},
					"rotated": false,
					"trimmed": true,
					"spriteSourceSize": {
						"x": 66,
						"y": 70,
						"w": 125,
						"h": 196
					},
					"sourceSize": {
						"w": 298,
						"h": 300
					},
					"anchor": {
						"x": 0.5,
						"y": 0.8
					}
				},
				{
					"filename": "fight/SW/0005",
					"frame": {
						"x": 999,
						"y": 1490,
						"w": 104,
						"h": 196
					},
					"rotated": false,
					"trimmed": true,
					"spriteSourceSize": {
						"x": 79,
						"y": 70,
						"w": 104,
						"h": 196
					},
					"sourceSize": {
						"w": 298,
						"h": 300
					},
					"anchor": {
						"x": 0.5,
						"y": 0.8
					}
				},
				{
					"filename": "fight/SW/0006",
					"frame": {
						"x": 1103,
						"y": 1490,
						"w": 107,
						"h": 183
					},
					"rotated": false,
					"trimmed": true,
					"spriteSourceSize": {
						"x": 75,
						"y": 83,
						"w": 107,
						"h": 183
					},
					"sourceSize": {
						"w": 298,
						"h": 300
					},
					"anchor": {
						"x": 0.5,
						"y": 0.8
					}
				},
				{
					"filename": "fight/W/0001",
					"frame": {
						"x": 1210,
						"y": 1490,
						"w": 151,
						"h": 186
					},
					"rotated": false,
					"trimmed": true,
					"spriteSourceSize": {
						"x": 23,
						"y": 77,
						"w": 151,
						"h": 186
					},
					"sourceSize": {
						"w": 298,
						"h": 300
					},
					"anchor": {
						"x": 0.5,
						"y": 0.8
					}
				},
				{
					"filename": "fight/W/0002",
					"frame": {
						"x": 1361,
						"y": 1490,
						"w": 171,
						"h": 193
					},
					"rotated": false,
					"trimmed": true,
					"spriteSourceSize": {
						"x": 20,
						"y": 71,
						"w": 171,
						"h": 193
					},
					"sourceSize": {
						"w": 298,
						"h": 300
					},
					"anchor": {
						"x": 0.5,
						"y": 0.8
					}
				},
				{
					"filename": "fight/W/0003",
					"frame": {
						"x": 1532,
						"y": 1490,
						"w": 178,
						"h": 198
					},
					"rotated": false,
					"trimmed": true,
					"spriteSourceSize": {
						"x": 23,
						"y": 66,
						"w": 178,
						"h": 198
					},
					"sourceSize": {
						"w": 298,
						"h": 300
					},
					"anchor": {
						"x": 0.5,
						"y": 0.8
					}
				},
				{
					"filename": "fight/W/0004",
					"frame": {
						"x": 1710,
						"y": 1490,
						"w": 150,
						"h": 202
					},
					"rotated": false,
					"trimmed": true,
					"spriteSourceSize": {
						"x": 43,
						"y": 62,
						"w": 150,
						"h": 202
					},
					"sourceSize": {
						"w": 298,
						"h": 300
					},
					"anchor": {
						"x": 0.5,
						"y": 0.8
					}
				},
				{
					"filename": "fight/W/0005",
					"frame": {
						"x": 1860,
						"y": 1490,
						"w": 149,
						"h": 198
					},
					"rotated": false,
					"trimmed": true,
					"spriteSourceSize": {
						"x": 27,
						"y": 65,
						"w": 149,
						"h": 198
					},
					"sourceSize": {
						"w": 298,
						"h": 300
					},
					"anchor": {
						"x": 0.5,
						"y": 0.8
					}
				},
				{
					"filename": "fight/W/0006",
					"frame": {
						"x": 2009,
						"y": 1490,
						"w": 152,
						"h": 186
					},
					"rotated": false,
					"trimmed": true,
					"spriteSourceSize": {
						"x": 23,
						"y": 77,
						"w": 152,
						"h": 186
					},
					"sourceSize": {
						"w": 298,
						"h": 300
					},
					"anchor": {
						"x": 0.5,
						"y": 0.8
					}
				},
				{
					"filename": "stance/E/0001",
					"frame": {
						"x": 2161,
						"y": 1490,
						"w": 68,
						"h": 191
					},
					"rotated": false,
					"trimmed": true,
					"spriteSourceSize": {
						"x": 129,
						"y": 70,
						"w": 68,
						"h": 191
					},
					"sourceSize": {
						"w": 298,
						"h": 300
					},
					"anchor": {
						"x": 0.5,
						"y": 0.8
					}
				},
				{
					"filename": "stance/E/0002",
					"frame": {
						"x": 2229,
						"y": 1490,
						"w": 73,
						"h": 188
					},
					"rotated": false,
					"trimmed": true,
					"spriteSourceSize": {
						"x": 133,
						"y": 74,
						"w": 73,
						"h": 188
					},
					"sourceSize": {
						"w": 298,
						"h": 300
					},
					"anchor": {
						"x": 0.5,
						"y": 0.8
					}
				},
				{
					"filename": "stance/E/0003",
					"frame": {
						"x": 2302,
						"y": 1490,
						"w": 91,
						"h": 183
					},
					"rotated": false,
					"trimmed": true,
					"spriteSourceSize": {
						"x": 133,
						"y": 78,
						"w": 91,
						"h": 183
					},
					"sourceSize": {
						"w": 298,
						"h": 300
					},
					"anchor": {
						"x": 0.5,
						"y": 0.8
					}
				},
				{
					"filename": "stance/E/0004",
					"frame": {
						"x": 2393,
						"y": 1490,
						"w": 94,
						"h": 186
					},
					"rotated": false,
					"trimmed": true,
					"spriteSourceSize": {
						"x": 133,
						"y": 75,
						"w": 94,
						"h": 186
					},
					"sourceSize": {
						"w": 298,
						"h": 300
					},
					"anchor": {
						"x": 0.5,
						"y": 0.8
					}
				},
				{
					"filename": "stance/E/0005",
					"frame": {
						"x": 0,
						"y": 1692,
						"w": 94,
						"h": 190
					},
					"rotated": false,
					"trimmed": true,
					"spriteSourceSize": {
						"x": 131,
						"y": 71,
						"w": 94,
						"h": 190
					},
					"sourceSize": {
						"w": 298,
						"h": 300
					},
					"anchor": {
						"x": 0.5,
						"y": 0.8
					}
				},
				{
					"filename": "stance/E/0006",
					"frame": {
						"x": 94,
						"y": 1692,
						"w": 71,
						"h": 191
					},
					"rotated": false,
					"trimmed": true,
					"spriteSourceSize": {
						"x": 129,
						"y": 70,
						"w": 71,
						"h": 191
					},
					"sourceSize": {
						"w": 298,
						"h": 300
					},
					"anchor": {
						"x": 0.5,
						"y": 0.8
					}
				},
				{
					"filename": "stance/N/0001",
					"frame": {
						"x": 165,
						"y": 1692,
						"w": 149,
						"h": 183
					},
					"rotated": false,
					"trimmed": true,
					"spriteSourceSize": {
						"x": 92,
						"y": 73,
						"w": 149,
						"h": 183
					},
					"sourceSize": {
						"w": 298,
						"h": 300
					},
					"anchor": {
						"x": 0.5,
						"y": 0.8
					}
				},
				{
					"filename": "stance/N/0002",
					"frame": {
						"x": 314,
						"y": 1692,
						"w": 146,
						"h": 179
					},
					"rotated": false,
					"trimmed": true,
					"spriteSourceSize": {
						"x": 98,
						"y": 76,
						"w": 146,
						"h": 179
					},
					"sourceSize": {
						"w": 298,
						"h": 300
					},
					"anchor": {
						"x": 0.5,
						"y": 0.8
					}
				},
				{
					"filename": "stance/N/0003",
					"frame": {
						"x": 460,
						"y": 1692,
						"w": 134,
						"h": 177
					},
					"rotated": false,
					"trimmed": true,
					"spriteSourceSize": {
						"x": 104,
						"y": 78,
						"w": 134,
						"h": 177
					},
					"sourceSize": {
						"w": 298,
						"h": 300
					},
					"anchor": {
						"x": 0.5,
						"y": 0.8
					}
				},
				{
					"filename": "stance/N/0004",
					"frame": {
						"x": 594,
						"y": 1692,
						"w": 122,
						"h": 178
					},
					"rotated": false,
					"trimmed": true,
					"spriteSourceSize": {
						"x": 100,
						"y": 77,
						"w": 122,
						"h": 178
					},
					"sourceSize": {
						"w": 298,
						"h": 300
					},
					"anchor": {
						"x": 0.5,
						"y": 0.8
					}
				},
				{
					"filename": "stance/N/0005",
					"frame": {
						"x": 716,
						"y": 1692,
						"w": 143,
						"h": 183
					},
					"rotated": false,
					"trimmed": true,
					"spriteSourceSize": {
						"x": 93,
						"y": 73,
						"w": 143,
						"h": 183
					},
					"sourceSize": {
						"w": 298,
						"h": 300
					},
					"anchor": {
						"x": 0.5,
						"y": 0.8
					}
				},
				{
					"filename": "stance/N/0006",
					"frame": {
						"x": 859,
						"y": 1692,
						"w": 148,
						"h": 184
					},
					"rotated": false,
					"trimmed": true,
					"spriteSourceSize": {
						"x": 92,
						"y": 73,
						"w": 148,
						"h": 184
					},
					"sourceSize": {
						"w": 298,
						"h": 300
					},
					"anchor": {
						"x": 0.5,
						"y": 0.8
					}
				},
				{
					"filename": "stance/NE/0001",
					"frame": {
						"x": 1007,
						"y": 1692,
						"w": 113,
						"h": 189
					},
					"rotated": false,
					"trimmed": true,
					"spriteSourceSize": {
						"x": 116,
						"y": 71,
						"w": 113,
						"h": 189
					},
					"sourceSize": {
						"w": 298,
						"h": 300
					},
					"anchor": {
						"x": 0.5,
						"y": 0.8
					}
				},
				{
					"filename": "stance/NE/0002",
					"frame": {
						"x": 1120,
						"y": 1692,
						"w": 116,
						"h": 183
					},
					"rotated": false,
					"trimmed": true,
					"spriteSourceSize": {
						"x": 121,
						"y": 75,
						"w": 116,
						"h": 183
					},
					"sourceSize": {
						"w": 298,
						"h": 300
					},
					"anchor": {
						"x": 0.5,
						"y": 0.8
					}
				},
				{
					"filename": "stance/NE/0003",
					"frame": {
						"x": 1236,
						"y": 1692,
						"w": 122,
						"h": 179
					},
					"rotated": false,
					"trimmed": true,
					"spriteSourceSize": {
						"x": 119,
						"y": 78,
						"w": 122,
						"h": 179
					},
					"sourceSize": {
						"w": 298,
						"h": 300
					},
					"anchor": {
						"x": 0.5,
						"y": 0.8
					}
				},
				{
					"filename": "stance/NE/0004",
					"frame": {
						"x": 1358,
						"y": 1692,
						"w": 119,
						"h": 182
					},
					"rotated": false,
					"trimmed": true,
					"spriteSourceSize": {
						"x": 121,
						"y": 75,
						"w": 119,
						"h": 182
					},
					"sourceSize": {
						"w": 298,
						"h": 300
					},
					"anchor": {
						"x": 0.5,
						"y": 0.8
					}
				},
				{
					"filename": "stance/NE/0005",
					"frame": {
						"x": 1477,
						"y": 1692,
						"w": 124,
						"h": 186
					},
					"rotated": false,
					"trimmed": true,
					"spriteSourceSize": {
						"x": 117,
						"y": 72,
						"w": 124,
						"h": 186
					},
					"sourceSize": {
						"w": 298,
						"h": 300
					},
					"anchor": {
						"x": 0.5,
						"y": 0.8
					}
				},
				{
					"filename": "stance/NE/0006",
					"frame": {
						"x": 1601,
						"y": 1692,
						"w": 123,
						"h": 188
					},
					"rotated": false,
					"trimmed": true,
					"spriteSourceSize": {
						"x": 116,
						"y": 71,
						"w": 123,
						"h": 188
					},
					"sourceSize": {
						"w": 298,
						"h": 300
					},
					"anchor": {
						"x": 0.5,
						"y": 0.8
					}
				},
				{
					"filename": "stance/NW/0001",
					"frame": {
						"x": 1724,
						"y": 1692,
						"w": 125,
						"h": 187
					},
					"rotated": false,
					"trimmed": true,
					"spriteSourceSize": {
						"x": 84,
						"y": 72,
						"w": 125,
						"h": 187
					},
					"sourceSize": {
						"w": 298,
						"h": 300
					},
					"anchor": {
						"x": 0.5,
						"y": 0.8
					}
				},
				{
					"filename": "stance/NW/0002",
					"frame": {
						"x": 1849,
						"y": 1692,
						"w": 112,
						"h": 182
					},
					"rotated": false,
					"trimmed": true,
					"spriteSourceSize": {
						"x": 96,
						"y": 76,
						"w": 112,
						"h": 182
					},
					"sourceSize": {
						"w": 298,
						"h": 300
					},
					"anchor": {
						"x": 0.5,
						"y": 0.8
					}
				},
				{
					"filename": "stance/NW/0003",
					"frame": {
						"x": 1961,
						"y": 1692,
						"w": 114,
						"h": 179
					},
					"rotated": false,
					"trimmed": true,
					"spriteSourceSize": {
						"x": 95,
						"y": 79,
						"w": 114,
						"h": 179
					},
					"sourceSize": {
						"w": 298,
						"h": 300
					},
					"anchor": {
						"x": 0.5,
						"y": 0.8
					}
				},
				{
					"filename": "stance/NW/0004",
					"frame": {
						"x": 2075,
						"y": 1692,
						"w": 85,
						"h": 181
					},
					"rotated": false,
					"trimmed": true,
					"spriteSourceSize": {
						"x": 96,
						"y": 77,
						"w": 85,
						"h": 181
					},
					"sourceSize": {
						"w": 298,
						"h": 300
					},
					"anchor": {
						"x": 0.5,
						"y": 0.8
					}
				},
				{
					"filename": "stance/NW/0005",
					"frame": {
						"x": 2160,
						"y": 1692,
						"w": 116,
						"h": 186
					},
					"rotated": false,
					"trimmed": true,
					"spriteSourceSize": {
						"x": 85,
						"y": 73,
						"w": 116,
						"h": 186
					},
					"sourceSize": {
						"w": 298,
						"h": 300
					},
					"anchor": {
						"x": 0.5,
						"y": 0.8
					}
				},
				{
					"filename": "stance/NW/0006",
					"frame": {
						"x": 2276,
						"y": 1692,
						"w": 125,
						"h": 187
					},
					"rotated": false,
					"trimmed": true,
					"spriteSourceSize": {
						"x": 83,
						"y": 72,
						"w": 125,
						"h": 187
					},
					"sourceSize": {
						"w": 298,
						"h": 300
					},
					"anchor": {
						"x": 0.5,
						"y": 0.8
					}
				},
				{
					"filename": "stance/S/0001",
					"frame": {
						"x": 2401,
						"y": 1692,
						"w": 148,
						"h": 190
					},
					"rotated": false,
					"trimmed": true,
					"spriteSourceSize": {
						"x": 64,
						"y": 71,
						"w": 148,
						"h": 190
					},
					"sourceSize": {
						"w": 298,
						"h": 300
					},
					"anchor": {
						"x": 0.5,
						"y": 0.8
					}
				},
				{
					"filename": "stance/S/0002",
					"frame": {
						"x": 0,
						"y": 1883,
						"w": 146,
						"h": 185
					},
					"rotated": false,
					"trimmed": true,
					"spriteSourceSize": {
						"x": 60,
						"y": 77,
						"w": 146,
						"h": 185
					},
					"sourceSize": {
						"w": 298,
						"h": 300
					},
					"anchor": {
						"x": 0.5,
						"y": 0.8
					}
				},
				{
					"filename": "stance/S/0003",
					"frame": {
						"x": 146,
						"y": 1883,
						"w": 134,
						"h": 181
					},
					"rotated": false,
					"trimmed": true,
					"spriteSourceSize": {
						"x": 66,
						"y": 81,
						"w": 134,
						"h": 181
					},
					"sourceSize": {
						"w": 298,
						"h": 300
					},
					"anchor": {
						"x": 0.5,
						"y": 0.8
					}
				},
				{
					"filename": "stance/S/0004",
					"frame": {
						"x": 280,
						"y": 1883,
						"w": 123,
						"h": 184
					},
					"rotated": false,
					"trimmed": true,
					"spriteSourceSize": {
						"x": 82,
						"y": 78,
						"w": 123,
						"h": 184
					},
					"sourceSize": {
						"w": 298,
						"h": 300
					},
					"anchor": {
						"x": 0.5,
						"y": 0.8
					}
				},
				{
					"filename": "stance/S/0005",
					"frame": {
						"x": 403,
						"y": 1883,
						"w": 144,
						"h": 189
					},
					"rotated": false,
					"trimmed": true,
					"spriteSourceSize": {
						"x": 68,
						"y": 72,
						"w": 144,
						"h": 189
					},
					"sourceSize": {
						"w": 298,
						"h": 300
					},
					"anchor": {
						"x": 0.5,
						"y": 0.8
					}
				},
				{
					"filename": "stance/S/0006",
					"frame": {
						"x": 547,
						"y": 1883,
						"w": 149,
						"h": 190
					},
					"rotated": false,
					"trimmed": true,
					"spriteSourceSize": {
						"x": 64,
						"y": 71,
						"w": 149,
						"h": 190
					},
					"sourceSize": {
						"w": 298,
						"h": 300
					},
					"anchor": {
						"x": 0.5,
						"y": 0.8
					}
				},
				{
					"filename": "stance/SE/0001",
					"frame": {
						"x": 696,
						"y": 1883,
						"w": 126,
						"h": 191
					},
					"rotated": false,
					"trimmed": true,
					"spriteSourceSize": {
						"x": 95,
						"y": 70,
						"w": 126,
						"h": 191
					},
					"sourceSize": {
						"w": 298,
						"h": 300
					},
					"anchor": {
						"x": 0.5,
						"y": 0.8
					}
				},
				{
					"filename": "stance/SE/0002",
					"frame": {
						"x": 822,
						"y": 1883,
						"w": 113,
						"h": 187
					},
					"rotated": false,
					"trimmed": true,
					"spriteSourceSize": {
						"x": 96,
						"y": 75,
						"w": 113,
						"h": 187
					},
					"sourceSize": {
						"w": 298,
						"h": 300
					},
					"anchor": {
						"x": 0.5,
						"y": 0.8
					}
				},
				{
					"filename": "stance/SE/0003",
					"frame": {
						"x": 935,
						"y": 1883,
						"w": 114,
						"h": 183
					},
					"rotated": false,
					"trimmed": true,
					"spriteSourceSize": {
						"x": 96,
						"y": 80,
						"w": 114,
						"h": 183
					},
					"sourceSize": {
						"w": 298,
						"h": 300
					},
					"anchor": {
						"x": 0.5,
						"y": 0.8
					}
				},
				{
					"filename": "stance/SE/0004",
					"frame": {
						"x": 1049,
						"y": 1883,
						"w": 84,
						"h": 186
					},
					"rotated": false,
					"trimmed": true,
					"spriteSourceSize": {
						"x": 125,
						"y": 76,
						"w": 84,
						"h": 186
					},
					"sourceSize": {
						"w": 298,
						"h": 300
					},
					"anchor": {
						"x": 0.5,
						"y": 0.8
					}
				},
				{
					"filename": "stance/SE/0005",
					"frame": {
						"x": 1133,
						"y": 1883,
						"w": 116,
						"h": 191
					},
					"rotated": false,
					"trimmed": true,
					"spriteSourceSize": {
						"x": 103,
						"y": 71,
						"w": 116,
						"h": 191
					},
					"sourceSize": {
						"w": 298,
						"h": 300
					},
					"anchor": {
						"x": 0.5,
						"y": 0.8
					}
				},
				{
					"filename": "stance/SE/0006",
					"frame": {
						"x": 1249,
						"y": 1883,
						"w": 124,
						"h": 191
					},
					"rotated": false,
					"trimmed": true,
					"spriteSourceSize": {
						"x": 97,
						"y": 70,
						"w": 124,
						"h": 191
					},
					"sourceSize": {
						"w": 298,
						"h": 300
					},
					"anchor": {
						"x": 0.5,
						"y": 0.8
					}
				},
				{
					"filename": "stance/SW/0001",
					"frame": {
						"x": 1373,
						"y": 1883,
						"w": 113,
						"h": 192
					},
					"rotated": false,
					"trimmed": true,
					"spriteSourceSize": {
						"x": 75,
						"y": 71,
						"w": 113,
						"h": 192
					},
					"sourceSize": {
						"w": 298,
						"h": 300
					},
					"anchor": {
						"x": 0.5,
						"y": 0.8
					}
				},
				{
					"filename": "stance/SW/0002",
					"frame": {
						"x": 1486,
						"y": 1883,
						"w": 117,
						"h": 187
					},
					"rotated": false,
					"trimmed": true,
					"spriteSourceSize": {
						"x": 67,
						"y": 76,
						"w": 117,
						"h": 187
					},
					"sourceSize": {
						"w": 298,
						"h": 300
					},
					"anchor": {
						"x": 0.5,
						"y": 0.8
					}
				},
				{
					"filename": "stance/SW/0003",
					"frame": {
						"x": 1603,
						"y": 1883,
						"w": 121,
						"h": 182
					},
					"rotated": false,
					"trimmed": true,
					"spriteSourceSize": {
						"x": 64,
						"y": 81,
						"w": 121,
						"h": 182
					},
					"sourceSize": {
						"w": 298,
						"h": 300
					},
					"anchor": {
						"x": 0.5,
						"y": 0.8
					}
				},
				{
					"filename": "stance/SW/0004",
					"frame": {
						"x": 1724,
						"y": 1883,
						"w": 119,
						"h": 185
					},
					"rotated": false,
					"trimmed": true,
					"spriteSourceSize": {
						"x": 65,
						"y": 78,
						"w": 119,
						"h": 185
					},
					"sourceSize": {
						"w": 298,
						"h": 300
					},
					"anchor": {
						"x": 0.5,
						"y": 0.8
					}
				},
				{
					"filename": "stance/SW/0005",
					"frame": {
						"x": 1843,
						"y": 1883,
						"w": 124,
						"h": 191
					},
					"rotated": false,
					"trimmed": true,
					"spriteSourceSize": {
						"x": 63,
						"y": 72,
						"w": 124,
						"h": 191
					},
					"sourceSize": {
						"w": 298,
						"h": 300
					},
					"anchor": {
						"x": 0.5,
						"y": 0.8
					}
				},
				{
					"filename": "stance/SW/0006",
					"frame": {
						"x": 1967,
						"y": 1883,
						"w": 123,
						"h": 192
					},
					"rotated": false,
					"trimmed": true,
					"spriteSourceSize": {
						"x": 65,
						"y": 71,
						"w": 123,
						"h": 192
					},
					"sourceSize": {
						"w": 298,
						"h": 300
					},
					"anchor": {
						"x": 0.5,
						"y": 0.8
					}
				},
				{
					"filename": "stance/W/0001",
					"frame": {
						"x": 2090,
						"y": 1883,
						"w": 70,
						"h": 190
					},
					"rotated": false,
					"trimmed": true,
					"spriteSourceSize": {
						"x": 105,
						"y": 72,
						"w": 70,
						"h": 190
					},
					"sourceSize": {
						"w": 298,
						"h": 300
					},
					"anchor": {
						"x": 0.5,
						"y": 0.8
					}
				},
				{
					"filename": "stance/W/0002",
					"frame": {
						"x": 2160,
						"y": 1883,
						"w": 73,
						"h": 186
					},
					"rotated": false,
					"trimmed": true,
					"spriteSourceSize": {
						"x": 98,
						"y": 76,
						"w": 73,
						"h": 186
					},
					"sourceSize": {
						"w": 298,
						"h": 300
					},
					"anchor": {
						"x": 0.5,
						"y": 0.8
					}
				},
				{
					"filename": "stance/W/0003",
					"frame": {
						"x": 2233,
						"y": 1883,
						"w": 90,
						"h": 181
					},
					"rotated": false,
					"trimmed": true,
					"spriteSourceSize": {
						"x": 81,
						"y": 80,
						"w": 90,
						"h": 181
					},
					"sourceSize": {
						"w": 298,
						"h": 300
					},
					"anchor": {
						"x": 0.5,
						"y": 0.8
					}
				},
				{
					"filename": "stance/W/0004",
					"frame": {
						"x": 2323,
						"y": 1883,
						"w": 94,
						"h": 185
					},
					"rotated": false,
					"trimmed": true,
					"spriteSourceSize": {
						"x": 77,
						"y": 77,
						"w": 94,
						"h": 185
					},
					"sourceSize": {
						"w": 298,
						"h": 300
					},
					"anchor": {
						"x": 0.5,
						"y": 0.8
					}
				},
				{
					"filename": "stance/W/0005",
					"frame": {
						"x": 2417,
						"y": 1883,
						"w": 94,
						"h": 190
					},
					"rotated": false,
					"trimmed": true,
					"spriteSourceSize": {
						"x": 79,
						"y": 72,
						"w": 94,
						"h": 190
					},
					"sourceSize": {
						"w": 298,
						"h": 300
					},
					"anchor": {
						"x": 0.5,
						"y": 0.8
					}
				},
				{
					"filename": "stance/W/0006",
					"frame": {
						"x": 0,
						"y": 2075,
						"w": 70,
						"h": 191
					},
					"rotated": false,
					"trimmed": true,
					"spriteSourceSize": {
						"x": 105,
						"y": 71,
						"w": 70,
						"h": 191
					},
					"sourceSize": {
						"w": 298,
						"h": 300
					},
					"anchor": {
						"x": 0.5,
						"y": 0.8
					}
				},
				{
					"filename": "walk/E/0001",
					"frame": {
						"x": 70,
						"y": 2075,
						"w": 104,
						"h": 190
					},
					"rotated": false,
					"trimmed": true,
					"spriteSourceSize": {
						"x": 118,
						"y": 70,
						"w": 104,
						"h": 190
					},
					"sourceSize": {
						"w": 298,
						"h": 300
					},
					"anchor": {
						"x": 0.5,
						"y": 0.8
					}
				},
				{
					"filename": "walk/E/0002",
					"frame": {
						"x": 174,
						"y": 2075,
						"w": 95,
						"h": 187
					},
					"rotated": false,
					"trimmed": true,
					"spriteSourceSize": {
						"x": 128,
						"y": 73,
						"w": 95,
						"h": 187
					},
					"sourceSize": {
						"w": 298,
						"h": 300
					},
					"anchor": {
						"x": 0.5,
						"y": 0.8
					}
				},
				{
					"filename": "walk/E/0003",
					"frame": {
						"x": 269,
						"y": 2075,
						"w": 108,
						"h": 185
					},
					"rotated": false,
					"trimmed": true,
					"spriteSourceSize": {
						"x": 116,
						"y": 76,
						"w": 108,
						"h": 185
					},
					"sourceSize": {
						"w": 298,
						"h": 300
					},
					"anchor": {
						"x": 0.5,
						"y": 0.8
					}
				},
				{
					"filename": "walk/E/0004",
					"frame": {
						"x": 377,
						"y": 2075,
						"w": 98,
						"h": 186
					},
					"rotated": false,
					"trimmed": true,
					"spriteSourceSize": {
						"x": 125,
						"y": 75,
						"w": 98,
						"h": 186
					},
					"sourceSize": {
						"w": 298,
						"h": 300
					},
					"anchor": {
						"x": 0.5,
						"y": 0.8
					}
				},
				{
					"filename": "walk/E/0005",
					"frame": {
						"x": 475,
						"y": 2075,
						"w": 98,
						"h": 189
					},
					"rotated": false,
					"trimmed": true,
					"spriteSourceSize": {
						"x": 126,
						"y": 71,
						"w": 98,
						"h": 189
					},
					"sourceSize": {
						"w": 298,
						"h": 300
					},
					"anchor": {
						"x": 0.5,
						"y": 0.8
					}
				},
				{
					"filename": "walk/E/0006",
					"frame": {
						"x": 573,
						"y": 2075,
						"w": 103,
						"h": 190
					},
					"rotated": false,
					"trimmed": true,
					"spriteSourceSize": {
						"x": 117,
						"y": 70,
						"w": 103,
						"h": 190
					},
					"sourceSize": {
						"w": 298,
						"h": 300
					},
					"anchor": {
						"x": 0.5,
						"y": 0.8
					}
				},
				{
					"filename": "walk/N/0001",
					"frame": {
						"x": 676,
						"y": 2075,
						"w": 96,
						"h": 186
					},
					"rotated": false,
					"trimmed": true,
					"spriteSourceSize": {
						"x": 105,
						"y": 73,
						"w": 96,
						"h": 186
					},
					"sourceSize": {
						"w": 298,
						"h": 300
					},
					"anchor": {
						"x": 0.5,
						"y": 0.8
					}
				},
				{
					"filename": "walk/N/0002",
					"frame": {
						"x": 772,
						"y": 2075,
						"w": 96,
						"h": 182
					},
					"rotated": false,
					"trimmed": true,
					"spriteSourceSize": {
						"x": 105,
						"y": 75,
						"w": 96,
						"h": 182
					},
					"sourceSize": {
						"w": 298,
						"h": 300
					},
					"anchor": {
						"x": 0.5,
						"y": 0.8
					}
				},
				{
					"filename": "walk/N/0003",
					"frame": {
						"x": 868,
						"y": 2075,
						"w": 105,
						"h": 180
					},
					"rotated": false,
					"trimmed": true,
					"spriteSourceSize": {
						"x": 99,
						"y": 79,
						"w": 105,
						"h": 180
					},
					"sourceSize": {
						"w": 298,
						"h": 300
					},
					"anchor": {
						"x": 0.5,
						"y": 0.8
					}
				},
				{
					"filename": "walk/N/0004",
					"frame": {
						"x": 973,
						"y": 2075,
						"w": 106,
						"h": 180
					},
					"rotated": false,
					"trimmed": true,
					"spriteSourceSize": {
						"x": 95,
						"y": 78,
						"w": 106,
						"h": 180
					},
					"sourceSize": {
						"w": 298,
						"h": 300
					},
					"anchor": {
						"x": 0.5,
						"y": 0.8
					}
				},
				{
					"filename": "walk/N/0005",
					"frame": {
						"x": 1079,
						"y": 2075,
						"w": 106,
						"h": 183
					},
					"rotated": false,
					"trimmed": true,
					"spriteSourceSize": {
						"x": 93,
						"y": 74,
						"w": 106,
						"h": 183
					},
					"sourceSize": {
						"w": 298,
						"h": 300
					},
					"anchor": {
						"x": 0.5,
						"y": 0.8
					}
				},
				{
					"filename": "walk/N/0006",
					"frame": {
						"x": 1185,
						"y": 2075,
						"w": 96,
						"h": 186
					},
					"rotated": false,
					"trimmed": true,
					"spriteSourceSize": {
						"x": 105,
						"y": 73,
						"w": 96,
						"h": 186
					},
					"sourceSize": {
						"w": 298,
						"h": 300
					},
					"anchor": {
						"x": 0.5,
						"y": 0.8
					}
				},
				{
					"filename": "walk/NE/0001",
					"frame": {
						"x": 1281,
						"y": 2075,
						"w": 110,
						"h": 190
					},
					"rotated": false,
					"trimmed": true,
					"spriteSourceSize": {
						"x": 118,
						"y": 71,
						"w": 110,
						"h": 190
					},
					"sourceSize": {
						"w": 298,
						"h": 300
					},
					"anchor": {
						"x": 0.5,
						"y": 0.8
					}
				},
				{
					"filename": "walk/NE/0002",
					"frame": {
						"x": 1391,
						"y": 2075,
						"w": 117,
						"h": 183
					},
					"rotated": false,
					"trimmed": true,
					"spriteSourceSize": {
						"x": 115,
						"y": 74,
						"w": 117,
						"h": 183
					},
					"sourceSize": {
						"w": 298,
						"h": 300
					},
					"anchor": {
						"x": 0.5,
						"y": 0.8
					}
				},
				{
					"filename": "walk/NE/0003",
					"frame": {
						"x": 1508,
						"y": 2075,
						"w": 126,
						"h": 180
					},
					"rotated": false,
					"trimmed": true,
					"spriteSourceSize": {
						"x": 104,
						"y": 78,
						"w": 126,
						"h": 180
					},
					"sourceSize": {
						"w": 298,
						"h": 300
					},
					"anchor": {
						"x": 0.5,
						"y": 0.8
					}
				},
				{
					"filename": "walk/NE/0004",
					"frame": {
						"x": 1634,
						"y": 2075,
						"w": 122,
						"h": 180
					},
					"rotated": false,
					"trimmed": true,
					"spriteSourceSize": {
						"x": 111,
						"y": 77,
						"w": 122,
						"h": 180
					},
					"sourceSize": {
						"w": 298,
						"h": 300
					},
					"anchor": {
						"x": 0.5,
						"y": 0.8
					}
				},
				{
					"filename": "walk/NE/0005",
					"frame": {
						"x": 1756,
						"y": 2075,
						"w": 116,
						"h": 186
					},
					"rotated": false,
					"trimmed": true,
					"spriteSourceSize": {
						"x": 118,
						"y": 72,
						"w": 116,
						"h": 186
					},
					"sourceSize": {
						"w": 298,
						"h": 300
					},
					"anchor": {
						"x": 0.5,
						"y": 0.8
					}
				},
				{
					"filename": "walk/NE/0006",
					"frame": {
						"x": 1872,
						"y": 2075,
						"w": 110,
						"h": 190
					},
					"rotated": false,
					"trimmed": true,
					"spriteSourceSize": {
						"x": 118,
						"y": 71,
						"w": 110,
						"h": 190
					},
					"sourceSize": {
						"w": 298,
						"h": 300
					},
					"anchor": {
						"x": 0.5,
						"y": 0.8
					}
				},
				{
					"filename": "walk/NW/0001",
					"frame": {
						"x": 1982,
						"y": 2075,
						"w": 107,
						"h": 187
					},
					"rotated": false,
					"trimmed": true,
					"spriteSourceSize": {
						"x": 85,
						"y": 72,
						"w": 107,
						"h": 187
					},
					"sourceSize": {
						"w": 298,
						"h": 300
					},
					"anchor": {
						"x": 0.5,
						"y": 0.8
					}
				},
				{
					"filename": "walk/NW/0002",
					"frame": {
						"x": 2089,
						"y": 2075,
						"w": 82,
						"h": 184
					},
					"rotated": false,
					"trimmed": true,
					"spriteSourceSize": {
						"x": 95,
						"y": 75,
						"w": 82,
						"h": 184
					},
					"sourceSize": {
						"w": 298,
						"h": 300
					},
					"anchor": {
						"x": 0.5,
						"y": 0.8
					}
				},
				{
					"filename": "walk/NW/0003",
					"frame": {
						"x": 2171,
						"y": 2075,
						"w": 67,
						"h": 184
					},
					"rotated": false,
					"trimmed": true,
					"spriteSourceSize": {
						"x": 113,
						"y": 78,
						"w": 67,
						"h": 184
					},
					"sourceSize": {
						"w": 298,
						"h": 300
					},
					"anchor": {
						"x": 0.5,
						"y": 0.8
					}
				},
				{
					"filename": "walk/NW/0004",
					"frame": {
						"x": 2238,
						"y": 2075,
						"w": 76,
						"h": 183
					},
					"rotated": false,
					"trimmed": true,
					"spriteSourceSize": {
						"x": 102,
						"y": 77,
						"w": 76,
						"h": 183
					},
					"sourceSize": {
						"w": 298,
						"h": 300
					},
					"anchor": {
						"x": 0.5,
						"y": 0.8
					}
				},
				{
					"filename": "walk/NW/0005",
					"frame": {
						"x": 2314,
						"y": 2075,
						"w": 104,
						"h": 185
					},
					"rotated": false,
					"trimmed": true,
					"spriteSourceSize": {
						"x": 81,
						"y": 73,
						"w": 104,
						"h": 185
					},
					"sourceSize": {
						"w": 298,
						"h": 300
					},
					"anchor": {
						"x": 0.5,
						"y": 0.8
					}
				},
				{
					"filename": "walk/NW/0006",
					"frame": {
						"x": 2418,
						"y": 2075,
						"w": 109,
						"h": 187
					},
					"rotated": false,
					"trimmed": true,
					"spriteSourceSize": {
						"x": 85,
						"y": 72,
						"w": 109,
						"h": 187
					},
					"sourceSize": {
						"w": 298,
						"h": 300
					},
					"anchor": {
						"x": 0.5,
						"y": 0.8
					}
				},
				{
					"filename": "walk/S/0001",
					"frame": {
						"x": 0,
						"y": 2266,
						"w": 97,
						"h": 193
					},
					"rotated": false,
					"trimmed": true,
					"spriteSourceSize": {
						"x": 103,
						"y": 71,
						"w": 97,
						"h": 193
					},
					"sourceSize": {
						"w": 298,
						"h": 300
					},
					"anchor": {
						"x": 0.5,
						"y": 0.8
					}
				},
				{
					"filename": "walk/S/0002",
					"frame": {
						"x": 97,
						"y": 2266,
						"w": 96,
						"h": 188
					},
					"rotated": false,
					"trimmed": true,
					"spriteSourceSize": {
						"x": 104,
						"y": 74,
						"w": 96,
						"h": 188
					},
					"sourceSize": {
						"w": 298,
						"h": 300
					},
					"anchor": {
						"x": 0.5,
						"y": 0.8
					}
				},
				{
					"filename": "walk/S/0003",
					"frame": {
						"x": 193,
						"y": 2266,
						"w": 105,
						"h": 186
					},
					"rotated": false,
					"trimmed": true,
					"spriteSourceSize": {
						"x": 100,
						"y": 77,
						"w": 105,
						"h": 186
					},
					"sourceSize": {
						"w": 298,
						"h": 300
					},
					"anchor": {
						"x": 0.5,
						"y": 0.8
					}
				},
				{
					"filename": "walk/S/0004",
					"frame": {
						"x": 298,
						"y": 2266,
						"w": 107,
						"h": 187
					},
					"rotated": false,
					"trimmed": true,
					"spriteSourceSize": {
						"x": 103,
						"y": 76,
						"w": 107,
						"h": 187
					},
					"sourceSize": {
						"w": 298,
						"h": 300
					},
					"anchor": {
						"x": 0.5,
						"y": 0.8
					}
				},
				{
					"filename": "walk/S/0005",
					"frame": {
						"x": 405,
						"y": 2266,
						"w": 107,
						"h": 193
					},
					"rotated": false,
					"trimmed": true,
					"spriteSourceSize": {
						"x": 105,
						"y": 72,
						"w": 107,
						"h": 193
					},
					"sourceSize": {
						"w": 298,
						"h": 300
					},
					"anchor": {
						"x": 0.5,
						"y": 0.8
					}
				},
				{
					"filename": "walk/S/0006",
					"frame": {
						"x": 512,
						"y": 2266,
						"w": 97,
						"h": 193
					},
					"rotated": false,
					"trimmed": true,
					"spriteSourceSize": {
						"x": 103,
						"y": 71,
						"w": 97,
						"h": 193
					},
					"sourceSize": {
						"w": 298,
						"h": 300
					},
					"anchor": {
						"x": 0.5,
						"y": 0.8
					}
				},
				{
					"filename": "walk/SE/0001",
					"frame": {
						"x": 609,
						"y": 2266,
						"w": 107,
						"h": 191
					},
					"rotated": false,
					"trimmed": true,
					"spriteSourceSize": {
						"x": 112,
						"y": 70,
						"w": 107,
						"h": 191
					},
					"sourceSize": {
						"w": 298,
						"h": 300
					},
					"anchor": {
						"x": 0.5,
						"y": 0.8
					}
				},
				{
					"filename": "walk/SE/0002",
					"frame": {
						"x": 716,
						"y": 2266,
						"w": 83,
						"h": 189
					},
					"rotated": false,
					"trimmed": true,
					"spriteSourceSize": {
						"x": 127,
						"y": 73,
						"w": 83,
						"h": 189
					},
					"sourceSize": {
						"w": 298,
						"h": 300
					},
					"anchor": {
						"x": 0.5,
						"y": 0.8
					}
				},
				{
					"filename": "walk/SE/0003",
					"frame": {
						"x": 799,
						"y": 2266,
						"w": 68,
						"h": 188
					},
					"rotated": false,
					"trimmed": true,
					"spriteSourceSize": {
						"x": 124,
						"y": 76,
						"w": 68,
						"h": 188
					},
					"sourceSize": {
						"w": 298,
						"h": 300
					},
					"anchor": {
						"x": 0.5,
						"y": 0.8
					}
				},
				{
					"filename": "walk/SE/0004",
					"frame": {
						"x": 867,
						"y": 2266,
						"w": 76,
						"h": 188
					},
					"rotated": false,
					"trimmed": true,
					"spriteSourceSize": {
						"x": 126,
						"y": 75,
						"w": 76,
						"h": 188
					},
					"sourceSize": {
						"w": 298,
						"h": 300
					},
					"anchor": {
						"x": 0.5,
						"y": 0.8
					}
				},
				{
					"filename": "walk/SE/0005",
					"frame": {
						"x": 943,
						"y": 2266,
						"w": 105,
						"h": 190
					},
					"rotated": false,
					"trimmed": true,
					"spriteSourceSize": {
						"x": 119,
						"y": 71,
						"w": 105,
						"h": 190
					},
					"sourceSize": {
						"w": 298,
						"h": 300
					},
					"anchor": {
						"x": 0.5,
						"y": 0.8
					}
				},
				{
					"filename": "walk/SE/0006",
					"frame": {
						"x": 1048,
						"y": 2266,
						"w": 108,
						"h": 191
					},
					"rotated": false,
					"trimmed": true,
					"spriteSourceSize": {
						"x": 111,
						"y": 70,
						"w": 108,
						"h": 191
					},
					"sourceSize": {
						"w": 298,
						"h": 300
					},
					"anchor": {
						"x": 0.5,
						"y": 0.8
					}
				},
				{
					"filename": "walk/SW/0001",
					"frame": {
						"x": 1156,
						"y": 2266,
						"w": 110,
						"h": 194
					},
					"rotated": false,
					"trimmed": true,
					"spriteSourceSize": {
						"x": 76,
						"y": 71,
						"w": 110,
						"h": 194
					},
					"sourceSize": {
						"w": 298,
						"h": 300
					},
					"anchor": {
						"x": 0.5,
						"y": 0.8
					}
				},
				{
					"filename": "walk/SW/0002",
					"frame": {
						"x": 1266,
						"y": 2266,
						"w": 116,
						"h": 189
					},
					"rotated": false,
					"trimmed": true,
					"spriteSourceSize": {
						"x": 73,
						"y": 74,
						"w": 116,
						"h": 189
					},
					"sourceSize": {
						"w": 298,
						"h": 300
					},
					"anchor": {
						"x": 0.5,
						"y": 0.8
					}
				},
				{
					"filename": "walk/SW/0003",
					"frame": {
						"x": 1382,
						"y": 2266,
						"w": 127,
						"h": 183
					},
					"rotated": false,
					"trimmed": true,
					"spriteSourceSize": {
						"x": 74,
						"y": 77,
						"w": 127,
						"h": 183
					},
					"sourceSize": {
						"w": 298,
						"h": 300
					},
					"anchor": {
						"x": 0.5,
						"y": 0.8
					}
				},
				{
					"filename": "walk/SW/0004",
					"frame": {
						"x": 1509,
						"y": 2266,
						"w": 121,
						"h": 186
					},
					"rotated": false,
					"trimmed": true,
					"spriteSourceSize": {
						"x": 72,
						"y": 76,
						"w": 121,
						"h": 186
					},
					"sourceSize": {
						"w": 298,
						"h": 300
					},
					"anchor": {
						"x": 0.5,
						"y": 0.8
					}
				},
				{
					"filename": "walk/SW/0005",
					"frame": {
						"x": 1630,
						"y": 2266,
						"w": 117,
						"h": 194
					},
					"rotated": false,
					"trimmed": true,
					"spriteSourceSize": {
						"x": 70,
						"y": 72,
						"w": 117,
						"h": 194
					},
					"sourceSize": {
						"w": 298,
						"h": 300
					},
					"anchor": {
						"x": 0.5,
						"y": 0.8
					}
				},
				{
					"filename": "walk/SW/0006",
					"frame": {
						"x": 1747,
						"y": 2266,
						"w": 110,
						"h": 194
					},
					"rotated": false,
					"trimmed": true,
					"spriteSourceSize": {
						"x": 76,
						"y": 71,
						"w": 110,
						"h": 194
					},
					"sourceSize": {
						"w": 298,
						"h": 300
					},
					"anchor": {
						"x": 0.5,
						"y": 0.8
					}
				},
				{
					"filename": "walk/W/0001",
					"frame": {
						"x": 1857,
						"y": 2266,
						"w": 103,
						"h": 189
					},
					"rotated": false,
					"trimmed": true,
					"spriteSourceSize": {
						"x": 83,
						"y": 72,
						"w": 103,
						"h": 189
					},
					"sourceSize": {
						"w": 298,
						"h": 300
					},
					"anchor": {
						"x": 0.5,
						"y": 0.8
					}
				},
				{
					"filename": "walk/W/0002",
					"frame": {
						"x": 1960,
						"y": 2266,
						"w": 96,
						"h": 187
					},
					"rotated": false,
					"trimmed": true,
					"spriteSourceSize": {
						"x": 81,
						"y": 74,
						"w": 96,
						"h": 187
					},
					"sourceSize": {
						"w": 298,
						"h": 300
					},
					"anchor": {
						"x": 0.5,
						"y": 0.8
					}
				},
				{
					"filename": "walk/W/0003",
					"frame": {
						"x": 2056,
						"y": 2266,
						"w": 107,
						"h": 184
					},
					"rotated": false,
					"trimmed": true,
					"spriteSourceSize": {
						"x": 81,
						"y": 77,
						"w": 107,
						"h": 184
					},
					"sourceSize": {
						"w": 298,
						"h": 300
					},
					"anchor": {
						"x": 0.5,
						"y": 0.8
					}
				},
				{
					"filename": "walk/W/0004",
					"frame": {
						"x": 2163,
						"y": 2266,
						"w": 98,
						"h": 186
					},
					"rotated": false,
					"trimmed": true,
					"spriteSourceSize": {
						"x": 81,
						"y": 76,
						"w": 98,
						"h": 186
					},
					"sourceSize": {
						"w": 298,
						"h": 300
					},
					"anchor": {
						"x": 0.5,
						"y": 0.8
					}
				},
				{
					"filename": "walk/W/0005",
					"frame": {
						"x": 2261,
						"y": 2266,
						"w": 98,
						"h": 189
					},
					"rotated": false,
					"trimmed": true,
					"spriteSourceSize": {
						"x": 80,
						"y": 73,
						"w": 98,
						"h": 189
					},
					"sourceSize": {
						"w": 298,
						"h": 300
					},
					"anchor": {
						"x": 0.5,
						"y": 0.8
					}
				},
				{
					"filename": "walk/W/0006",
					"frame": {
						"x": 2359,
						"y": 2266,
						"w": 102,
						"h": 190
					},
					"rotated": false,
					"trimmed": true,
					"spriteSourceSize": {
						"x": 85,
						"y": 71,
						"w": 102,
						"h": 190
					},
					"sourceSize": {
						"w": 298,
						"h": 300
					},
					"anchor": {
						"x": 0.5,
						"y": 0.8
					}
				}
			]
		}
	],
	"meta": {
		"app": "https://www.codeandweb.com/texturepacker",
		"version": "3.0",
		"smartupdate": "$TexturePacker:SmartUpdate:9e58b046c51b4712e613cb7b6a4b1531:67e90b2801e191f8ff9f1840437b2f72:6839d2534f1235620ad6f6be77cd3f3f$"
	}
}
