{
	"textures": [
		{
			"image": "priest_hero.png",
			"format": "RGBA8888",
			"size": {
				"w": 3378,
				"h": 3378
			},
			"scale": 1,
			"frames": [
				{
					"filename": "death/E/0001",
					"frame": {
						"x": 0,
						"y": 0,
						"w": 129,
						"h": 229
					},
					"rotated": false,
					"trimmed": true,
					"spriteSourceSize": {
						"x": 92,
						"y": 39,
						"w": 129,
						"h": 229
					},
					"sourceSize": {
						"w": 298,
						"h": 300
					},
					"anchor": {
						"x": 0.5,
						"y": 0.8
					}
				},
				{
					"filename": "death/E/0002",
					"frame": {
						"x": 129,
						"y": 0,
						"w": 122,
						"h": 227
					},
					"rotated": false,
					"trimmed": true,
					"spriteSourceSize": {
						"x": 100,
						"y": 42,
						"w": 122,
						"h": 227
					},
					"sourceSize": {
						"w": 298,
						"h": 300
					},
					"anchor": {
						"x": 0.5,
						"y": 0.8
					}
				},
				{
					"filename": "death/E/0003",
					"frame": {
						"x": 251,
						"y": 0,
						"w": 154,
						"h": 222
					},
					"rotated": false,
					"trimmed": true,
					"spriteSourceSize": {
						"x": 71,
						"y": 45,
						"w": 154,
						"h": 222
					},
					"sourceSize": {
						"w": 298,
						"h": 300
					},
					"anchor": {
						"x": 0.5,
						"y": 0.8
					}
				},
				{
					"filename": "death/E/0004",
					"frame": {
						"x": 405,
						"y": 0,
						"w": 178,
						"h": 214
					},
					"rotated": false,
					"trimmed": true,
					"spriteSourceSize": {
						"x": 34,
						"y": 55,
						"w": 178,
						"h": 214
					},
					"sourceSize": {
						"w": 298,
						"h": 300
					},
					"anchor": {
						"x": 0.5,
						"y": 0.8
					}
				},
				{
					"filename": "death/E/0005",
					"frame": {
						"x": 583,
						"y": 0,
						"w": 216,
						"h": 192
					},
					"rotated": false,
					"trimmed": true,
					"spriteSourceSize": {
						"x": 19,
						"y": 78,
						"w": 216,
						"h": 192
					},
					"sourceSize": {
						"w": 298,
						"h": 300
					},
					"anchor": {
						"x": 0.5,
						"y": 0.8
					}
				},
				{
					"filename": "death/E/0006",
					"frame": {
						"x": 799,
						"y": 0,
						"w": 216,
						"h": 119
					},
					"rotated": false,
					"trimmed": true,
					"spriteSourceSize": {
						"x": 22,
						"y": 151,
						"w": 216,
						"h": 119
					},
					"sourceSize": {
						"w": 298,
						"h": 300
					},
					"anchor": {
						"x": 0.5,
						"y": 0.8
					}
				},
				{
					"filename": "death/N/0001",
					"frame": {
						"x": 1015,
						"y": 0,
						"w": 152,
						"h": 241
					},
					"rotated": false,
					"trimmed": true,
					"spriteSourceSize": {
						"x": 86,
						"y": 24,
						"w": 152,
						"h": 241
					},
					"sourceSize": {
						"w": 298,
						"h": 300
					},
					"anchor": {
						"x": 0.5,
						"y": 0.8
					}
				},
				{
					"filename": "death/N/0002",
					"frame": {
						"x": 1167,
						"y": 0,
						"w": 178,
						"h": 239
					},
					"rotated": false,
					"trimmed": true,
					"spriteSourceSize": {
						"x": 61,
						"y": 23,
						"w": 178,
						"h": 239
					},
					"sourceSize": {
						"w": 298,
						"h": 300
					},
					"anchor": {
						"x": 0.5,
						"y": 0.8
					}
				},
				{
					"filename": "death/N/0003",
					"frame": {
						"x": 1345,
						"y": 0,
						"w": 181,
						"h": 240
					},
					"rotated": false,
					"trimmed": true,
					"spriteSourceSize": {
						"x": 53,
						"y": 29,
						"w": 181,
						"h": 240
					},
					"sourceSize": {
						"w": 298,
						"h": 300
					},
					"anchor": {
						"x": 0.5,
						"y": 0.8
					}
				},
				{
					"filename": "death/N/0004",
					"frame": {
						"x": 1526,
						"y": 0,
						"w": 182,
						"h": 232
					},
					"rotated": false,
					"trimmed": true,
					"spriteSourceSize": {
						"x": 53,
						"y": 43,
						"w": 182,
						"h": 232
					},
					"sourceSize": {
						"w": 298,
						"h": 300
					},
					"anchor": {
						"x": 0.5,
						"y": 0.8
					}
				},
				{
					"filename": "death/N/0005",
					"frame": {
						"x": 1708,
						"y": 0,
						"w": 182,
						"h": 199
					},
					"rotated": false,
					"trimmed": true,
					"spriteSourceSize": {
						"x": 55,
						"y": 80,
						"w": 182,
						"h": 199
					},
					"sourceSize": {
						"w": 298,
						"h": 300
					},
					"anchor": {
						"x": 0.5,
						"y": 0.8
					}
				},
				{
					"filename": "death/N/0006",
					"frame": {
						"x": 1890,
						"y": 0,
						"w": 186,
						"h": 109
					},
					"rotated": false,
					"trimmed": true,
					"spriteSourceSize": {
						"x": 54,
						"y": 170,
						"w": 186,
						"h": 109
					},
					"sourceSize": {
						"w": 298,
						"h": 300
					},
					"anchor": {
						"x": 0.5,
						"y": 0.8
					}
				},
				{
					"filename": "death/NE/0001",
					"frame": {
						"x": 2076,
						"y": 0,
						"w": 141,
						"h": 230
					},
					"rotated": false,
					"trimmed": true,
					"spriteSourceSize": {
						"x": 96,
						"y": 35,
						"w": 141,
						"h": 230
					},
					"sourceSize": {
						"w": 298,
						"h": 300
					},
					"anchor": {
						"x": 0.5,
						"y": 0.8
					}
				},
				{
					"filename": "death/NE/0002",
					"frame": {
						"x": 2217,
						"y": 0,
						"w": 169,
						"h": 232
					},
					"rotated": false,
					"trimmed": true,
					"spriteSourceSize": {
						"x": 64,
						"y": 33,
						"w": 169,
						"h": 232
					},
					"sourceSize": {
						"w": 298,
						"h": 300
					},
					"anchor": {
						"x": 0.5,
						"y": 0.8
					}
				},
				{
					"filename": "death/NE/0003",
					"frame": {
						"x": 2386,
						"y": 0,
						"w": 184,
						"h": 237
					},
					"rotated": false,
					"trimmed": true,
					"spriteSourceSize": {
						"x": 38,
						"y": 35,
						"w": 184,
						"h": 237
					},
					"sourceSize": {
						"w": 298,
						"h": 300
					},
					"anchor": {
						"x": 0.5,
						"y": 0.8
					}
				},
				{
					"filename": "death/NE/0004",
					"frame": {
						"x": 2570,
						"y": 0,
						"w": 167,
						"h": 229
					},
					"rotated": false,
					"trimmed": true,
					"spriteSourceSize": {
						"x": 43,
						"y": 48,
						"w": 167,
						"h": 229
					},
					"sourceSize": {
						"w": 298,
						"h": 300
					},
					"anchor": {
						"x": 0.5,
						"y": 0.8
					}
				},
				{
					"filename": "death/NE/0005",
					"frame": {
						"x": 2737,
						"y": 0,
						"w": 209,
						"h": 196
					},
					"rotated": false,
					"trimmed": true,
					"spriteSourceSize": {
						"x": 23,
						"y": 82,
						"w": 209,
						"h": 196
					},
					"sourceSize": {
						"w": 298,
						"h": 300
					},
					"anchor": {
						"x": 0.5,
						"y": 0.8
					}
				},
				{
					"filename": "death/NE/0006",
					"frame": {
						"x": 2946,
						"y": 0,
						"w": 212,
						"h": 115
					},
					"rotated": false,
					"trimmed": true,
					"spriteSourceSize": {
						"x": 25,
						"y": 161,
						"w": 212,
						"h": 115
					},
					"sourceSize": {
						"w": 298,
						"h": 300
					},
					"anchor": {
						"x": 0.5,
						"y": 0.8
					}
				},
				{
					"filename": "death/NW/0001",
					"frame": {
						"x": 3158,
						"y": 0,
						"w": 122,
						"h": 245
					},
					"rotated": false,
					"trimmed": true,
					"spriteSourceSize": {
						"x": 90,
						"y": 19,
						"w": 122,
						"h": 245
					},
					"sourceSize": {
						"w": 298,
						"h": 300
					},
					"anchor": {
						"x": 0.5,
						"y": 0.8
					}
				},
				{
					"filename": "death/NW/0002",
					"frame": {
						"x": 0,
						"y": 245,
						"w": 148,
						"h": 250
					},
					"rotated": false,
					"trimmed": true,
					"spriteSourceSize": {
						"x": 86,
						"y": 18,
						"w": 148,
						"h": 250
					},
					"sourceSize": {
						"w": 298,
						"h": 300
					},
					"anchor": {
						"x": 0.5,
						"y": 0.8
					}
				},
				{
					"filename": "death/NW/0003",
					"frame": {
						"x": 148,
						"y": 245,
						"w": 161,
						"h": 245
					},
					"rotated": false,
					"trimmed": true,
					"spriteSourceSize": {
						"x": 97,
						"y": 30,
						"w": 161,
						"h": 245
					},
					"sourceSize": {
						"w": 298,
						"h": 300
					},
					"anchor": {
						"x": 0.5,
						"y": 0.8
					}
				},
				{
					"filename": "death/NW/0004",
					"frame": {
						"x": 309,
						"y": 245,
						"w": 180,
						"h": 232
					},
					"rotated": false,
					"trimmed": true,
					"spriteSourceSize": {
						"x": 89,
						"y": 42,
						"w": 180,
						"h": 232
					},
					"sourceSize": {
						"w": 298,
						"h": 300
					},
					"anchor": {
						"x": 0.5,
						"y": 0.8
					}
				},
				{
					"filename": "death/NW/0005",
					"frame": {
						"x": 489,
						"y": 245,
						"w": 197,
						"h": 207
					},
					"rotated": false,
					"trimmed": true,
					"spriteSourceSize": {
						"x": 81,
						"y": 72,
						"w": 197,
						"h": 207
					},
					"sourceSize": {
						"w": 298,
						"h": 300
					},
					"anchor": {
						"x": 0.5,
						"y": 0.8
					}
				},
				{
					"filename": "death/NW/0006",
					"frame": {
						"x": 686,
						"y": 245,
						"w": 185,
						"h": 109
					},
					"rotated": false,
					"trimmed": true,
					"spriteSourceSize": {
						"x": 80,
						"y": 169,
						"w": 185,
						"h": 109
					},
					"sourceSize": {
						"w": 298,
						"h": 300
					},
					"anchor": {
						"x": 0.5,
						"y": 0.8
					}
				},
				{
					"filename": "death/S/0001",
					"frame": {
						"x": 871,
						"y": 245,
						"w": 147,
						"h": 227
					},
					"rotated": false,
					"trimmed": true,
					"spriteSourceSize": {
						"x": 72,
						"y": 40,
						"w": 147,
						"h": 227
					},
					"sourceSize": {
						"w": 298,
						"h": 300
					},
					"anchor": {
						"x": 0.5,
						"y": 0.8
					}
				},
				{
					"filename": "death/S/0002",
					"frame": {
						"x": 1018,
						"y": 245,
						"w": 178,
						"h": 227
					},
					"rotated": false,
					"trimmed": true,
					"spriteSourceSize": {
						"x": 65,
						"y": 40,
						"w": 178,
						"h": 227
					},
					"sourceSize": {
						"w": 298,
						"h": 300
					},
					"anchor": {
						"x": 0.5,
						"y": 0.8
					}
				},
				{
					"filename": "death/S/0003",
					"frame": {
						"x": 1196,
						"y": 245,
						"w": 194,
						"h": 212
					},
					"rotated": false,
					"trimmed": true,
					"spriteSourceSize": {
						"x": 58,
						"y": 54,
						"w": 194,
						"h": 212
					},
					"sourceSize": {
						"w": 298,
						"h": 300
					},
					"anchor": {
						"x": 0.5,
						"y": 0.8
					}
				},
				{
					"filename": "death/S/0004",
					"frame": {
						"x": 1390,
						"y": 245,
						"w": 177,
						"h": 211
					},
					"rotated": false,
					"trimmed": true,
					"spriteSourceSize": {
						"x": 74,
						"y": 54,
						"w": 177,
						"h": 211
					},
					"sourceSize": {
						"w": 298,
						"h": 300
					},
					"anchor": {
						"x": 0.5,
						"y": 0.8
					}
				},
				{
					"filename": "death/S/0005",
					"frame": {
						"x": 1567,
						"y": 245,
						"w": 182,
						"h": 208
					},
					"rotated": false,
					"trimmed": true,
					"spriteSourceSize": {
						"x": 67,
						"y": 61,
						"w": 182,
						"h": 208
					},
					"sourceSize": {
						"w": 298,
						"h": 300
					},
					"anchor": {
						"x": 0.5,
						"y": 0.8
					}
				},
				{
					"filename": "death/S/0006",
					"frame": {
						"x": 1749,
						"y": 245,
						"w": 184,
						"h": 108
					},
					"rotated": false,
					"trimmed": true,
					"spriteSourceSize": {
						"x": 66,
						"y": 162,
						"w": 184,
						"h": 108
					},
					"sourceSize": {
						"w": 298,
						"h": 300
					},
					"anchor": {
						"x": 0.5,
						"y": 0.8
					}
				},
				{
					"filename": "death/SE/0001",
					"frame": {
						"x": 1933,
						"y": 245,
						"w": 137,
						"h": 230
					},
					"rotated": false,
					"trimmed": true,
					"spriteSourceSize": {
						"x": 78,
						"y": 39,
						"w": 137,
						"h": 230
					},
					"sourceSize": {
						"w": 298,
						"h": 300
					},
					"anchor": {
						"x": 0.5,
						"y": 0.8
					}
				},
				{
					"filename": "death/SE/0002",
					"frame": {
						"x": 2070,
						"y": 245,
						"w": 145,
						"h": 223
					},
					"rotated": false,
					"trimmed": true,
					"spriteSourceSize": {
						"x": 70,
						"y": 44,
						"w": 145,
						"h": 223
					},
					"sourceSize": {
						"w": 298,
						"h": 300
					},
					"anchor": {
						"x": 0.5,
						"y": 0.8
					}
				},
				{
					"filename": "death/SE/0003",
					"frame": {
						"x": 2215,
						"y": 245,
						"w": 156,
						"h": 213
					},
					"rotated": false,
					"trimmed": true,
					"spriteSourceSize": {
						"x": 46,
						"y": 53,
						"w": 156,
						"h": 213
					},
					"sourceSize": {
						"w": 298,
						"h": 300
					},
					"anchor": {
						"x": 0.5,
						"y": 0.8
					}
				},
				{
					"filename": "death/SE/0004",
					"frame": {
						"x": 2371,
						"y": 245,
						"w": 180,
						"h": 206
					},
					"rotated": false,
					"trimmed": true,
					"spriteSourceSize": {
						"x": 36,
						"y": 58,
						"w": 180,
						"h": 206
					},
					"sourceSize": {
						"w": 298,
						"h": 300
					},
					"anchor": {
						"x": 0.5,
						"y": 0.8
					}
				},
				{
					"filename": "death/SE/0005",
					"frame": {
						"x": 2551,
						"y": 245,
						"w": 197,
						"h": 200
					},
					"rotated": false,
					"trimmed": true,
					"spriteSourceSize": {
						"x": 27,
						"y": 69,
						"w": 197,
						"h": 200
					},
					"sourceSize": {
						"w": 298,
						"h": 300
					},
					"anchor": {
						"x": 0.5,
						"y": 0.8
					}
				},
				{
					"filename": "death/SE/0006",
					"frame": {
						"x": 2748,
						"y": 245,
						"w": 188,
						"h": 119
					},
					"rotated": false,
					"trimmed": true,
					"spriteSourceSize": {
						"x": 36,
						"y": 151,
						"w": 188,
						"h": 119
					},
					"sourceSize": {
						"w": 298,
						"h": 300
					},
					"anchor": {
						"x": 0.5,
						"y": 0.8
					}
				},
				{
					"filename": "death/SW/0001",
					"frame": {
						"x": 2936,
						"y": 245,
						"w": 138,
						"h": 236
					},
					"rotated": false,
					"trimmed": true,
					"spriteSourceSize": {
						"x": 70,
						"y": 29,
						"w": 138,
						"h": 236
					},
					"sourceSize": {
						"w": 298,
						"h": 300
					},
					"anchor": {
						"x": 0.5,
						"y": 0.8
					}
				},
				{
					"filename": "death/SW/0002",
					"frame": {
						"x": 3074,
						"y": 245,
						"w": 169,
						"h": 235
					},
					"rotated": false,
					"trimmed": true,
					"spriteSourceSize": {
						"x": 71,
						"y": 31,
						"w": 169,
						"h": 235
					},
					"sourceSize": {
						"w": 298,
						"h": 300
					},
					"anchor": {
						"x": 0.5,
						"y": 0.8
					}
				},
				{
					"filename": "death/SW/0003",
					"frame": {
						"x": 0,
						"y": 495,
						"w": 183,
						"h": 217
					},
					"rotated": false,
					"trimmed": true,
					"spriteSourceSize": {
						"x": 83,
						"y": 46,
						"w": 183,
						"h": 217
					},
					"sourceSize": {
						"w": 298,
						"h": 300
					},
					"anchor": {
						"x": 0.5,
						"y": 0.8
					}
				},
				{
					"filename": "death/SW/0004",
					"frame": {
						"x": 183,
						"y": 495,
						"w": 169,
						"h": 215
					},
					"rotated": false,
					"trimmed": true,
					"spriteSourceSize": {
						"x": 92,
						"y": 50,
						"w": 169,
						"h": 215
					},
					"sourceSize": {
						"w": 298,
						"h": 300
					},
					"anchor": {
						"x": 0.5,
						"y": 0.8
					}
				},
				{
					"filename": "death/SW/0005",
					"frame": {
						"x": 352,
						"y": 495,
						"w": 208,
						"h": 208
					},
					"rotated": false,
					"trimmed": true,
					"spriteSourceSize": {
						"x": 73,
						"y": 59,
						"w": 208,
						"h": 208
					},
					"sourceSize": {
						"w": 298,
						"h": 300
					},
					"anchor": {
						"x": 0.5,
						"y": 0.8
					}
				},
				{
					"filename": "death/SW/0006",
					"frame": {
						"x": 560,
						"y": 495,
						"w": 212,
						"h": 96
					},
					"rotated": false,
					"trimmed": true,
					"spriteSourceSize": {
						"x": 67,
						"y": 171,
						"w": 212,
						"h": 96
					},
					"sourceSize": {
						"w": 298,
						"h": 300
					},
					"anchor": {
						"x": 0.5,
						"y": 0.8
					}
				},
				{
					"filename": "death/W/0001",
					"frame": {
						"x": 772,
						"y": 495,
						"w": 139,
						"h": 245
					},
					"rotated": false,
					"trimmed": true,
					"spriteSourceSize": {
						"x": 75,
						"y": 21,
						"w": 139,
						"h": 245
					},
					"sourceSize": {
						"w": 298,
						"h": 300
					},
					"anchor": {
						"x": 0.5,
						"y": 0.8
					}
				},
				{
					"filename": "death/W/0002",
					"frame": {
						"x": 911,
						"y": 495,
						"w": 121,
						"h": 246
					},
					"rotated": false,
					"trimmed": true,
					"spriteSourceSize": {
						"x": 80,
						"y": 22,
						"w": 121,
						"h": 246
					},
					"sourceSize": {
						"w": 298,
						"h": 300
					},
					"anchor": {
						"x": 0.5,
						"y": 0.8
					}
				},
				{
					"filename": "death/W/0003",
					"frame": {
						"x": 1032,
						"y": 495,
						"w": 151,
						"h": 233
					},
					"rotated": false,
					"trimmed": true,
					"spriteSourceSize": {
						"x": 84,
						"y": 38,
						"w": 151,
						"h": 233
					},
					"sourceSize": {
						"w": 298,
						"h": 300
					},
					"anchor": {
						"x": 0.5,
						"y": 0.8
					}
				},
				{
					"filename": "death/W/0004",
					"frame": {
						"x": 1183,
						"y": 495,
						"w": 167,
						"h": 228
					},
					"rotated": false,
					"trimmed": true,
					"spriteSourceSize": {
						"x": 92,
						"y": 45,
						"w": 167,
						"h": 228
					},
					"sourceSize": {
						"w": 298,
						"h": 300
					},
					"anchor": {
						"x": 0.5,
						"y": 0.8
					}
				},
				{
					"filename": "death/W/0005",
					"frame": {
						"x": 1350,
						"y": 495,
						"w": 216,
						"h": 208
					},
					"rotated": false,
					"trimmed": true,
					"spriteSourceSize": {
						"x": 69,
						"y": 63,
						"w": 216,
						"h": 208
					},
					"sourceSize": {
						"w": 298,
						"h": 300
					},
					"anchor": {
						"x": 0.5,
						"y": 0.8
					}
				},
				{
					"filename": "death/W/0006",
					"frame": {
						"x": 1566,
						"y": 495,
						"w": 218,
						"h": 101
					},
					"rotated": false,
					"trimmed": true,
					"spriteSourceSize": {
						"x": 66,
						"y": 171,
						"w": 218,
						"h": 101
					},
					"sourceSize": {
						"w": 298,
						"h": 300
					},
					"anchor": {
						"x": 0.5,
						"y": 0.8
					}
				},
				{
					"filename": "fight/E/0001",
					"frame": {
						"x": 1784,
						"y": 495,
						"w": 139,
						"h": 238
					},
					"rotated": false,
					"trimmed": true,
					"spriteSourceSize": {
						"x": 82,
						"y": 32,
						"w": 139,
						"h": 238
					},
					"sourceSize": {
						"w": 298,
						"h": 300
					},
					"anchor": {
						"x": 0.5,
						"y": 0.8
					}
				},
				{
					"filename": "fight/E/0002",
					"frame": {
						"x": 1923,
						"y": 495,
						"w": 144,
						"h": 237
					},
					"rotated": false,
					"trimmed": true,
					"spriteSourceSize": {
						"x": 80,
						"y": 33,
						"w": 144,
						"h": 237
					},
					"sourceSize": {
						"w": 298,
						"h": 300
					},
					"anchor": {
						"x": 0.5,
						"y": 0.8
					}
				},
				{
					"filename": "fight/E/0003",
					"frame": {
						"x": 2067,
						"y": 495,
						"w": 142,
						"h": 239
					},
					"rotated": false,
					"trimmed": true,
					"spriteSourceSize": {
						"x": 90,
						"y": 30,
						"w": 142,
						"h": 239
					},
					"sourceSize": {
						"w": 298,
						"h": 300
					},
					"anchor": {
						"x": 0.5,
						"y": 0.8
					}
				},
				{
					"filename": "fight/E/0004",
					"frame": {
						"x": 2209,
						"y": 495,
						"w": 150,
						"h": 237
					},
					"rotated": false,
					"trimmed": true,
					"spriteSourceSize": {
						"x": 86,
						"y": 33,
						"w": 150,
						"h": 237
					},
					"sourceSize": {
						"w": 298,
						"h": 300
					},
					"anchor": {
						"x": 0.5,
						"y": 0.8
					}
				},
				{
					"filename": "fight/E/0005",
					"frame": {
						"x": 2359,
						"y": 495,
						"w": 148,
						"h": 238
					},
					"rotated": false,
					"trimmed": true,
					"spriteSourceSize": {
						"x": 86,
						"y": 32,
						"w": 148,
						"h": 238
					},
					"sourceSize": {
						"w": 298,
						"h": 300
					},
					"anchor": {
						"x": 0.5,
						"y": 0.8
					}
				},
				{
					"filename": "fight/E/0006",
					"frame": {
						"x": 2507,
						"y": 495,
						"w": 144,
						"h": 233
					},
					"rotated": false,
					"trimmed": true,
					"spriteSourceSize": {
						"x": 87,
						"y": 34,
						"w": 144,
						"h": 233
					},
					"sourceSize": {
						"w": 298,
						"h": 300
					},
					"anchor": {
						"x": 0.5,
						"y": 0.8
					}
				},
				{
					"filename": "fight/N/0001",
					"frame": {
						"x": 2651,
						"y": 495,
						"w": 150,
						"h": 251
					},
					"rotated": false,
					"trimmed": true,
					"spriteSourceSize": {
						"x": 87,
						"y": 14,
						"w": 150,
						"h": 251
					},
					"sourceSize": {
						"w": 298,
						"h": 300
					},
					"anchor": {
						"x": 0.5,
						"y": 0.8
					}
				},
				{
					"filename": "fight/N/0002",
					"frame": {
						"x": 2801,
						"y": 495,
						"w": 148,
						"h": 254
					},
					"rotated": false,
					"trimmed": true,
					"spriteSourceSize": {
						"x": 87,
						"y": 12,
						"w": 148,
						"h": 254
					},
					"sourceSize": {
						"w": 298,
						"h": 300
					},
					"anchor": {
						"x": 0.5,
						"y": 0.8
					}
				},
				{
					"filename": "fight/N/0003",
					"frame": {
						"x": 2949,
						"y": 495,
						"w": 155,
						"h": 256
					},
					"rotated": false,
					"trimmed": true,
					"spriteSourceSize": {
						"x": 82,
						"y": 10,
						"w": 155,
						"h": 256
					},
					"sourceSize": {
						"w": 298,
						"h": 300
					},
					"anchor": {
						"x": 0.5,
						"y": 0.8
					}
				},
				{
					"filename": "fight/N/0004",
					"frame": {
						"x": 3104,
						"y": 495,
						"w": 140,
						"h": 251
					},
					"rotated": false,
					"trimmed": true,
					"spriteSourceSize": {
						"x": 92,
						"y": 15,
						"w": 140,
						"h": 251
					},
					"sourceSize": {
						"w": 298,
						"h": 300
					},
					"anchor": {
						"x": 0.5,
						"y": 0.8
					}
				},
				{
					"filename": "fight/N/0005",
					"frame": {
						"x": 0,
						"y": 751,
						"w": 153,
						"h": 253
					},
					"rotated": false,
					"trimmed": true,
					"spriteSourceSize": {
						"x": 82,
						"y": 13,
						"w": 153,
						"h": 253
					},
					"sourceSize": {
						"w": 298,
						"h": 300
					},
					"anchor": {
						"x": 0.5,
						"y": 0.8
					}
				},
				{
					"filename": "fight/N/0006",
					"frame": {
						"x": 153,
						"y": 751,
						"w": 146,
						"h": 249
					},
					"rotated": false,
					"trimmed": true,
					"spriteSourceSize": {
						"x": 87,
						"y": 16,
						"w": 146,
						"h": 249
					},
					"sourceSize": {
						"w": 298,
						"h": 300
					},
					"anchor": {
						"x": 0.5,
						"y": 0.8
					}
				},
				{
					"filename": "fight/NE/0001",
					"frame": {
						"x": 299,
						"y": 751,
						"w": 154,
						"h": 243
					},
					"rotated": false,
					"trimmed": true,
					"spriteSourceSize": {
						"x": 91,
						"y": 24,
						"w": 154,
						"h": 243
					},
					"sourceSize": {
						"w": 298,
						"h": 300
					},
					"anchor": {
						"x": 0.5,
						"y": 0.8
					}
				},
				{
					"filename": "fight/NE/0002",
					"frame": {
						"x": 453,
						"y": 751,
						"w": 158,
						"h": 244
					},
					"rotated": false,
					"trimmed": true,
					"spriteSourceSize": {
						"x": 83,
						"y": 23,
						"w": 158,
						"h": 244
					},
					"sourceSize": {
						"w": 298,
						"h": 300
					},
					"anchor": {
						"x": 0.5,
						"y": 0.8
					}
				},
				{
					"filename": "fight/NE/0003",
					"frame": {
						"x": 611,
						"y": 751,
						"w": 164,
						"h": 246
					},
					"rotated": false,
					"trimmed": true,
					"spriteSourceSize": {
						"x": 79,
						"y": 21,
						"w": 164,
						"h": 246
					},
					"sourceSize": {
						"w": 298,
						"h": 300
					},
					"anchor": {
						"x": 0.5,
						"y": 0.8
					}
				},
				{
					"filename": "fight/NE/0004",
					"frame": {
						"x": 775,
						"y": 751,
						"w": 159,
						"h": 241
					},
					"rotated": false,
					"trimmed": true,
					"spriteSourceSize": {
						"x": 82,
						"y": 25,
						"w": 159,
						"h": 241
					},
					"sourceSize": {
						"w": 298,
						"h": 300
					},
					"anchor": {
						"x": 0.5,
						"y": 0.8
					}
				},
				{
					"filename": "fight/NE/0005",
					"frame": {
						"x": 934,
						"y": 751,
						"w": 155,
						"h": 242
					},
					"rotated": false,
					"trimmed": true,
					"spriteSourceSize": {
						"x": 89,
						"y": 23,
						"w": 155,
						"h": 242
					},
					"sourceSize": {
						"w": 298,
						"h": 300
					},
					"anchor": {
						"x": 0.5,
						"y": 0.8
					}
				},
				{
					"filename": "fight/NE/0006",
					"frame": {
						"x": 1089,
						"y": 751,
						"w": 152,
						"h": 238
					},
					"rotated": false,
					"trimmed": true,
					"spriteSourceSize": {
						"x": 92,
						"y": 27,
						"w": 152,
						"h": 238
					},
					"sourceSize": {
						"w": 298,
						"h": 300
					},
					"anchor": {
						"x": 0.5,
						"y": 0.8
					}
				},
				{
					"filename": "fight/NW/0001",
					"frame": {
						"x": 1241,
						"y": 751,
						"w": 134,
						"h": 259
					},
					"rotated": false,
					"trimmed": true,
					"spriteSourceSize": {
						"x": 83,
						"y": 8,
						"w": 134,
						"h": 259
					},
					"sourceSize": {
						"w": 298,
						"h": 300
					},
					"anchor": {
						"x": 0.5,
						"y": 0.8
					}
				},
				{
					"filename": "fight/NW/0002",
					"frame": {
						"x": 1375,
						"y": 751,
						"w": 130,
						"h": 260
					},
					"rotated": false,
					"trimmed": true,
					"spriteSourceSize": {
						"x": 83,
						"y": 7,
						"w": 130,
						"h": 260
					},
					"sourceSize": {
						"w": 298,
						"h": 300
					},
					"anchor": {
						"x": 0.5,
						"y": 0.8
					}
				},
				{
					"filename": "fight/NW/0003",
					"frame": {
						"x": 1505,
						"y": 751,
						"w": 135,
						"h": 261
					},
					"rotated": false,
					"trimmed": true,
					"spriteSourceSize": {
						"x": 77,
						"y": 5,
						"w": 135,
						"h": 261
					},
					"sourceSize": {
						"w": 298,
						"h": 300
					},
					"anchor": {
						"x": 0.5,
						"y": 0.8
					}
				},
				{
					"filename": "fight/NW/0004",
					"frame": {
						"x": 1640,
						"y": 751,
						"w": 133,
						"h": 256
					},
					"rotated": false,
					"trimmed": true,
					"spriteSourceSize": {
						"x": 86,
						"y": 9,
						"w": 133,
						"h": 256
					},
					"sourceSize": {
						"w": 298,
						"h": 300
					},
					"anchor": {
						"x": 0.5,
						"y": 0.8
					}
				},
				{
					"filename": "fight/NW/0005",
					"frame": {
						"x": 1773,
						"y": 751,
						"w": 142,
						"h": 257
					},
					"rotated": false,
					"trimmed": true,
					"spriteSourceSize": {
						"x": 68,
						"y": 8,
						"w": 142,
						"h": 257
					},
					"sourceSize": {
						"w": 298,
						"h": 300
					},
					"anchor": {
						"x": 0.5,
						"y": 0.8
					}
				},
				{
					"filename": "fight/NW/0006",
					"frame": {
						"x": 1915,
						"y": 751,
						"w": 135,
						"h": 252
					},
					"rotated": false,
					"trimmed": true,
					"spriteSourceSize": {
						"x": 77,
						"y": 12,
						"w": 135,
						"h": 252
					},
					"sourceSize": {
						"w": 298,
						"h": 300
					},
					"anchor": {
						"x": 0.5,
						"y": 0.8
					}
				},
				{
					"filename": "fight/S/0001",
					"frame": {
						"x": 2050,
						"y": 751,
						"w": 154,
						"h": 239
					},
					"rotated": false,
					"trimmed": true,
					"spriteSourceSize": {
						"x": 59,
						"y": 29,
						"w": 154,
						"h": 239
					},
					"sourceSize": {
						"w": 298,
						"h": 300
					},
					"anchor": {
						"x": 0.5,
						"y": 0.8
					}
				},
				{
					"filename": "fight/S/0002",
					"frame": {
						"x": 2204,
						"y": 751,
						"w": 147,
						"h": 239
					},
					"rotated": false,
					"trimmed": true,
					"spriteSourceSize": {
						"x": 70,
						"y": 29,
						"w": 147,
						"h": 239
					},
					"sourceSize": {
						"w": 298,
						"h": 300
					},
					"anchor": {
						"x": 0.5,
						"y": 0.8
					}
				},
				{
					"filename": "fight/S/0003",
					"frame": {
						"x": 2351,
						"y": 751,
						"w": 147,
						"h": 242
					},
					"rotated": false,
					"trimmed": true,
					"spriteSourceSize": {
						"x": 70,
						"y": 26,
						"w": 147,
						"h": 242
					},
					"sourceSize": {
						"w": 298,
						"h": 300
					},
					"anchor": {
						"x": 0.5,
						"y": 0.8
					}
				},
				{
					"filename": "fight/S/0004",
					"frame": {
						"x": 2498,
						"y": 751,
						"w": 142,
						"h": 241
					},
					"rotated": false,
					"trimmed": true,
					"spriteSourceSize": {
						"x": 70,
						"y": 29,
						"w": 142,
						"h": 241
					},
					"sourceSize": {
						"w": 298,
						"h": 300
					},
					"anchor": {
						"x": 0.5,
						"y": 0.8
					}
				},
				{
					"filename": "fight/S/0005",
					"frame": {
						"x": 2640,
						"y": 751,
						"w": 141,
						"h": 242
					},
					"rotated": false,
					"trimmed": true,
					"spriteSourceSize": {
						"x": 70,
						"y": 28,
						"w": 141,
						"h": 242
					},
					"sourceSize": {
						"w": 298,
						"h": 300
					},
					"anchor": {
						"x": 0.5,
						"y": 0.8
					}
				},
				{
					"filename": "fight/S/0006",
					"frame": {
						"x": 2781,
						"y": 751,
						"w": 143,
						"h": 239
					},
					"rotated": false,
					"trimmed": true,
					"spriteSourceSize": {
						"x": 71,
						"y": 29,
						"w": 143,
						"h": 239
					},
					"sourceSize": {
						"w": 298,
						"h": 300
					},
					"anchor": {
						"x": 0.5,
						"y": 0.8
					}
				},
				{
					"filename": "fight/SE/0001",
					"frame": {
						"x": 2924,
						"y": 751,
						"w": 137,
						"h": 236
					},
					"rotated": false,
					"trimmed": true,
					"spriteSourceSize": {
						"x": 88,
						"y": 34,
						"w": 137,
						"h": 236
					},
					"sourceSize": {
						"w": 298,
						"h": 300
					},
					"anchor": {
						"x": 0.5,
						"y": 0.8
					}
				},
				{
					"filename": "fight/SE/0002",
					"frame": {
						"x": 3061,
						"y": 751,
						"w": 138,
						"h": 238
					},
					"rotated": false,
					"trimmed": true,
					"spriteSourceSize": {
						"x": 88,
						"y": 35,
						"w": 138,
						"h": 238
					},
					"sourceSize": {
						"w": 298,
						"h": 300
					},
					"anchor": {
						"x": 0.5,
						"y": 0.8
					}
				},
				{
					"filename": "fight/SE/0003",
					"frame": {
						"x": 3199,
						"y": 751,
						"w": 156,
						"h": 240
					},
					"rotated": false,
					"trimmed": true,
					"spriteSourceSize": {
						"x": 75,
						"y": 32,
						"w": 156,
						"h": 240
					},
					"sourceSize": {
						"w": 298,
						"h": 300
					},
					"anchor": {
						"x": 0.5,
						"y": 0.8
					}
				},
				{
					"filename": "fight/SE/0004",
					"frame": {
						"x": 0,
						"y": 1012,
						"w": 136,
						"h": 236
					},
					"rotated": false,
					"trimmed": true,
					"spriteSourceSize": {
						"x": 90,
						"y": 35,
						"w": 136,
						"h": 236
					},
					"sourceSize": {
						"w": 298,
						"h": 300
					},
					"anchor": {
						"x": 0.5,
						"y": 0.8
					}
				},
				{
					"filename": "fight/SE/0005",
					"frame": {
						"x": 136,
						"y": 1012,
						"w": 148,
						"h": 236
					},
					"rotated": false,
					"trimmed": true,
					"spriteSourceSize": {
						"x": 88,
						"y": 34,
						"w": 148,
						"h": 236
					},
					"sourceSize": {
						"w": 298,
						"h": 300
					},
					"anchor": {
						"x": 0.5,
						"y": 0.8
					}
				},
				{
					"filename": "fight/SE/0006",
					"frame": {
						"x": 284,
						"y": 1012,
						"w": 126,
						"h": 235
					},
					"rotated": false,
					"trimmed": true,
					"spriteSourceSize": {
						"x": 90,
						"y": 34,
						"w": 126,
						"h": 235
					},
					"sourceSize": {
						"w": 298,
						"h": 300
					},
					"anchor": {
						"x": 0.5,
						"y": 0.8
					}
				},
				{
					"filename": "fight/SW/0001",
					"frame": {
						"x": 410,
						"y": 1012,
						"w": 161,
						"h": 249
					},
					"rotated": false,
					"trimmed": true,
					"spriteSourceSize": {
						"x": 58,
						"y": 19,
						"w": 161,
						"h": 249
					},
					"sourceSize": {
						"w": 298,
						"h": 300
					},
					"anchor": {
						"x": 0.5,
						"y": 0.8
					}
				},
				{
					"filename": "fight/SW/0002",
					"frame": {
						"x": 571,
						"y": 1012,
						"w": 161,
						"h": 250
					},
					"rotated": false,
					"trimmed": true,
					"spriteSourceSize": {
						"x": 58,
						"y": 19,
						"w": 161,
						"h": 250
					},
					"sourceSize": {
						"w": 298,
						"h": 300
					},
					"anchor": {
						"x": 0.5,
						"y": 0.8
					}
				},
				{
					"filename": "fight/SW/0003",
					"frame": {
						"x": 732,
						"y": 1012,
						"w": 160,
						"h": 251
					},
					"rotated": false,
					"trimmed": true,
					"spriteSourceSize": {
						"x": 58,
						"y": 16,
						"w": 160,
						"h": 251
					},
					"sourceSize": {
						"w": 298,
						"h": 300
					},
					"anchor": {
						"x": 0.5,
						"y": 0.8
					}
				},
				{
					"filename": "fight/SW/0004",
					"frame": {
						"x": 892,
						"y": 1012,
						"w": 165,
						"h": 250
					},
					"rotated": false,
					"trimmed": true,
					"spriteSourceSize": {
						"x": 58,
						"y": 18,
						"w": 165,
						"h": 250
					},
					"sourceSize": {
						"w": 298,
						"h": 300
					},
					"anchor": {
						"x": 0.5,
						"y": 0.8
					}
				},
				{
					"filename": "fight/SW/0005",
					"frame": {
						"x": 1057,
						"y": 1012,
						"w": 158,
						"h": 250
					},
					"rotated": false,
					"trimmed": true,
					"spriteSourceSize": {
						"x": 61,
						"y": 18,
						"w": 158,
						"h": 250
					},
					"sourceSize": {
						"w": 298,
						"h": 300
					},
					"anchor": {
						"x": 0.5,
						"y": 0.8
					}
				},
				{
					"filename": "fight/SW/0006",
					"frame": {
						"x": 1215,
						"y": 1012,
						"w": 154,
						"h": 245
					},
					"rotated": false,
					"trimmed": true,
					"spriteSourceSize": {
						"x": 60,
						"y": 20,
						"w": 154,
						"h": 245
					},
					"sourceSize": {
						"w": 298,
						"h": 300
					},
					"anchor": {
						"x": 0.5,
						"y": 0.8
					}
				},
				{
					"filename": "fight/W/0001",
					"frame": {
						"x": 1369,
						"y": 1012,
						"w": 135,
						"h": 255
					},
					"rotated": false,
					"trimmed": true,
					"spriteSourceSize": {
						"x": 83,
						"y": 10,
						"w": 135,
						"h": 255
					},
					"sourceSize": {
						"w": 298,
						"h": 300
					},
					"anchor": {
						"x": 0.5,
						"y": 0.8
					}
				},
				{
					"filename": "fight/W/0002",
					"frame": {
						"x": 1504,
						"y": 1012,
						"w": 146,
						"h": 256
					},
					"rotated": false,
					"trimmed": true,
					"spriteSourceSize": {
						"x": 69,
						"y": 10,
						"w": 146,
						"h": 256
					},
					"sourceSize": {
						"w": 298,
						"h": 300
					},
					"anchor": {
						"x": 0.5,
						"y": 0.8
					}
				},
				{
					"filename": "fight/W/0003",
					"frame": {
						"x": 1650,
						"y": 1012,
						"w": 152,
						"h": 260
					},
					"rotated": false,
					"trimmed": true,
					"spriteSourceSize": {
						"x": 74,
						"y": 7,
						"w": 152,
						"h": 260
					},
					"sourceSize": {
						"w": 298,
						"h": 300
					},
					"anchor": {
						"x": 0.5,
						"y": 0.8
					}
				},
				{
					"filename": "fight/W/0004",
					"frame": {
						"x": 1802,
						"y": 1012,
						"w": 148,
						"h": 255
					},
					"rotated": false,
					"trimmed": true,
					"spriteSourceSize": {
						"x": 70,
						"y": 10,
						"w": 148,
						"h": 255
					},
					"sourceSize": {
						"w": 298,
						"h": 300
					},
					"anchor": {
						"x": 0.5,
						"y": 0.8
					}
				},
				{
					"filename": "fight/W/0005",
					"frame": {
						"x": 1950,
						"y": 1012,
						"w": 156,
						"h": 255
					},
					"rotated": false,
					"trimmed": true,
					"spriteSourceSize": {
						"x": 59,
						"y": 10,
						"w": 156,
						"h": 255
					},
					"sourceSize": {
						"w": 298,
						"h": 300
					},
					"anchor": {
						"x": 0.5,
						"y": 0.8
					}
				},
				{
					"filename": "fight/W/0006",
					"frame": {
						"x": 2106,
						"y": 1012,
						"w": 138,
						"h": 251
					},
					"rotated": false,
					"trimmed": true,
					"spriteSourceSize": {
						"x": 73,
						"y": 13,
						"w": 138,
						"h": 251
					},
					"sourceSize": {
						"w": 298,
						"h": 300
					},
					"anchor": {
						"x": 0.5,
						"y": 0.8
					}
				},
				{
					"filename": "heal/E/0001",
					"frame": {
						"x": 2244,
						"y": 1012,
						"w": 181,
						"h": 232
					},
					"rotated": false,
					"trimmed": true,
					"spriteSourceSize": {
						"x": 67,
						"y": 40,
						"w": 181,
						"h": 232
					},
					"sourceSize": {
						"w": 298,
						"h": 300
					},
					"anchor": {
						"x": 0.5,
						"y": 0.8
					}
				},
				{
					"filename": "heal/E/0002",
					"frame": {
						"x": 2425,
						"y": 1012,
						"w": 187,
						"h": 232
					},
					"rotated": false,
					"trimmed": true,
					"spriteSourceSize": {
						"x": 66,
						"y": 42,
						"w": 187,
						"h": 232
					},
					"sourceSize": {
						"w": 298,
						"h": 300
					},
					"anchor": {
						"x": 0.5,
						"y": 0.8
					}
				},
				{
					"filename": "heal/E/0003",
					"frame": {
						"x": 2612,
						"y": 1012,
						"w": 205,
						"h": 241
					},
					"rotated": false,
					"trimmed": true,
					"spriteSourceSize": {
						"x": 47,
						"y": 31,
						"w": 205,
						"h": 241
					},
					"sourceSize": {
						"w": 298,
						"h": 300
					},
					"anchor": {
						"x": 0.5,
						"y": 0.8
					}
				},
				{
					"filename": "heal/E/0004",
					"frame": {
						"x": 2817,
						"y": 1012,
						"w": 225,
						"h": 261
					},
					"rotated": false,
					"trimmed": true,
					"spriteSourceSize": {
						"x": 38,
						"y": 15,
						"w": 225,
						"h": 261
					},
					"sourceSize": {
						"w": 298,
						"h": 300
					},
					"anchor": {
						"x": 0.5,
						"y": 0.8
					}
				},
				{
					"filename": "heal/E/0005",
					"frame": {
						"x": 3042,
						"y": 1012,
						"w": 211,
						"h": 252
					},
					"rotated": false,
					"trimmed": true,
					"spriteSourceSize": {
						"x": 45,
						"y": 26,
						"w": 211,
						"h": 252
					},
					"sourceSize": {
						"w": 298,
						"h": 300
					},
					"anchor": {
						"x": 0.5,
						"y": 0.8
					}
				},
				{
					"filename": "heal/E/0006",
					"frame": {
						"x": 0,
						"y": 1273,
						"w": 245,
						"h": 245
					},
					"rotated": false,
					"trimmed": true,
					"spriteSourceSize": {
						"x": 37,
						"y": 32,
						"w": 245,
						"h": 245
					},
					"sourceSize": {
						"w": 298,
						"h": 300
					},
					"anchor": {
						"x": 0.5,
						"y": 0.8
					}
				},
				{
					"filename": "heal/N/0001",
					"frame": {
						"x": 245,
						"y": 1273,
						"w": 188,
						"h": 244
					},
					"rotated": false,
					"trimmed": true,
					"spriteSourceSize": {
						"x": 66,
						"y": 25,
						"w": 188,
						"h": 244
					},
					"sourceSize": {
						"w": 298,
						"h": 300
					},
					"anchor": {
						"x": 0.5,
						"y": 0.8
					}
				},
				{
					"filename": "heal/N/0002",
					"frame": {
						"x": 433,
						"y": 1273,
						"w": 195,
						"h": 249
					},
					"rotated": false,
					"trimmed": true,
					"spriteSourceSize": {
						"x": 59,
						"y": 23,
						"w": 195,
						"h": 249
					},
					"sourceSize": {
						"w": 298,
						"h": 300
					},
					"anchor": {
						"x": 0.5,
						"y": 0.8
					}
				},
				{
					"filename": "heal/N/0003",
					"frame": {
						"x": 628,
						"y": 1273,
						"w": 192,
						"h": 256
					},
					"rotated": false,
					"trimmed": true,
					"spriteSourceSize": {
						"x": 62,
						"y": 16,
						"w": 192,
						"h": 256
					},
					"sourceSize": {
						"w": 298,
						"h": 300
					},
					"anchor": {
						"x": 0.5,
						"y": 0.8
					}
				},
				{
					"filename": "heal/N/0004",
					"frame": {
						"x": 820,
						"y": 1273,
						"w": 223,
						"h": 259
					},
					"rotated": false,
					"trimmed": true,
					"spriteSourceSize": {
						"x": 53,
						"y": 13,
						"w": 223,
						"h": 259
					},
					"sourceSize": {
						"w": 298,
						"h": 300
					},
					"anchor": {
						"x": 0.5,
						"y": 0.8
					}
				},
				{
					"filename": "heal/N/0005",
					"frame": {
						"x": 1043,
						"y": 1273,
						"w": 248,
						"h": 266
					},
					"rotated": false,
					"trimmed": true,
					"spriteSourceSize": {
						"x": 27,
						"y": 10,
						"w": 248,
						"h": 266
					},
					"sourceSize": {
						"w": 298,
						"h": 300
					},
					"anchor": {
						"x": 0.5,
						"y": 0.8
					}
				},
				{
					"filename": "heal/N/0006",
					"frame": {
						"x": 1291,
						"y": 1273,
						"w": 238,
						"h": 251
					},
					"rotated": false,
					"trimmed": true,
					"spriteSourceSize": {
						"x": 37,
						"y": 24,
						"w": 238,
						"h": 251
					},
					"sourceSize": {
						"w": 298,
						"h": 300
					},
					"anchor": {
						"x": 0.5,
						"y": 0.8
					}
				},
				{
					"filename": "heal/NE/0001",
					"frame": {
						"x": 1529,
						"y": 1273,
						"w": 186,
						"h": 238
					},
					"rotated": false,
					"trimmed": true,
					"spriteSourceSize": {
						"x": 64,
						"y": 34,
						"w": 186,
						"h": 238
					},
					"sourceSize": {
						"w": 298,
						"h": 300
					},
					"anchor": {
						"x": 0.5,
						"y": 0.8
					}
				},
				{
					"filename": "heal/NE/0002",
					"frame": {
						"x": 1715,
						"y": 1273,
						"w": 189,
						"h": 240
					},
					"rotated": false,
					"trimmed": true,
					"spriteSourceSize": {
						"x": 63,
						"y": 33,
						"w": 189,
						"h": 240
					},
					"sourceSize": {
						"w": 298,
						"h": 300
					},
					"anchor": {
						"x": 0.5,
						"y": 0.8
					}
				},
				{
					"filename": "heal/NE/0003",
					"frame": {
						"x": 1904,
						"y": 1273,
						"w": 193,
						"h": 248
					},
					"rotated": false,
					"trimmed": true,
					"spriteSourceSize": {
						"x": 68,
						"y": 26,
						"w": 193,
						"h": 248
					},
					"sourceSize": {
						"w": 298,
						"h": 300
					},
					"anchor": {
						"x": 0.5,
						"y": 0.8
					}
				},
				{
					"filename": "heal/NE/0004",
					"frame": {
						"x": 2097,
						"y": 1273,
						"w": 221,
						"h": 254
					},
					"rotated": false,
					"trimmed": true,
					"spriteSourceSize": {
						"x": 46,
						"y": 18,
						"w": 221,
						"h": 254
					},
					"sourceSize": {
						"w": 298,
						"h": 300
					},
					"anchor": {
						"x": 0.5,
						"y": 0.8
					}
				},
				{
					"filename": "heal/NE/0005",
					"frame": {
						"x": 2318,
						"y": 1273,
						"w": 209,
						"h": 256
					},
					"rotated": false,
					"trimmed": true,
					"spriteSourceSize": {
						"x": 52,
						"y": 20,
						"w": 209,
						"h": 256
					},
					"sourceSize": {
						"w": 298,
						"h": 300
					},
					"anchor": {
						"x": 0.5,
						"y": 0.8
					}
				},
				{
					"filename": "heal/NE/0006",
					"frame": {
						"x": 2527,
						"y": 1273,
						"w": 230,
						"h": 248
					},
					"rotated": false,
					"trimmed": true,
					"spriteSourceSize": {
						"x": 34,
						"y": 31,
						"w": 230,
						"h": 248
					},
					"sourceSize": {
						"w": 298,
						"h": 300
					},
					"anchor": {
						"x": 0.5,
						"y": 0.8
					}
				},
				{
					"filename": "heal/NW/0001",
					"frame": {
						"x": 2757,
						"y": 1273,
						"w": 177,
						"h": 250
					},
					"rotated": false,
					"trimmed": true,
					"spriteSourceSize": {
						"x": 63,
						"y": 19,
						"w": 177,
						"h": 250
					},
					"sourceSize": {
						"w": 298,
						"h": 300
					},
					"anchor": {
						"x": 0.5,
						"y": 0.8
					}
				},
				{
					"filename": "heal/NW/0002",
					"frame": {
						"x": 2934,
						"y": 1273,
						"w": 199,
						"h": 257
					},
					"rotated": false,
					"trimmed": true,
					"spriteSourceSize": {
						"x": 47,
						"y": 16,
						"w": 199,
						"h": 257
					},
					"sourceSize": {
						"w": 298,
						"h": 300
					},
					"anchor": {
						"x": 0.5,
						"y": 0.8
					}
				},
				{
					"filename": "heal/NW/0003",
					"frame": {
						"x": 3133,
						"y": 1273,
						"w": 186,
						"h": 265
					},
					"rotated": false,
					"trimmed": true,
					"spriteSourceSize": {
						"x": 59,
						"y": 10,
						"w": 186,
						"h": 265
					},
					"sourceSize": {
						"w": 298,
						"h": 300
					},
					"anchor": {
						"x": 0.5,
						"y": 0.8
					}
				},
				{
					"filename": "heal/NW/0004",
					"frame": {
						"x": 0,
						"y": 1539,
						"w": 220,
						"h": 265
					},
					"rotated": false,
					"trimmed": true,
					"spriteSourceSize": {
						"x": 59,
						"y": 6,
						"w": 220,
						"h": 265
					},
					"sourceSize": {
						"w": 298,
						"h": 300
					},
					"anchor": {
						"x": 0.5,
						"y": 0.8
					}
				},
				{
					"filename": "heal/NW/0005",
					"frame": {
						"x": 220,
						"y": 1539,
						"w": 223,
						"h": 272
					},
					"rotated": false,
					"trimmed": true,
					"spriteSourceSize": {
						"x": 53,
						"y": 3,
						"w": 223,
						"h": 272
					},
					"sourceSize": {
						"w": 298,
						"h": 300
					},
					"anchor": {
						"x": 0.5,
						"y": 0.8
					}
				},
				{
					"filename": "heal/NW/0006",
					"frame": {
						"x": 443,
						"y": 1539,
						"w": 267,
						"h": 260
					},
					"rotated": false,
					"trimmed": true,
					"spriteSourceSize": {
						"x": 23,
						"y": 15,
						"w": 267,
						"h": 260
					},
					"sourceSize": {
						"w": 298,
						"h": 300
					},
					"anchor": {
						"x": 0.5,
						"y": 0.8
					}
				},
				{
					"filename": "heal/S/0001",
					"frame": {
						"x": 710,
						"y": 1539,
						"w": 192,
						"h": 231
					},
					"rotated": false,
					"trimmed": true,
					"spriteSourceSize": {
						"x": 47,
						"y": 40,
						"w": 192,
						"h": 231
					},
					"sourceSize": {
						"w": 298,
						"h": 300
					},
					"anchor": {
						"x": 0.5,
						"y": 0.8
					}
				},
				{
					"filename": "heal/S/0002",
					"frame": {
						"x": 902,
						"y": 1539,
						"w": 199,
						"h": 240
					},
					"rotated": false,
					"trimmed": true,
					"spriteSourceSize": {
						"x": 46,
						"y": 37,
						"w": 199,
						"h": 240
					},
					"sourceSize": {
						"w": 298,
						"h": 300
					},
					"anchor": {
						"x": 0.5,
						"y": 0.8
					}
				},
				{
					"filename": "heal/S/0003",
					"frame": {
						"x": 1101,
						"y": 1539,
						"w": 231,
						"h": 249
					},
					"rotated": false,
					"trimmed": true,
					"spriteSourceSize": {
						"x": 30,
						"y": 24,
						"w": 231,
						"h": 249
					},
					"sourceSize": {
						"w": 298,
						"h": 300
					},
					"anchor": {
						"x": 0.5,
						"y": 0.8
					}
				},
				{
					"filename": "heal/S/0004",
					"frame": {
						"x": 1332,
						"y": 1539,
						"w": 196,
						"h": 257
					},
					"rotated": false,
					"trimmed": true,
					"spriteSourceSize": {
						"x": 52,
						"y": 20,
						"w": 196,
						"h": 257
					},
					"sourceSize": {
						"w": 298,
						"h": 300
					},
					"anchor": {
						"x": 0.5,
						"y": 0.8
					}
				},
				{
					"filename": "heal/S/0005",
					"frame": {
						"x": 1528,
						"y": 1539,
						"w": 230,
						"h": 260
					},
					"rotated": false,
					"trimmed": true,
					"spriteSourceSize": {
						"x": 44,
						"y": 17,
						"w": 230,
						"h": 260
					},
					"sourceSize": {
						"w": 298,
						"h": 300
					},
					"anchor": {
						"x": 0.5,
						"y": 0.8
					}
				},
				{
					"filename": "heal/S/0006",
					"frame": {
						"x": 1758,
						"y": 1539,
						"w": 240,
						"h": 262
					},
					"rotated": false,
					"trimmed": true,
					"spriteSourceSize": {
						"x": 32,
						"y": 18,
						"w": 240,
						"h": 262
					},
					"sourceSize": {
						"w": 298,
						"h": 300
					},
					"anchor": {
						"x": 0.5,
						"y": 0.8
					}
				},
				{
					"filename": "heal/SE/0001",
					"frame": {
						"x": 1998,
						"y": 1539,
						"w": 185,
						"h": 233
					},
					"rotated": false,
					"trimmed": true,
					"spriteSourceSize": {
						"x": 54,
						"y": 40,
						"w": 185,
						"h": 233
					},
					"sourceSize": {
						"w": 298,
						"h": 300
					},
					"anchor": {
						"x": 0.5,
						"y": 0.8
					}
				},
				{
					"filename": "heal/SE/0002",
					"frame": {
						"x": 2183,
						"y": 1539,
						"w": 211,
						"h": 231
					},
					"rotated": false,
					"trimmed": true,
					"spriteSourceSize": {
						"x": 56,
						"y": 44,
						"w": 211,
						"h": 231
					},
					"sourceSize": {
						"w": 298,
						"h": 300
					},
					"anchor": {
						"x": 0.5,
						"y": 0.8
					}
				},
				{
					"filename": "heal/SE/0003",
					"frame": {
						"x": 2394,
						"y": 1539,
						"w": 225,
						"h": 243
					},
					"rotated": false,
					"trimmed": true,
					"spriteSourceSize": {
						"x": 33,
						"y": 30,
						"w": 225,
						"h": 243
					},
					"sourceSize": {
						"w": 298,
						"h": 300
					},
					"anchor": {
						"x": 0.5,
						"y": 0.8
					}
				},
				{
					"filename": "heal/SE/0004",
					"frame": {
						"x": 2619,
						"y": 1539,
						"w": 197,
						"h": 255
					},
					"rotated": false,
					"trimmed": true,
					"spriteSourceSize": {
						"x": 50,
						"y": 19,
						"w": 197,
						"h": 255
					},
					"sourceSize": {
						"w": 298,
						"h": 300
					},
					"anchor": {
						"x": 0.5,
						"y": 0.8
					}
				},
				{
					"filename": "heal/SE/0005",
					"frame": {
						"x": 2816,
						"y": 1539,
						"w": 252,
						"h": 253
					},
					"rotated": false,
					"trimmed": true,
					"spriteSourceSize": {
						"x": 33,
						"y": 25,
						"w": 252,
						"h": 253
					},
					"sourceSize": {
						"w": 298,
						"h": 300
					},
					"anchor": {
						"x": 0.5,
						"y": 0.8
					}
				},
				{
					"filename": "heal/SE/0006",
					"frame": {
						"x": 3068,
						"y": 1539,
						"w": 236,
						"h": 249
					},
					"rotated": false,
					"trimmed": true,
					"spriteSourceSize": {
						"x": 44,
						"y": 26,
						"w": 236,
						"h": 249
					},
					"sourceSize": {
						"w": 298,
						"h": 300
					},
					"anchor": {
						"x": 0.5,
						"y": 0.8
					}
				},
				{
					"filename": "heal/SW/0001",
					"frame": {
						"x": 0,
						"y": 1811,
						"w": 182,
						"h": 241
					},
					"rotated": false,
					"trimmed": true,
					"spriteSourceSize": {
						"x": 58,
						"y": 29,
						"w": 182,
						"h": 241
					},
					"sourceSize": {
						"w": 298,
						"h": 300
					},
					"anchor": {
						"x": 0.5,
						"y": 0.8
					}
				},
				{
					"filename": "heal/SW/0002",
					"frame": {
						"x": 182,
						"y": 1811,
						"w": 191,
						"h": 244
					},
					"rotated": false,
					"trimmed": true,
					"spriteSourceSize": {
						"x": 51,
						"y": 26,
						"w": 191,
						"h": 244
					},
					"sourceSize": {
						"w": 298,
						"h": 300
					},
					"anchor": {
						"x": 0.5,
						"y": 0.8
					}
				},
				{
					"filename": "heal/SW/0003",
					"frame": {
						"x": 373,
						"y": 1811,
						"w": 183,
						"h": 257
					},
					"rotated": false,
					"trimmed": true,
					"spriteSourceSize": {
						"x": 53,
						"y": 15,
						"w": 183,
						"h": 257
					},
					"sourceSize": {
						"w": 298,
						"h": 300
					},
					"anchor": {
						"x": 0.5,
						"y": 0.8
					}
				},
				{
					"filename": "heal/SW/0004",
					"frame": {
						"x": 556,
						"y": 1811,
						"w": 187,
						"h": 262
					},
					"rotated": false,
					"trimmed": true,
					"spriteSourceSize": {
						"x": 54,
						"y": 12,
						"w": 187,
						"h": 262
					},
					"sourceSize": {
						"w": 298,
						"h": 300
					},
					"anchor": {
						"x": 0.5,
						"y": 0.8
					}
				},
				{
					"filename": "heal/SW/0005",
					"frame": {
						"x": 743,
						"y": 1811,
						"w": 230,
						"h": 270
					},
					"rotated": false,
					"trimmed": true,
					"spriteSourceSize": {
						"x": 26,
						"y": 8,
						"w": 230,
						"h": 270
					},
					"sourceSize": {
						"w": 298,
						"h": 300
					},
					"anchor": {
						"x": 0.5,
						"y": 0.8
					}
				},
				{
					"filename": "heal/SW/0006",
					"frame": {
						"x": 973,
						"y": 1811,
						"w": 221,
						"h": 264
					},
					"rotated": false,
					"trimmed": true,
					"spriteSourceSize": {
						"x": 33,
						"y": 10,
						"w": 221,
						"h": 264
					},
					"sourceSize": {
						"w": 298,
						"h": 300
					},
					"anchor": {
						"x": 0.5,
						"y": 0.8
					}
				},
				{
					"filename": "heal/W/0001",
					"frame": {
						"x": 1194,
						"y": 1811,
						"w": 179,
						"h": 249
					},
					"rotated": false,
					"trimmed": true,
					"spriteSourceSize": {
						"x": 60,
						"y": 20,
						"w": 179,
						"h": 249
					},
					"sourceSize": {
						"w": 298,
						"h": 300
					},
					"anchor": {
						"x": 0.5,
						"y": 0.8
					}
				},
				{
					"filename": "heal/W/0002",
					"frame": {
						"x": 1373,
						"y": 1811,
						"w": 189,
						"h": 253
					},
					"rotated": false,
					"trimmed": true,
					"spriteSourceSize": {
						"x": 59,
						"y": 18,
						"w": 189,
						"h": 253
					},
					"sourceSize": {
						"w": 298,
						"h": 300
					},
					"anchor": {
						"x": 0.5,
						"y": 0.8
					}
				},
				{
					"filename": "heal/W/0003",
					"frame": {
						"x": 1562,
						"y": 1811,
						"w": 190,
						"h": 265
					},
					"rotated": false,
					"trimmed": true,
					"spriteSourceSize": {
						"x": 57,
						"y": 10,
						"w": 190,
						"h": 265
					},
					"sourceSize": {
						"w": 298,
						"h": 300
					},
					"anchor": {
						"x": 0.5,
						"y": 0.8
					}
				},
				{
					"filename": "heal/W/0004",
					"frame": {
						"x": 1752,
						"y": 1811,
						"w": 213,
						"h": 267
					},
					"rotated": false,
					"trimmed": true,
					"spriteSourceSize": {
						"x": 54,
						"y": 6,
						"w": 213,
						"h": 267
					},
					"sourceSize": {
						"w": 298,
						"h": 300
					},
					"anchor": {
						"x": 0.5,
						"y": 0.8
					}
				},
				{
					"filename": "heal/W/0005",
					"frame": {
						"x": 1965,
						"y": 1811,
						"w": 231,
						"h": 275
					},
					"rotated": false,
					"trimmed": true,
					"spriteSourceSize": {
						"x": 46,
						"y": 3,
						"w": 231,
						"h": 275
					},
					"sourceSize": {
						"w": 298,
						"h": 300
					},
					"anchor": {
						"x": 0.5,
						"y": 0.8
					}
				},
				{
					"filename": "heal/W/0006",
					"frame": {
						"x": 2196,
						"y": 1811,
						"w": 224,
						"h": 265
					},
					"rotated": false,
					"trimmed": true,
					"spriteSourceSize": {
						"x": 43,
						"y": 9,
						"w": 224,
						"h": 265
					},
					"sourceSize": {
						"w": 298,
						"h": 300
					},
					"anchor": {
						"x": 0.5,
						"y": 0.8
					}
				},
				{
					"filename": "stance/E/0001",
					"frame": {
						"x": 2420,
						"y": 1811,
						"w": 139,
						"h": 237
					},
					"rotated": false,
					"trimmed": true,
					"spriteSourceSize": {
						"x": 82,
						"y": 32,
						"w": 139,
						"h": 237
					},
					"sourceSize": {
						"w": 298,
						"h": 300
					},
					"anchor": {
						"x": 0.5,
						"y": 0.8
					}
				},
				{
					"filename": "stance/E/0002",
					"frame": {
						"x": 2559,
						"y": 1811,
						"w": 141,
						"h": 238
					},
					"rotated": false,
					"trimmed": true,
					"spriteSourceSize": {
						"x": 82,
						"y": 33,
						"w": 141,
						"h": 238
					},
					"sourceSize": {
						"w": 298,
						"h": 300
					},
					"anchor": {
						"x": 0.5,
						"y": 0.8
					}
				},
				{
					"filename": "stance/E/0003",
					"frame": {
						"x": 2700,
						"y": 1811,
						"w": 146,
						"h": 241
					},
					"rotated": false,
					"trimmed": true,
					"spriteSourceSize": {
						"x": 82,
						"y": 29,
						"w": 146,
						"h": 241
					},
					"sourceSize": {
						"w": 298,
						"h": 300
					},
					"anchor": {
						"x": 0.5,
						"y": 0.8
					}
				},
				{
					"filename": "stance/E/0004",
					"frame": {
						"x": 2846,
						"y": 1811,
						"w": 150,
						"h": 237
					},
					"rotated": false,
					"trimmed": true,
					"spriteSourceSize": {
						"x": 82,
						"y": 33,
						"w": 150,
						"h": 237
					},
					"sourceSize": {
						"w": 298,
						"h": 300
					},
					"anchor": {
						"x": 0.5,
						"y": 0.8
					}
				},
				{
					"filename": "stance/E/0005",
					"frame": {
						"x": 2996,
						"y": 1811,
						"w": 135,
						"h": 238
					},
					"rotated": false,
					"trimmed": true,
					"spriteSourceSize": {
						"x": 90,
						"y": 32,
						"w": 135,
						"h": 238
					},
					"sourceSize": {
						"w": 298,
						"h": 300
					},
					"anchor": {
						"x": 0.5,
						"y": 0.8
					}
				},
				{
					"filename": "stance/E/0006",
					"frame": {
						"x": 3131,
						"y": 1811,
						"w": 128,
						"h": 237
					},
					"rotated": false,
					"trimmed": true,
					"spriteSourceSize": {
						"x": 93,
						"y": 34,
						"w": 128,
						"h": 237
					},
					"sourceSize": {
						"w": 298,
						"h": 300
					},
					"anchor": {
						"x": 0.5,
						"y": 0.8
					}
				},
				{
					"filename": "stance/N/0001",
					"frame": {
						"x": 0,
						"y": 2086,
						"w": 150,
						"h": 251
					},
					"rotated": false,
					"trimmed": true,
					"spriteSourceSize": {
						"x": 87,
						"y": 14,
						"w": 150,
						"h": 251
					},
					"sourceSize": {
						"w": 298,
						"h": 300
					},
					"anchor": {
						"x": 0.5,
						"y": 0.8
					}
				},
				{
					"filename": "stance/N/0002",
					"frame": {
						"x": 150,
						"y": 2086,
						"w": 157,
						"h": 254
					},
					"rotated": false,
					"trimmed": true,
					"spriteSourceSize": {
						"x": 80,
						"y": 12,
						"w": 157,
						"h": 254
					},
					"sourceSize": {
						"w": 298,
						"h": 300
					},
					"anchor": {
						"x": 0.5,
						"y": 0.8
					}
				},
				{
					"filename": "stance/N/0003",
					"frame": {
						"x": 307,
						"y": 2086,
						"w": 157,
						"h": 255
					},
					"rotated": false,
					"trimmed": true,
					"spriteSourceSize": {
						"x": 80,
						"y": 10,
						"w": 157,
						"h": 255
					},
					"sourceSize": {
						"w": 298,
						"h": 300
					},
					"anchor": {
						"x": 0.5,
						"y": 0.8
					}
				},
				{
					"filename": "stance/N/0004",
					"frame": {
						"x": 464,
						"y": 2086,
						"w": 160,
						"h": 251
					},
					"rotated": false,
					"trimmed": true,
					"spriteSourceSize": {
						"x": 80,
						"y": 15,
						"w": 160,
						"h": 251
					},
					"sourceSize": {
						"w": 298,
						"h": 300
					},
					"anchor": {
						"x": 0.5,
						"y": 0.8
					}
				},
				{
					"filename": "stance/N/0005",
					"frame": {
						"x": 624,
						"y": 2086,
						"w": 157,
						"h": 253
					},
					"rotated": false,
					"trimmed": true,
					"spriteSourceSize": {
						"x": 80,
						"y": 13,
						"w": 157,
						"h": 253
					},
					"sourceSize": {
						"w": 298,
						"h": 300
					},
					"anchor": {
						"x": 0.5,
						"y": 0.8
					}
				},
				{
					"filename": "stance/N/0006",
					"frame": {
						"x": 781,
						"y": 2086,
						"w": 146,
						"h": 248
					},
					"rotated": false,
					"trimmed": true,
					"spriteSourceSize": {
						"x": 91,
						"y": 17,
						"w": 146,
						"h": 248
					},
					"sourceSize": {
						"w": 298,
						"h": 300
					},
					"anchor": {
						"x": 0.5,
						"y": 0.8
					}
				},
				{
					"filename": "stance/NE/0001",
					"frame": {
						"x": 927,
						"y": 2086,
						"w": 162,
						"h": 243
					},
					"rotated": false,
					"trimmed": true,
					"spriteSourceSize": {
						"x": 83,
						"y": 24,
						"w": 162,
						"h": 243
					},
					"sourceSize": {
						"w": 298,
						"h": 300
					},
					"anchor": {
						"x": 0.5,
						"y": 0.8
					}
				},
				{
					"filename": "stance/NE/0002",
					"frame": {
						"x": 1089,
						"y": 2086,
						"w": 158,
						"h": 244
					},
					"rotated": false,
					"trimmed": true,
					"spriteSourceSize": {
						"x": 83,
						"y": 23,
						"w": 158,
						"h": 244
					},
					"sourceSize": {
						"w": 298,
						"h": 300
					},
					"anchor": {
						"x": 0.5,
						"y": 0.8
					}
				},
				{
					"filename": "stance/NE/0003",
					"frame": {
						"x": 1247,
						"y": 2086,
						"w": 150,
						"h": 246
					},
					"rotated": false,
					"trimmed": true,
					"spriteSourceSize": {
						"x": 95,
						"y": 21,
						"w": 150,
						"h": 246
					},
					"sourceSize": {
						"w": 298,
						"h": 300
					},
					"anchor": {
						"x": 0.5,
						"y": 0.8
					}
				},
				{
					"filename": "stance/NE/0004",
					"frame": {
						"x": 1397,
						"y": 2086,
						"w": 153,
						"h": 242
					},
					"rotated": false,
					"trimmed": true,
					"spriteSourceSize": {
						"x": 92,
						"y": 25,
						"w": 153,
						"h": 242
					},
					"sourceSize": {
						"w": 298,
						"h": 300
					},
					"anchor": {
						"x": 0.5,
						"y": 0.8
					}
				},
				{
					"filename": "stance/NE/0005",
					"frame": {
						"x": 1550,
						"y": 2086,
						"w": 152,
						"h": 244
					},
					"rotated": false,
					"trimmed": true,
					"spriteSourceSize": {
						"x": 92,
						"y": 23,
						"w": 152,
						"h": 244
					},
					"sourceSize": {
						"w": 298,
						"h": 300
					},
					"anchor": {
						"x": 0.5,
						"y": 0.8
					}
				},
				{
					"filename": "stance/NE/0006",
					"frame": {
						"x": 1702,
						"y": 2086,
						"w": 148,
						"h": 238
					},
					"rotated": false,
					"trimmed": true,
					"spriteSourceSize": {
						"x": 96,
						"y": 27,
						"w": 148,
						"h": 238
					},
					"sourceSize": {
						"w": 298,
						"h": 300
					},
					"anchor": {
						"x": 0.5,
						"y": 0.8
					}
				},
				{
					"filename": "stance/NW/0001",
					"frame": {
						"x": 1850,
						"y": 2086,
						"w": 124,
						"h": 259
					},
					"rotated": false,
					"trimmed": true,
					"spriteSourceSize": {
						"x": 87,
						"y": 8,
						"w": 124,
						"h": 259
					},
					"sourceSize": {
						"w": 298,
						"h": 300
					},
					"anchor": {
						"x": 0.5,
						"y": 0.8
					}
				},
				{
					"filename": "stance/NW/0002",
					"frame": {
						"x": 1974,
						"y": 2086,
						"w": 132,
						"h": 260
					},
					"rotated": false,
					"trimmed": true,
					"spriteSourceSize": {
						"x": 78,
						"y": 7,
						"w": 132,
						"h": 260
					},
					"sourceSize": {
						"w": 298,
						"h": 300
					},
					"anchor": {
						"x": 0.5,
						"y": 0.8
					}
				},
				{
					"filename": "stance/NW/0003",
					"frame": {
						"x": 2106,
						"y": 2086,
						"w": 143,
						"h": 263
					},
					"rotated": false,
					"trimmed": true,
					"spriteSourceSize": {
						"x": 72,
						"y": 4,
						"w": 143,
						"h": 263
					},
					"sourceSize": {
						"w": 298,
						"h": 300
					},
					"anchor": {
						"x": 0.5,
						"y": 0.8
					}
				},
				{
					"filename": "stance/NW/0004",
					"frame": {
						"x": 2249,
						"y": 2086,
						"w": 143,
						"h": 258
					},
					"rotated": false,
					"trimmed": true,
					"spriteSourceSize": {
						"x": 72,
						"y": 9,
						"w": 143,
						"h": 258
					},
					"sourceSize": {
						"w": 298,
						"h": 300
					},
					"anchor": {
						"x": 0.5,
						"y": 0.8
					}
				},
				{
					"filename": "stance/NW/0005",
					"frame": {
						"x": 2392,
						"y": 2086,
						"w": 141,
						"h": 257
					},
					"rotated": false,
					"trimmed": true,
					"spriteSourceSize": {
						"x": 78,
						"y": 8,
						"w": 141,
						"h": 257
					},
					"sourceSize": {
						"w": 298,
						"h": 300
					},
					"anchor": {
						"x": 0.5,
						"y": 0.8
					}
				},
				{
					"filename": "stance/NW/0006",
					"frame": {
						"x": 2533,
						"y": 2086,
						"w": 122,
						"h": 253
					},
					"rotated": false,
					"trimmed": true,
					"spriteSourceSize": {
						"x": 87,
						"y": 11,
						"w": 122,
						"h": 253
					},
					"sourceSize": {
						"w": 298,
						"h": 300
					},
					"anchor": {
						"x": 0.5,
						"y": 0.8
					}
				},
				{
					"filename": "stance/S/0001",
					"frame": {
						"x": 2655,
						"y": 2086,
						"w": 154,
						"h": 240
					},
					"rotated": false,
					"trimmed": true,
					"spriteSourceSize": {
						"x": 59,
						"y": 28,
						"w": 154,
						"h": 240
					},
					"sourceSize": {
						"w": 298,
						"h": 300
					},
					"anchor": {
						"x": 0.5,
						"y": 0.8
					}
				},
				{
					"filename": "stance/S/0002",
					"frame": {
						"x": 2809,
						"y": 2086,
						"w": 147,
						"h": 239
					},
					"rotated": false,
					"trimmed": true,
					"spriteSourceSize": {
						"x": 70,
						"y": 29,
						"w": 147,
						"h": 239
					},
					"sourceSize": {
						"w": 298,
						"h": 300
					},
					"anchor": {
						"x": 0.5,
						"y": 0.8
					}
				},
				{
					"filename": "stance/S/0003",
					"frame": {
						"x": 2956,
						"y": 2086,
						"w": 150,
						"h": 242
					},
					"rotated": false,
					"trimmed": true,
					"spriteSourceSize": {
						"x": 70,
						"y": 26,
						"w": 150,
						"h": 242
					},
					"sourceSize": {
						"w": 298,
						"h": 300
					},
					"anchor": {
						"x": 0.5,
						"y": 0.8
					}
				},
				{
					"filename": "stance/S/0004",
					"frame": {
						"x": 3106,
						"y": 2086,
						"w": 149,
						"h": 239
					},
					"rotated": false,
					"trimmed": true,
					"spriteSourceSize": {
						"x": 71,
						"y": 29,
						"w": 149,
						"h": 239
					},
					"sourceSize": {
						"w": 298,
						"h": 300
					},
					"anchor": {
						"x": 0.5,
						"y": 0.8
					}
				},
				{
					"filename": "stance/S/0005",
					"frame": {
						"x": 0,
						"y": 2349,
						"w": 151,
						"h": 239
					},
					"rotated": false,
					"trimmed": true,
					"spriteSourceSize": {
						"x": 69,
						"y": 28,
						"w": 151,
						"h": 239
					},
					"sourceSize": {
						"w": 298,
						"h": 300
					},
					"anchor": {
						"x": 0.5,
						"y": 0.8
					}
				},
				{
					"filename": "stance/S/0006",
					"frame": {
						"x": 151,
						"y": 2349,
						"w": 142,
						"h": 240
					},
					"rotated": false,
					"trimmed": true,
					"spriteSourceSize": {
						"x": 71,
						"y": 28,
						"w": 142,
						"h": 240
					},
					"sourceSize": {
						"w": 298,
						"h": 300
					},
					"anchor": {
						"x": 0.5,
						"y": 0.8
					}
				},
				{
					"filename": "stance/SE/0001",
					"frame": {
						"x": 293,
						"y": 2349,
						"w": 137,
						"h": 236
					},
					"rotated": false,
					"trimmed": true,
					"spriteSourceSize": {
						"x": 88,
						"y": 34,
						"w": 137,
						"h": 236
					},
					"sourceSize": {
						"w": 298,
						"h": 300
					},
					"anchor": {
						"x": 0.5,
						"y": 0.8
					}
				},
				{
					"filename": "stance/SE/0002",
					"frame": {
						"x": 430,
						"y": 2349,
						"w": 152,
						"h": 236
					},
					"rotated": false,
					"trimmed": true,
					"spriteSourceSize": {
						"x": 88,
						"y": 35,
						"w": 152,
						"h": 236
					},
					"sourceSize": {
						"w": 298,
						"h": 300
					},
					"anchor": {
						"x": 0.5,
						"y": 0.8
					}
				},
				{
					"filename": "stance/SE/0003",
					"frame": {
						"x": 582,
						"y": 2349,
						"w": 139,
						"h": 238
					},
					"rotated": false,
					"trimmed": true,
					"spriteSourceSize": {
						"x": 92,
						"y": 32,
						"w": 139,
						"h": 238
					},
					"sourceSize": {
						"w": 298,
						"h": 300
					},
					"anchor": {
						"x": 0.5,
						"y": 0.8
					}
				},
				{
					"filename": "stance/SE/0004",
					"frame": {
						"x": 721,
						"y": 2349,
						"w": 143,
						"h": 236
					},
					"rotated": false,
					"trimmed": true,
					"spriteSourceSize": {
						"x": 88,
						"y": 35,
						"w": 143,
						"h": 236
					},
					"sourceSize": {
						"w": 298,
						"h": 300
					},
					"anchor": {
						"x": 0.5,
						"y": 0.8
					}
				},
				{
					"filename": "stance/SE/0005",
					"frame": {
						"x": 864,
						"y": 2349,
						"w": 138,
						"h": 237
					},
					"rotated": false,
					"trimmed": true,
					"spriteSourceSize": {
						"x": 88,
						"y": 34,
						"w": 138,
						"h": 237
					},
					"sourceSize": {
						"w": 298,
						"h": 300
					},
					"anchor": {
						"x": 0.5,
						"y": 0.8
					}
				},
				{
					"filename": "stance/SE/0006",
					"frame": {
						"x": 1002,
						"y": 2349,
						"w": 132,
						"h": 237
					},
					"rotated": false,
					"trimmed": true,
					"spriteSourceSize": {
						"x": 88,
						"y": 34,
						"w": 132,
						"h": 237
					},
					"sourceSize": {
						"w": 298,
						"h": 300
					},
					"anchor": {
						"x": 0.5,
						"y": 0.8
					}
				},
				{
					"filename": "stance/SW/0001",
					"frame": {
						"x": 1134,
						"y": 2349,
						"w": 156,
						"h": 249
					},
					"rotated": false,
					"trimmed": true,
					"spriteSourceSize": {
						"x": 58,
						"y": 19,
						"w": 156,
						"h": 249
					},
					"sourceSize": {
						"w": 298,
						"h": 300
					},
					"anchor": {
						"x": 0.5,
						"y": 0.8
					}
				},
				{
					"filename": "stance/SW/0002",
					"frame": {
						"x": 1290,
						"y": 2349,
						"w": 156,
						"h": 249
					},
					"rotated": false,
					"trimmed": true,
					"spriteSourceSize": {
						"x": 58,
						"y": 19,
						"w": 156,
						"h": 249
					},
					"sourceSize": {
						"w": 298,
						"h": 300
					},
					"anchor": {
						"x": 0.5,
						"y": 0.8
					}
				},
				{
					"filename": "stance/SW/0003",
					"frame": {
						"x": 1446,
						"y": 2349,
						"w": 160,
						"h": 254
					},
					"rotated": false,
					"trimmed": true,
					"spriteSourceSize": {
						"x": 58,
						"y": 15,
						"w": 160,
						"h": 254
					},
					"sourceSize": {
						"w": 298,
						"h": 300
					},
					"anchor": {
						"x": 0.5,
						"y": 0.8
					}
				},
				{
					"filename": "stance/SW/0004",
					"frame": {
						"x": 1606,
						"y": 2349,
						"w": 160,
						"h": 251
					},
					"rotated": false,
					"trimmed": true,
					"spriteSourceSize": {
						"x": 58,
						"y": 18,
						"w": 160,
						"h": 251
					},
					"sourceSize": {
						"w": 298,
						"h": 300
					},
					"anchor": {
						"x": 0.5,
						"y": 0.8
					}
				},
				{
					"filename": "stance/SW/0005",
					"frame": {
						"x": 1766,
						"y": 2349,
						"w": 152,
						"h": 250
					},
					"rotated": false,
					"trimmed": true,
					"spriteSourceSize": {
						"x": 61,
						"y": 18,
						"w": 152,
						"h": 250
					},
					"sourceSize": {
						"w": 298,
						"h": 300
					},
					"anchor": {
						"x": 0.5,
						"y": 0.8
					}
				},
				{
					"filename": "stance/SW/0006",
					"frame": {
						"x": 1918,
						"y": 2349,
						"w": 154,
						"h": 246
					},
					"rotated": false,
					"trimmed": true,
					"spriteSourceSize": {
						"x": 60,
						"y": 19,
						"w": 154,
						"h": 246
					},
					"sourceSize": {
						"w": 298,
						"h": 300
					},
					"anchor": {
						"x": 0.5,
						"y": 0.8
					}
				},
				{
					"filename": "stance/W/0001",
					"frame": {
						"x": 2072,
						"y": 2349,
						"w": 145,
						"h": 255
					},
					"rotated": false,
					"trimmed": true,
					"spriteSourceSize": {
						"x": 69,
						"y": 10,
						"w": 145,
						"h": 255
					},
					"sourceSize": {
						"w": 298,
						"h": 300
					},
					"anchor": {
						"x": 0.5,
						"y": 0.8
					}
				},
				{
					"filename": "stance/W/0002",
					"frame": {
						"x": 2217,
						"y": 2349,
						"w": 138,
						"h": 258
					},
					"rotated": false,
					"trimmed": true,
					"spriteSourceSize": {
						"x": 75,
						"y": 10,
						"w": 138,
						"h": 258
					},
					"sourceSize": {
						"w": 298,
						"h": 300
					},
					"anchor": {
						"x": 0.5,
						"y": 0.8
					}
				},
				{
					"filename": "stance/W/0003",
					"frame": {
						"x": 2355,
						"y": 2349,
						"w": 139,
						"h": 259
					},
					"rotated": false,
					"trimmed": true,
					"spriteSourceSize": {
						"x": 72,
						"y": 7,
						"w": 139,
						"h": 259
					},
					"sourceSize": {
						"w": 298,
						"h": 300
					},
					"anchor": {
						"x": 0.5,
						"y": 0.8
					}
				},
				{
					"filename": "stance/W/0004",
					"frame": {
						"x": 2494,
						"y": 2349,
						"w": 140,
						"h": 256
					},
					"rotated": false,
					"trimmed": true,
					"spriteSourceSize": {
						"x": 72,
						"y": 10,
						"w": 140,
						"h": 256
					},
					"sourceSize": {
						"w": 298,
						"h": 300
					},
					"anchor": {
						"x": 0.5,
						"y": 0.8
					}
				},
				{
					"filename": "stance/W/0005",
					"frame": {
						"x": 2634,
						"y": 2349,
						"w": 138,
						"h": 254
					},
					"rotated": false,
					"trimmed": true,
					"spriteSourceSize": {
						"x": 75,
						"y": 10,
						"w": 138,
						"h": 254
					},
					"sourceSize": {
						"w": 298,
						"h": 300
					},
					"anchor": {
						"x": 0.5,
						"y": 0.8
					}
				},
				{
					"filename": "stance/W/0006",
					"frame": {
						"x": 2772,
						"y": 2349,
						"w": 127,
						"h": 251
					},
					"rotated": false,
					"trimmed": true,
					"spriteSourceSize": {
						"x": 84,
						"y": 13,
						"w": 127,
						"h": 251
					},
					"sourceSize": {
						"w": 298,
						"h": 300
					},
					"anchor": {
						"x": 0.5,
						"y": 0.8
					}
				},
				{
					"filename": "walk/E/0001",
					"frame": {
						"x": 2899,
						"y": 2349,
						"w": 128,
						"h": 236
					},
					"rotated": false,
					"trimmed": true,
					"spriteSourceSize": {
						"x": 92,
						"y": 33,
						"w": 128,
						"h": 236
					},
					"sourceSize": {
						"w": 298,
						"h": 300
					},
					"anchor": {
						"x": 0.5,
						"y": 0.8
					}
				},
				{
					"filename": "walk/E/0002",
					"frame": {
						"x": 3027,
						"y": 2349,
						"w": 141,
						"h": 235
					},
					"rotated": false,
					"trimmed": true,
					"spriteSourceSize": {
						"x": 82,
						"y": 34,
						"w": 141,
						"h": 235
					},
					"sourceSize": {
						"w": 298,
						"h": 300
					},
					"anchor": {
						"x": 0.5,
						"y": 0.8
					}
				},
				{
					"filename": "walk/E/0003",
					"frame": {
						"x": 3168,
						"y": 2349,
						"w": 152,
						"h": 238
					},
					"rotated": false,
					"trimmed": true,
					"spriteSourceSize": {
						"x": 82,
						"y": 31,
						"w": 152,
						"h": 238
					},
					"sourceSize": {
						"w": 298,
						"h": 300
					},
					"anchor": {
						"x": 0.5,
						"y": 0.8
					}
				},
				{
					"filename": "walk/E/0004",
					"frame": {
						"x": 0,
						"y": 2608,
						"w": 141,
						"h": 235
					},
					"rotated": false,
					"trimmed": true,
					"spriteSourceSize": {
						"x": 82,
						"y": 34,
						"w": 141,
						"h": 235
					},
					"sourceSize": {
						"w": 298,
						"h": 300
					},
					"anchor": {
						"x": 0.5,
						"y": 0.8
					}
				},
				{
					"filename": "walk/E/0005",
					"frame": {
						"x": 141,
						"y": 2608,
						"w": 132,
						"h": 237
					},
					"rotated": false,
					"trimmed": true,
					"spriteSourceSize": {
						"x": 92,
						"y": 33,
						"w": 132,
						"h": 237
					},
					"sourceSize": {
						"w": 298,
						"h": 300
					},
					"anchor": {
						"x": 0.5,
						"y": 0.8
					}
				},
				{
					"filename": "walk/E/0006",
					"frame": {
						"x": 273,
						"y": 2608,
						"w": 137,
						"h": 235
					},
					"rotated": false,
					"trimmed": true,
					"spriteSourceSize": {
						"x": 87,
						"y": 35,
						"w": 137,
						"h": 235
					},
					"sourceSize": {
						"w": 298,
						"h": 300
					},
					"anchor": {
						"x": 0.5,
						"y": 0.8
					}
				},
				{
					"filename": "walk/N/0001",
					"frame": {
						"x": 410,
						"y": 2608,
						"w": 146,
						"h": 250
					},
					"rotated": false,
					"trimmed": true,
					"spriteSourceSize": {
						"x": 91,
						"y": 15,
						"w": 146,
						"h": 250
					},
					"sourceSize": {
						"w": 298,
						"h": 300
					},
					"anchor": {
						"x": 0.5,
						"y": 0.8
					}
				},
				{
					"filename": "walk/N/0002",
					"frame": {
						"x": 556,
						"y": 2608,
						"w": 155,
						"h": 253
					},
					"rotated": false,
					"trimmed": true,
					"spriteSourceSize": {
						"x": 80,
						"y": 13,
						"w": 155,
						"h": 253
					},
					"sourceSize": {
						"w": 298,
						"h": 300
					},
					"anchor": {
						"x": 0.5,
						"y": 0.8
					}
				},
				{
					"filename": "walk/N/0003",
					"frame": {
						"x": 711,
						"y": 2608,
						"w": 157,
						"h": 256
					},
					"rotated": false,
					"trimmed": true,
					"spriteSourceSize": {
						"x": 80,
						"y": 11,
						"w": 157,
						"h": 256
					},
					"sourceSize": {
						"w": 298,
						"h": 300
					},
					"anchor": {
						"x": 0.5,
						"y": 0.8
					}
				},
				{
					"filename": "walk/N/0004",
					"frame": {
						"x": 868,
						"y": 2608,
						"w": 157,
						"h": 251
					},
					"rotated": false,
					"trimmed": true,
					"spriteSourceSize": {
						"x": 80,
						"y": 16,
						"w": 157,
						"h": 251
					},
					"sourceSize": {
						"w": 298,
						"h": 300
					},
					"anchor": {
						"x": 0.5,
						"y": 0.8
					}
				},
				{
					"filename": "walk/N/0005",
					"frame": {
						"x": 1025,
						"y": 2608,
						"w": 145,
						"h": 251
					},
					"rotated": false,
					"trimmed": true,
					"spriteSourceSize": {
						"x": 90,
						"y": 14,
						"w": 145,
						"h": 251
					},
					"sourceSize": {
						"w": 298,
						"h": 300
					},
					"anchor": {
						"x": 0.5,
						"y": 0.8
					}
				},
				{
					"filename": "walk/N/0006",
					"frame": {
						"x": 1170,
						"y": 2608,
						"w": 146,
						"h": 246
					},
					"rotated": false,
					"trimmed": true,
					"spriteSourceSize": {
						"x": 91,
						"y": 19,
						"w": 146,
						"h": 246
					},
					"sourceSize": {
						"w": 298,
						"h": 300
					},
					"anchor": {
						"x": 0.5,
						"y": 0.8
					}
				},
				{
					"filename": "walk/NE/0001",
					"frame": {
						"x": 1316,
						"y": 2608,
						"w": 167,
						"h": 242
					},
					"rotated": false,
					"trimmed": true,
					"spriteSourceSize": {
						"x": 79,
						"y": 25,
						"w": 167,
						"h": 242
					},
					"sourceSize": {
						"w": 298,
						"h": 300
					},
					"anchor": {
						"x": 0.5,
						"y": 0.8
					}
				},
				{
					"filename": "walk/NE/0002",
					"frame": {
						"x": 1483,
						"y": 2608,
						"w": 162,
						"h": 240
					},
					"rotated": false,
					"trimmed": true,
					"spriteSourceSize": {
						"x": 83,
						"y": 25,
						"w": 162,
						"h": 240
					},
					"sourceSize": {
						"w": 298,
						"h": 300
					},
					"anchor": {
						"x": 0.5,
						"y": 0.8
					}
				},
				{
					"filename": "walk/NE/0003",
					"frame": {
						"x": 1645,
						"y": 2608,
						"w": 160,
						"h": 245
					},
					"rotated": false,
					"trimmed": true,
					"spriteSourceSize": {
						"x": 90,
						"y": 22,
						"w": 160,
						"h": 245
					},
					"sourceSize": {
						"w": 298,
						"h": 300
					},
					"anchor": {
						"x": 0.5,
						"y": 0.8
					}
				},
				{
					"filename": "walk/NE/0004",
					"frame": {
						"x": 1805,
						"y": 2608,
						"w": 161,
						"h": 241
					},
					"rotated": false,
					"trimmed": true,
					"spriteSourceSize": {
						"x": 82,
						"y": 26,
						"w": 161,
						"h": 241
					},
					"sourceSize": {
						"w": 298,
						"h": 300
					},
					"anchor": {
						"x": 0.5,
						"y": 0.8
					}
				},
				{
					"filename": "walk/NE/0005",
					"frame": {
						"x": 1966,
						"y": 2608,
						"w": 155,
						"h": 243
					},
					"rotated": false,
					"trimmed": true,
					"spriteSourceSize": {
						"x": 92,
						"y": 24,
						"w": 155,
						"h": 243
					},
					"sourceSize": {
						"w": 298,
						"h": 300
					},
					"anchor": {
						"x": 0.5,
						"y": 0.8
					}
				},
				{
					"filename": "walk/NE/0006",
					"frame": {
						"x": 2121,
						"y": 2608,
						"w": 160,
						"h": 238
					},
					"rotated": false,
					"trimmed": true,
					"spriteSourceSize": {
						"x": 97,
						"y": 28,
						"w": 160,
						"h": 238
					},
					"sourceSize": {
						"w": 298,
						"h": 300
					},
					"anchor": {
						"x": 0.5,
						"y": 0.8
					}
				},
				{
					"filename": "walk/NW/0001",
					"frame": {
						"x": 2281,
						"y": 2608,
						"w": 131,
						"h": 259
					},
					"rotated": false,
					"trimmed": true,
					"spriteSourceSize": {
						"x": 87,
						"y": 9,
						"w": 131,
						"h": 259
					},
					"sourceSize": {
						"w": 298,
						"h": 300
					},
					"anchor": {
						"x": 0.5,
						"y": 0.8
					}
				},
				{
					"filename": "walk/NW/0002",
					"frame": {
						"x": 2412,
						"y": 2608,
						"w": 137,
						"h": 257
					},
					"rotated": false,
					"trimmed": true,
					"spriteSourceSize": {
						"x": 80,
						"y": 8,
						"w": 137,
						"h": 257
					},
					"sourceSize": {
						"w": 298,
						"h": 300
					},
					"anchor": {
						"x": 0.5,
						"y": 0.8
					}
				},
				{
					"filename": "walk/NW/0003",
					"frame": {
						"x": 2549,
						"y": 2608,
						"w": 164,
						"h": 262
					},
					"rotated": false,
					"trimmed": true,
					"spriteSourceSize": {
						"x": 66,
						"y": 6,
						"w": 164,
						"h": 262
					},
					"sourceSize": {
						"w": 298,
						"h": 300
					},
					"anchor": {
						"x": 0.5,
						"y": 0.8
					}
				},
				{
					"filename": "walk/NW/0004",
					"frame": {
						"x": 2713,
						"y": 2608,
						"w": 148,
						"h": 255
					},
					"rotated": false,
					"trimmed": true,
					"spriteSourceSize": {
						"x": 80,
						"y": 10,
						"w": 148,
						"h": 255
					},
					"sourceSize": {
						"w": 298,
						"h": 300
					},
					"anchor": {
						"x": 0.5,
						"y": 0.8
					}
				},
				{
					"filename": "walk/NW/0005",
					"frame": {
						"x": 2861,
						"y": 2608,
						"w": 119,
						"h": 256
					},
					"rotated": false,
					"trimmed": true,
					"spriteSourceSize": {
						"x": 93,
						"y": 9,
						"w": 119,
						"h": 256
					},
					"sourceSize": {
						"w": 298,
						"h": 300
					},
					"anchor": {
						"x": 0.5,
						"y": 0.8
					}
				},
				{
					"filename": "walk/NW/0006",
					"frame": {
						"x": 2980,
						"y": 2608,
						"w": 124,
						"h": 251
					},
					"rotated": false,
					"trimmed": true,
					"spriteSourceSize": {
						"x": 87,
						"y": 13,
						"w": 124,
						"h": 251
					},
					"sourceSize": {
						"w": 298,
						"h": 300
					},
					"anchor": {
						"x": 0.5,
						"y": 0.8
					}
				},
				{
					"filename": "walk/S/0001",
					"frame": {
						"x": 3104,
						"y": 2608,
						"w": 147,
						"h": 237
					},
					"rotated": false,
					"trimmed": true,
					"spriteSourceSize": {
						"x": 66,
						"y": 30,
						"w": 147,
						"h": 237
					},
					"sourceSize": {
						"w": 298,
						"h": 300
					},
					"anchor": {
						"x": 0.5,
						"y": 0.8
					}
				},
				{
					"filename": "walk/S/0002",
					"frame": {
						"x": 0,
						"y": 2870,
						"w": 153,
						"h": 237
					},
					"rotated": false,
					"trimmed": true,
					"spriteSourceSize": {
						"x": 70,
						"y": 31,
						"w": 153,
						"h": 237
					},
					"sourceSize": {
						"w": 298,
						"h": 300
					},
					"anchor": {
						"x": 0.5,
						"y": 0.8
					}
				},
				{
					"filename": "walk/S/0003",
					"frame": {
						"x": 153,
						"y": 2870,
						"w": 158,
						"h": 242
					},
					"rotated": false,
					"trimmed": true,
					"spriteSourceSize": {
						"x": 64,
						"y": 27,
						"w": 158,
						"h": 242
					},
					"sourceSize": {
						"w": 298,
						"h": 300
					},
					"anchor": {
						"x": 0.5,
						"y": 0.8
					}
				},
				{
					"filename": "walk/S/0004",
					"frame": {
						"x": 311,
						"y": 2870,
						"w": 156,
						"h": 236
					},
					"rotated": false,
					"trimmed": true,
					"spriteSourceSize": {
						"x": 67,
						"y": 31,
						"w": 156,
						"h": 236
					},
					"sourceSize": {
						"w": 298,
						"h": 300
					},
					"anchor": {
						"x": 0.5,
						"y": 0.8
					}
				},
				{
					"filename": "walk/S/0005",
					"frame": {
						"x": 467,
						"y": 2870,
						"w": 149,
						"h": 237
					},
					"rotated": false,
					"trimmed": true,
					"spriteSourceSize": {
						"x": 70,
						"y": 29,
						"w": 149,
						"h": 237
					},
					"sourceSize": {
						"w": 298,
						"h": 300
					},
					"anchor": {
						"x": 0.5,
						"y": 0.8
					}
				},
				{
					"filename": "walk/S/0006",
					"frame": {
						"x": 616,
						"y": 2870,
						"w": 149,
						"h": 236
					},
					"rotated": false,
					"trimmed": true,
					"spriteSourceSize": {
						"x": 64,
						"y": 30,
						"w": 149,
						"h": 236
					},
					"sourceSize": {
						"w": 298,
						"h": 300
					},
					"anchor": {
						"x": 0.5,
						"y": 0.8
					}
				},
				{
					"filename": "walk/SE/0001",
					"frame": {
						"x": 765,
						"y": 2870,
						"w": 137,
						"h": 235
					},
					"rotated": false,
					"trimmed": true,
					"spriteSourceSize": {
						"x": 88,
						"y": 35,
						"w": 137,
						"h": 235
					},
					"sourceSize": {
						"w": 298,
						"h": 300
					},
					"anchor": {
						"x": 0.5,
						"y": 0.8
					}
				},
				{
					"filename": "walk/SE/0002",
					"frame": {
						"x": 902,
						"y": 2870,
						"w": 145,
						"h": 236
					},
					"rotated": false,
					"trimmed": true,
					"spriteSourceSize": {
						"x": 86,
						"y": 37,
						"w": 145,
						"h": 236
					},
					"sourceSize": {
						"w": 298,
						"h": 300
					},
					"anchor": {
						"x": 0.5,
						"y": 0.8
					}
				},
				{
					"filename": "walk/SE/0003",
					"frame": {
						"x": 1047,
						"y": 2870,
						"w": 155,
						"h": 239
					},
					"rotated": false,
					"trimmed": true,
					"spriteSourceSize": {
						"x": 76,
						"y": 33,
						"w": 155,
						"h": 239
					},
					"sourceSize": {
						"w": 298,
						"h": 300
					},
					"anchor": {
						"x": 0.5,
						"y": 0.8
					}
				},
				{
					"filename": "walk/SE/0004",
					"frame": {
						"x": 1202,
						"y": 2870,
						"w": 153,
						"h": 235
					},
					"rotated": false,
					"trimmed": true,
					"spriteSourceSize": {
						"x": 74,
						"y": 36,
						"w": 153,
						"h": 235
					},
					"sourceSize": {
						"w": 298,
						"h": 300
					},
					"anchor": {
						"x": 0.5,
						"y": 0.8
					}
				},
				{
					"filename": "walk/SE/0005",
					"frame": {
						"x": 1355,
						"y": 2870,
						"w": 133,
						"h": 236
					},
					"rotated": false,
					"trimmed": true,
					"spriteSourceSize": {
						"x": 88,
						"y": 35,
						"w": 133,
						"h": 236
					},
					"sourceSize": {
						"w": 298,
						"h": 300
					},
					"anchor": {
						"x": 0.5,
						"y": 0.8
					}
				},
				{
					"filename": "walk/SE/0006",
					"frame": {
						"x": 1488,
						"y": 2870,
						"w": 133,
						"h": 234
					},
					"rotated": false,
					"trimmed": true,
					"spriteSourceSize": {
						"x": 88,
						"y": 35,
						"w": 133,
						"h": 234
					},
					"sourceSize": {
						"w": 298,
						"h": 300
					},
					"anchor": {
						"x": 0.5,
						"y": 0.8
					}
				},
				{
					"filename": "walk/SW/0001",
					"frame": {
						"x": 1621,
						"y": 2870,
						"w": 156,
						"h": 248
					},
					"rotated": false,
					"trimmed": true,
					"spriteSourceSize": {
						"x": 58,
						"y": 20,
						"w": 156,
						"h": 248
					},
					"sourceSize": {
						"w": 298,
						"h": 300
					},
					"anchor": {
						"x": 0.5,
						"y": 0.8
					}
				},
				{
					"filename": "walk/SW/0002",
					"frame": {
						"x": 1777,
						"y": 2870,
						"w": 165,
						"h": 248
					},
					"rotated": false,
					"trimmed": true,
					"spriteSourceSize": {
						"x": 58,
						"y": 20,
						"w": 165,
						"h": 248
					},
					"sourceSize": {
						"w": 298,
						"h": 300
					},
					"anchor": {
						"x": 0.5,
						"y": 0.8
					}
				},
				{
					"filename": "walk/SW/0003",
					"frame": {
						"x": 1942,
						"y": 2870,
						"w": 170,
						"h": 252
					},
					"rotated": false,
					"trimmed": true,
					"spriteSourceSize": {
						"x": 52,
						"y": 17,
						"w": 170,
						"h": 252
					},
					"sourceSize": {
						"w": 298,
						"h": 300
					},
					"anchor": {
						"x": 0.5,
						"y": 0.8
					}
				},
				{
					"filename": "walk/SW/0004",
					"frame": {
						"x": 2112,
						"y": 2870,
						"w": 162,
						"h": 248
					},
					"rotated": false,
					"trimmed": true,
					"spriteSourceSize": {
						"x": 61,
						"y": 20,
						"w": 162,
						"h": 248
					},
					"sourceSize": {
						"w": 298,
						"h": 300
					},
					"anchor": {
						"x": 0.5,
						"y": 0.8
					}
				},
				{
					"filename": "walk/SW/0005",
					"frame": {
						"x": 2274,
						"y": 2870,
						"w": 161,
						"h": 249
					},
					"rotated": false,
					"trimmed": true,
					"spriteSourceSize": {
						"x": 49,
						"y": 19,
						"w": 161,
						"h": 249
					},
					"sourceSize": {
						"w": 298,
						"h": 300
					},
					"anchor": {
						"x": 0.5,
						"y": 0.8
					}
				},
				{
					"filename": "walk/SW/0006",
					"frame": {
						"x": 2435,
						"y": 2870,
						"w": 160,
						"h": 245
					},
					"rotated": false,
					"trimmed": true,
					"spriteSourceSize": {
						"x": 54,
						"y": 21,
						"w": 160,
						"h": 245
					},
					"sourceSize": {
						"w": 298,
						"h": 300
					},
					"anchor": {
						"x": 0.5,
						"y": 0.8
					}
				},
				{
					"filename": "walk/W/0001",
					"frame": {
						"x": 2595,
						"y": 2870,
						"w": 145,
						"h": 253
					},
					"rotated": false,
					"trimmed": true,
					"spriteSourceSize": {
						"x": 69,
						"y": 11,
						"w": 145,
						"h": 253
					},
					"sourceSize": {
						"w": 298,
						"h": 300
					},
					"anchor": {
						"x": 0.5,
						"y": 0.8
					}
				},
				{
					"filename": "walk/W/0002",
					"frame": {
						"x": 2740,
						"y": 2870,
						"w": 143,
						"h": 256
					},
					"rotated": false,
					"trimmed": true,
					"spriteSourceSize": {
						"x": 75,
						"y": 12,
						"w": 143,
						"h": 256
					},
					"sourceSize": {
						"w": 298,
						"h": 300
					},
					"anchor": {
						"x": 0.5,
						"y": 0.8
					}
				},
				{
					"filename": "walk/W/0003",
					"frame": {
						"x": 2883,
						"y": 2870,
						"w": 152,
						"h": 258
					},
					"rotated": false,
					"trimmed": true,
					"spriteSourceSize": {
						"x": 68,
						"y": 8,
						"w": 152,
						"h": 258
					},
					"sourceSize": {
						"w": 298,
						"h": 300
					},
					"anchor": {
						"x": 0.5,
						"y": 0.8
					}
				},
				{
					"filename": "walk/W/0004",
					"frame": {
						"x": 3035,
						"y": 2870,
						"w": 143,
						"h": 256
					},
					"rotated": false,
					"trimmed": true,
					"spriteSourceSize": {
						"x": 75,
						"y": 11,
						"w": 143,
						"h": 256
					},
					"sourceSize": {
						"w": 298,
						"h": 300
					},
					"anchor": {
						"x": 0.5,
						"y": 0.8
					}
				},
				{
					"filename": "walk/W/0005",
					"frame": {
						"x": 3178,
						"y": 2870,
						"w": 145,
						"h": 255
					},
					"rotated": false,
					"trimmed": true,
					"spriteSourceSize": {
						"x": 69,
						"y": 11,
						"w": 145,
						"h": 255
					},
					"sourceSize": {
						"w": 298,
						"h": 300
					},
					"anchor": {
						"x": 0.5,
						"y": 0.8
					}
				},
				{
					"filename": "walk/W/0006",
					"frame": {
						"x": 0,
						"y": 3128,
						"w": 131,
						"h": 250
					},
					"rotated": false,
					"trimmed": true,
					"spriteSourceSize": {
						"x": 80,
						"y": 14,
						"w": 131,
						"h": 250
					},
					"sourceSize": {
						"w": 298,
						"h": 300
					},
					"anchor": {
						"x": 0.5,
						"y": 0.8
					}
				}
			]
		}
	],
	"meta": {
		"app": "https://www.codeandweb.com/texturepacker",
		"version": "3.0",
		"smartupdate": "$TexturePacker:SmartUpdate:59eae49c70a835ddd40543079fd05924:30fcfef5d829aa056b0da72f37b765a0:2b9563954c2591e24e4bf0b0310d2ca7$"
	}
}
