{
"resources":
	[
        {"name":"bgImage","type":"image","url":"assets/load_bg.png"},
        {"name":"helpBtnImage","type":"image","url":"assets/help_btn.png"},
        {"name":"musicBtnImage","type":"image","url":"assets/music_btn.png"},
        {"name":"startBtnImage","type":"image","url":"assets/start_btn.png"},
        {"name":"ddlogo","type":"image","url":"assets/ddlogo.png"},
        {"name":"fight1BgImage","type":"image","url":"assets/fight1Bg.png"},
        {"name":"fight2BgImage","type":"image","url":"assets/fight2Bg.png"},
        {"name":"fight3BgImage","type":"image","url":"assets/fight3Bg.png"},
        {"name":"fight4BgImage","type":"image","url":"assets/fight4Bg.png"},
        {"name":"fight5BgImage","type":"image","url":"assets/fight5Bg.png"},
        {"name":"gameinfoImage","type":"image","url":"assets/gameinfo.png"},
        {"name":"gameinfo_1_Image","type":"image","url":"assets/gameinfo_1.png"},
        {"name":"gameinfo_2_Image","type":"image","url":"assets/gameinfo_2.png"},
        {"name":"gameinfo_3_Image","type":"image","url":"assets/gameinfo_3.png"},
        {"name":"gameinfo_4_Image","type":"image","url":"assets/gameinfo_4.png"},
        {"name":"gameinfo_5_Image","type":"image","url":"assets/gameinfo_5.png"},
        {"name":"loading_logo","type":"image","url":"assets/ddlogo.png"},
        {"name":"loading_bg","type":"image","url":"assets/loading_bg.jpg"},

        {"name":"dazhaoBarBg","type":"image","url":"assets/dazhaoBarBg.png"},
        {"name":"lineImage","type":"image","url":"assets/line.png"},
        {"name":"shanImage","type":"image","url":"assets/shan.png"},
        {"name":"feverImage","type":"image","url":"assets/fever.png"},
        {"name":"dazhaoImage","type":"image","url":"assets/dazhao.png"},
        {"name":"closeGameBtnImage","type":"image","url":"assets/help_object-2.png"},
        {"name":"redGirlHeadImage","type":"image","url":"assets/redGirlHead.png"},
        {"name":"distanceBarImage","type":"image","url":"assets/distanceBar.png"},
        {"name":"optionBtnImage","type":"image","url":"assets/option_btn_b.png"},
        {"name":"optionMusicBgImage","type":"image","url":"assets/option_bg.png"},
        {"name":"option5Image","type":"image","url":"assets/option_05.png"},
        {"name":"option6Image","type":"image","url":"assets/option_06.png"},
        {"name":"option7Image","type":"image","url":"assets/option_07.png"},
        {"name":"zhinanImage","type":"image","url":"assets/option_03.png"},
        {"name":"optionBgImage","type":"image","url":"assets/optionBgImage.png"},
        {"name":"gameWinImage","type":"image","url":"assets/gameWin.png"},
        {"name":"wall1_1Image","type":"image","url":"assets/wall1_1.png"},
        {"name":"wall1_2Image","type":"image","url":"assets/wall1_2.png"},
        {"name":"wall2_1Image","type":"image","url":"assets/wall2_1.png"},
        {"name":"wall2_2Image","type":"image","url":"assets/wall2_2.png"},
        {"name":"wall3_1Image","type":"image","url":"assets/wall3_1.png"},
        {"name":"wall3_2Image","type":"image","url":"assets/wall3_2.png"},
        {"name":"wall4_1Image","type":"image","url":"assets/wall4_1.png"},
        {"name":"wall4_2Image","type":"image","url":"assets/wall4_2.png"},
        {"name":"wall5_1Image","type":"image","url":"assets/wall5_1.png"},
        {"name":"wall5_2Image","type":"image","url":"assets/wall5_2.png"},
        {"name":"bombImage","type":"image","url":"assets/bomb.png"},
        {"name":"comboImage","type":"image","url":"assets/combo.png"},
        {"name":"gameOverImage","type":"image","url":"assets/gameOver.png"},
        {"name":"houseImage","type":"image","url":"assets/house.png"},
        {"name":"maskImage","type":"image","url":"assets/mask.png"},
        {"name":"blodBarMaskImage","type":"image","url":"assets/blodBarMask.png"},
        {"name":"blodBarBgImage","type":"image","url":"assets/blodBarBg.png"},
        {"name":"blodBarImage","type":"image","url":"assets/blodBar.png"},
        {"name":"sorceMcImage","type":"image","url":"assets/sorceMc.png"},
        {"name":"overBgImage","type":"image","url":"assets/overBg.png"},
        {"name":"btnfenxiang","type":"image","url":"assets/btnfenxiang.png"},
        {"name":"btngengduoyouxi","type":"image","url":"assets/btngengduoyouxi.png"},
        {"name":"btnzailaiyici","type":"image","url":"assets/btnzailaiyici.png"},
        {"name":"shareImage","type":"image","url":"assets/share.png"},
        {"name":"gameWinImage","type":"image","url":"assets/gameWin.png"},
        {"name":"completeImage","type":"image","url":"assets/complete.png"},

        {"name":"newAssets","type":"sheet","url":"assets/newAssets.json"},

        {"name":"streakNum","type":"sheet","url":"assets/number/streakNum.json"},
        {"name":"sourceNum","type":"sheet","url":"assets/number/sourceNum.json"},

        {"name":"bgSound","type":"sound","soundType":"music","url":"assets/sound/sound_bg.mp3"},
        {"name":"winSound","type":"sound","soundType":"effect","url":"assets/sound/sound_win.mp3"},
        {"name":"missSound","type":"sound","soundType":"effect","url":"assets/sound/sound_miss.mp3"},
        {"name":"hitSound","type":"sound","soundType":"effect","url":"assets/sound/sound_hit.mp3"},
        {"name":"goSound","type":"sound","soundType":"effect","url":"assets/sound/sound_go.mp3"},
        {"name":"overSound","type":"sound","soundType":"effect","url":"assets/sound/sound_gameover.mp3"},
        {"name":"beHitSound","type":"sound","soundType":"effect","url":"assets/sound/sound_behit.mp3"},
        {"name":"numSound","type":"sound","soundType":"effect","url":"assets/sound/OneTwoThree.mp3"},

        {"name":"lieren","type":"starlingswf_sheet","url":"assets/lieren/lieren.json"},
        {"name":"lieren_swf","type":"json","url":"assets/lieren/lieren_swf.json"},
        {"name":"huli","type":"starlingswf_sheet","url":"assets/huli/huli.json"},
        {"name":"huli_swf","type":"json","url":"assets/huli/huli_swf.json"},
        {"name":"bianfu","type":"starlingswf_sheet","url":"assets/bianfu/bianfu.json"},
        {"name":"bianfu_swf","type":"json","url":"assets/bianfu/bianfu_swf.json"},
        {"name":"niao","type":"starlingswf_sheet","url":"assets/niao/niao.json"},
        {"name":"niao_swf","type":"json","url":"assets/niao/niao_swf.json"},
        {"name":"daoju","type":"starlingswf_sheet","url":"assets/daoju/daoju.json"},
        {"name":"daoju_swf","type":"json","url":"assets/daoju/daoju_swf.json"},
        {"name":"xiaohongmao","type":"starlingswf_sheet","url":"assets/xiaohongmao/xiaohongmao.json"},
        {"name":"xiaohongmao_swf","type":"json","url":"assets/xiaohongmao/xiaohongmao_swf.json"},
        {"name":"redNu","type":"starlingswf_sheet","url":"assets/redNu/redNu.json"},
        {"name":"redNu_swf","type":"json","url":"assets/redNu/redNu_swf.json"},
        {"name":"promptPop","type":"starlingswf_sheet","url":"assets/promptPop/promptPop.json"},
        {"name":"promptPop_swf","type":"json","url":"assets/promptPop/promptPop_swf.json"},
        {"name":"lang","type":"starlingswf_sheet","url":"assets/lang/lang.json"},
        {"name":"lang_swf","type":"json","url":"assets/lang/lang_swf.json"},
        {"name":"go","type":"starlingswf_sheet","url":"assets/go/go.json"},
        {"name":"go_swf","type":"json","url":"assets/go/go_swf.json"},
        {"name":"description","type":"json","url":"config/description.json"}
    ],
"groups":
	[
        {"name":"preload","keys":"loading_bg,loading_logo,newAssets,bgImage,musicBtnImage,startBtnImage,ddlogo,helpBtnImage,bombImage,wall1_1Image,wall1_2Image,wall1_1Image,wall1_2Image,wall2_1Image,wall2_2Image,wall3_1Image,wall3_2Image,wall4_1Image,wall4_2Image,wall5_1Image,wall5_2Image,fight1BgImage,fight2BgImage,fight3BgImage,fight4BgImage,fight5BgImage,gameinfo_1_Image,gameinfo_2_Image,gameinfo_3_Image,gameinfo_4_Image,gameinfo_5_Image,streakNum,sourceNum,sorceMcImage,comboImage"},
        {"name":"bgPic","keys":"completeImage,gameWinImage,dazhaoBarBg,shareImage,btnfenxiang,btngengduoyouxi,btnzailaiyici,overBgImage,lineImage,shanImage,feverImage,dazhaoImage,closeGameBtnImage,gameinfoImage,redGirlHeadImage,distanceBarImage,optionBtnImage,option5Image,option6Image,option7Image,optionMusicBgImage,optionBgImage,zhinanImage,blodBarMaskImage,blodBarBgImage,blodBarImage,maskImage,houseImage,gameOverImage,gameWinImage"},
        {"name":"animation","keys":"redNu,redNu_swf,promptPop,promptPop_swf,lang,lang_swf,go,go_swf,xiaohongmao,xiaohongmao_swf,daoju,daoju_swf,bianfu,bianfu_swf,lieren,lieren_swf,huli,huli_swf,niao,niao_swf"},
        {"name":"sound","keys":"bgSound,winSound,missSound,hitSound,goSound,overSound,beHitSound,numSound"}
    ]
}