{"file":"sourceNum.png","frames":{
"number-0":{"x":0,"y":0,"w":18,"h":23,"offX":0,"offY":0,"sourceW":18,"sourceH":23},
"number-1":{"x":0,"y":23,"w":14,"h":22,"offX":2,"offY":1,"sourceW":18,"sourceH":23},
"number-2":{"x":0,"y":45,"w":16,"h":22,"offX":1,"offY":0,"sourceW":18,"sourceH":23},
"number-3":{"x":14,"y":23,"w":16,"h":22,"offX":1,"offY":0,"sourceW":18,"sourceH":23},
"number-4":{"x":18,"y":0,"w":17,"h":22,"offX":1,"offY":1,"sourceW":18,"sourceH":23},
"number-5":{"x":0,"y":67,"w":18,"h":22,"offX":0,"offY":0,"sourceW":18,"sourceH":23},
"number-6":{"x":16,"y":45,"w":17,"h":22,"offX":0,"offY":1,"sourceW":18,"sourceH":23},
"number-7":{"x":30,"y":22,"w":16,"h":21,"offX":2,"offY":1,"sourceW":18,"sourceH":23},
"number-8":{"x":35,"y":0,"w":17,"h":22,"offX":0,"offY":1,"sourceW":18,"sourceH":23},
"number-9":{"x":52,"y":0,"w":15,"h":22,"offX":2,"offY":0,"sourceW":18,"sourceH":23}}}