{"file":"streakNum.png","frames":{
"number-09":{"x":0,"y":0,"w":43,"h":59,"offX":0,"offY":0,"sourceW":47,"sourceH":59},
"number-00":{"x":0,"y":59,"w":43,"h":59,"offX":2,"offY":0,"sourceW":47,"sourceH":59},
"number-01":{"x":43,"y":0,"w":38,"h":57,"offX":0,"offY":2,"sourceW":47,"sourceH":59},
"number-02":{"x":43,"y":57,"w":43,"h":59,"offX":2,"offY":0,"sourceW":47,"sourceH":59},
"number-03":{"x":86,"y":0,"w":42,"h":59,"offX":2,"offY":0,"sourceW":47,"sourceH":59},
"number-04":{"x":86,"y":59,"w":42,"h":59,"offX":0,"offY":0,"sourceW":47,"sourceH":59},
"number-05":{"x":128,"y":59,"w":38,"h":59,"offX":5,"offY":0,"sourceW":47,"sourceH":59},
"number-06":{"x":128,"y":0,"w":41,"h":58,"offX":3,"offY":1,"sourceW":47,"sourceH":59},
"number-07":{"x":166,"y":58,"w":43,"h":58,"offX":0,"offY":1,"sourceW":47,"sourceH":59},
"number-08":{"x":209,"y":0,"w":42,"h":59,"offX":2,"offY":0,"sourceW":47,"sourceH":59}}}