{"btn":{},"s9":{},"comp":{},"mc":{"mc_daoju":{"loop":false,"frameEvents":{},"labels":[["1",0,0],["2",1,1],["3",2,2],["4",3,3]],"frames":[[["img_daoju_1","img",-41,-48,1,1,0,0,1,"",0]],[["img_daoju_2","img",-41,-48,1,1,0,0,1,"",0]],[["img_daoju_3","img",-41,-48,1,1,0,0,1,"",0]],[["img_daoju_4","img",-41,-48,1,1,0,0,1,"",0]]],"objCount":{"img_daoju_4":["img",1],"img_daoju_2":["img",1],"img_daoju_1":["img",1],"img_daoju_3":["img",1]}}},"particle":{},"img":{"img_daoju_4":[0,0],"img_daoju_2":[0,0],"img_daoju_3":[0,0],"img_daoju_1":[0,0]},"spr":{},"shapeImg":{}}