{"comp":{},"spr":{},"s9":{},"img":{"img_huli-sc/hulipao001":[32.15,75.35],"img_huli-sc/hulipao004":[32.15,75.35],"img_huli-sc/hulitiao005":[32.35,77.6],"img_huli-sc/hulipao002":[32.85,77.1],"img_huli-sc/hulitiao001":[32.35,76.05],"img_huli-sc/hulijifei":[44.1,49.45],"img_huli-sc/yingzi":[28.7,11.6],"img_huli-sc/hulitiao004":[33.55,50.15],"img_huli-sc/hulitiao002":[33.9,60.9],"img_huli-sc/hulipao003":[32.35,74.95],"img_huli-sc/hulitiao003":[35.45,63.35]},"particle":{},"mc":{"mc_huli":{"loop":true,"labels":[["run",0,7],["jump",8,23],["die",24,24],["4",25,25]],"frameEvents":{},"objCount":{"img_huli-sc/hulipao001":["img",1],"img_huli-sc/hulipao004":["img",1],"img_huli-sc/hulitiao005":["img",1],"img_huli-sc/hulitiao001":["img",1],"img_huli-sc/hulijifei":["img",1],"img_huli-sc/yingzi":["img",1],"img_huli-sc/hulitiao004":["img",1],"img_huli-sc/hulipao002":["img",1],"img_huli-sc/hulitiao002":["img",1],"img_huli-sc/hulipao003":["img",1],"img_huli-sc/hulitiao003":["img",1]},"frames":[[["img_huli-sc/hulipao001","img",1.2,-4.05,1,1,0,0,1,"",0]],[["img_huli-sc/hulipao001","img",1.2,-4.05,1,1,0,0,1,"",0]],[["img_huli-sc/hulipao002","img",0.95,-5.1,1,1,0,0,1,"",0]],[["img_huli-sc/hulipao002","img",0.95,-5.1,1,1,0,0,1,"",0]],[["img_huli-sc/hulipao003","img",1.5,-3.25,1,1,0,0,1,"",0]],[["img_huli-sc/hulipao003","img",1.5,-3.25,1,1,0,0,1,"",0]],[["img_huli-sc/hulipao004","img",1.1,-2.75,1,1,0,0,1,"",0]],[["img_huli-sc/hulipao004","img",1.1,-2.75,1,1,0,0,1,"",0]],[["img_huli-sc/hulitiao001","img",1.05,-3.4,1,1,0,0,1,"",0]],[["img_huli-sc/hulitiao001","img",1.05,-3.4,1,1,0,0,1,"",0]],[["img_huli-sc/hulitiao002","img",0.35,-1.2,1,1,0,0,1,"",0]],[["img_huli-sc/hulitiao002","img",0.35,-1.2,1,1,0,0,1,"",0]],[["img_huli-sc/hulitiao003","img",2.1,6.25,1,1,0,0,1,"",0]],[["img_huli-sc/hulitiao003","img",2.1,6.25,1,1,0,0,1,"",0]],[["img_huli-sc/hulitiao004","img",-0.35,-9.2,1,1,0,0,1,"",0]],[["img_huli-sc/hulitiao004","img",-0.35,-9.2,1,1,0,0,1,"",0]],[["img_huli-sc/hulitiao004","img",-0.35,-9.2,1,1,0,0,1,"",0]],[["img_huli-sc/hulitiao004","img",-0.35,-9.2,1,1,0,0,1,"",0]],[["img_huli-sc/hulitiao004","img",-0.35,-9.2,1,1,0,0,1,"",0]],[["img_huli-sc/hulitiao004","img",-0.35,-9.2,1,1,0,0,1,"",0]],[["img_huli-sc/hulitiao004","img",-0.35,-9.2,1,1,0,0,1,"",0]],[["img_huli-sc/hulitiao004","img",-0.35,-9.2,1,1,0,0,1,"",0]],[["img_huli-sc/hulitiao005","img",0.9,-8.9,1,1,0,0,1,"",0]],[["img_huli-sc/hulitiao005","img",0.9,-8.9,1,1,0,0,1,"",0]],[["img_huli-sc/hulijifei","img",3.3,-3.95,1,1,0,0,1,"",0]],[["img_huli-sc/yingzi","img",0.5,-2.5,1.85272216796875,2.11029052734375,90,90,1,"",0]]]}},"shapeImg":{},"btn":{}}