{"file":"huli.png","frames":{"img_huli-sc/hulipao001":{"offY":-2,"y":0,"offX":0,"h":149,"w":64,"x":198},"img_huli-sc/hulipao004":{"offY":-1,"y":0,"offX":0,"h":148,"w":64,"x":264},"img_huli-sc/hulitiao005":{"offY":-1,"y":0,"offX":0,"h":152,"w":64,"x":66},"img_huli-sc/hulipao002":{"offY":-1,"y":0,"offX":-1,"h":152,"w":64,"x":0},"img_huli-sc/hulitiao001":{"offY":-1,"y":0,"offX":0,"h":150,"w":64,"x":132},"img_huli-sc/hulijifei":{"offY":-1,"y":152,"offX":-1,"h":90,"w":86,"x":132},"img_huli-sc/yingzi":{"offY":0,"y":150,"offX":0,"h":23,"w":56,"x":264},"img_huli-sc/hulitiao004":{"offY":-2,"y":150,"offX":-1,"h":99,"w":66,"x":322},"img_huli-sc/hulitiao002":{"offY":-1,"y":127,"offX":-1,"h":118,"w":67,"x":396},"img_huli-sc/hulipao003":{"offY":-2,"y":0,"offX":0,"h":148,"w":64,"x":330},"img_huli-sc/hulitiao003":{"offY":-2,"y":0,"offX":-1,"h":125,"w":66,"x":396}}}