{
  "image": [
    {
      "key": "title_background",
      "texture": "sprites/background.png"
    },
    {
      "key": "trail",
      "texture": "sprites/trail.png"
    },
    {
      "key": "map_tiles",
      "texture": "maps/map_tiles.png"
    },
    {
      "key": "stone-tiles",
      "texture": "maps/stone-tiles.jpg"
    },
    {
      "key": "joystick_base",
      "texture": "sprites/joystick_base.png"
    },
    {
      "key": "joystick",
      "texture": "sprites/joystick.png"
    }
  ],
  "spritesheet": [
    {
      "key": "soldier",
      "texture": "spritesheets/soldier.png",
      "frameWidth": 300,
      "frameHeight": 300
    }
  ],
  "atlas": [
    {
      "key": "fire_monster",
      "texture": "spritesheets/fire_monster.png",
      "data": "spritesheets/fire_monster.json"
    },
    {
      "key": "ice_monster",
      "texture": "spritesheets/ice_monster.png",
      "data": "spritesheets/ice_monster.json"
    },
    {
      "key": "spider_monster",
      "texture": "spritesheets/spider_monster.png",
      "data": "spritesheets/spider_monster.json"
    },
    {
      "key": "golem_monster",
      "texture": "spritesheets/golem_monster.png",
      "data": "spritesheets/golem_monster.json"
    },
    {
      "key": "priest_hero",
      "texture": "spritesheets/priest_hero.png",
      "data": "spritesheets/priest_hero.json"
    },
    {
      "key": "knight_hero",
      "texture": "spritesheets/knight_hero.png",
      "data": "spritesheets/knight_hero.json"
    },
    {
      "key": "mage_hero",
      "texture": "spritesheets/mage_hero.png",
      "data": "spritesheets/mage_hero.json"
    },
    {
      "key": "checkmark",
      "texture": "spritesheets/buttons/checkmark.png",
      "data": "spritesheets/buttons/checkmark.json"
    },
    {
      "key": "projectiles",
      "texture": "spritesheets/projectiles/projectiles.png",
      "data": "spritesheets/projectiles/projectiles.json"
    }
  ],
  "tileMap": [
    {
      "key": "grass_area",
      "data": "maps/map.json"
    },
    {
      "key": "dungeon_map",
      "data": "maps/dungeon_map.json"
    }
  ],
  "json": [
    {
      "key": "config",
      "data": "json/config.json"
    },
    {
      "key": "characters",
      "data": "json/characters.json"
    },
    {
      "key": "projectiles",
      "data": "json/projectiles.json"
    }
  ],
  "html": [
    {
      "key": "credits",
      "data": "html/credits.html"
    },
    {
      "key": "killed",
      "data": "html/killed.html"
    },
    {
      "key": "controls",
      "data": "html/controls.html"
    },
    {
      "key": "settings",
      "data": "html/settings.html"
    },
    {
      "key": "quitGame",
      "data": "html/quitGame.html"
    },
    {
      "key": "nameSelection",
      "data": "html/nameSelection.html"
    }
  ],
  "cache": [
    "/index.html",
    "js/phaser.min.js",
    "js/socket.io.js",
    "js/game.js",
    "css/main.css",
    "assets/assets.json",
    "https://fonts.googleapis.com/css?family=Jim+Nightshade%7CFjalla+One%7CNoto+Sans",
    "https://ajax.googleapis.com/ajax/libs/webfont/1.6.26/webfont.js"
  ]
}
