{"mc":{"mc_bianfu":{"loop":true,"objCount":{"img_bianfu-sc/bianfufei004":["img",1],"img_bianfu-sc/bianfufei003":["img",1],"img_bianfu-sc/bianfufei002":["img",3],"img_bianfu-sc/bianfuqifei001":["img",1],"img_bianfu-sc/bianfufei001":["img",1],"img_bianfu-sc/bianfuqifei002":["img",1],"img_bianfu-sc/bianfujifei":["img",1]},"labels":[["run",0,9],["jump",10,20],["die",21,21]],"frames":[[["img_bianfu-sc/bianfufei001","img",3,6.1,1,1,0,0,1,"",0]],[["img_bianfu-sc/bianfufei001","img",3,6.1,1,1,0,0,1,"",0]],[["img_bianfu-sc/bianfufei002","img",4.25,5.55,1,1,0,0,1,"",0]],[["img_bianfu-sc/bianfufei002","img",4.25,5.55,1,1,0,0,1,"",0]],[["img_bianfu-sc/bianfufei003","img",5.65,4.7,1,1,0,0,1,"",0]],[["img_bianfu-sc/bianfufei003","img",5.65,4.7,1,1,0,0,1,"",0]],[["img_bianfu-sc/bianfufei002","img",4.3,5.45,1,1,0,0,1,"",1]],[["img_bianfu-sc/bianfufei002","img",4.3,5.45,1,1,0,0,1,"",1]],[["img_bianfu-sc/bianfufei004","img",5,4.75,1,1,0,0,1,"",0]],[["img_bianfu-sc/bianfufei004","img",5,4.75,1,1,0,0,1,"",0]],[["img_bianfu-sc/bianfuqifei001","img",4.7,-10.2,1,1,0,0,1,"",0]],[["img_bianfu-sc/bianfuqifei001","img",4.7,-10.2,1,1,0,0,1,"",0]],[["img_bianfu-sc/bianfuqifei002","img",7.5,1.15,1,1,0,0,1,"",0]],[["img_bianfu-sc/bianfuqifei002","img",7.5,1.15,1,1,0,0,1,"",0]],[["img_bianfu-sc/bianfufei002","img",4.3,2.45,1,1,0,0,1,"",2]],[["img_bianfu-sc/bianfufei002","img",4.3,2.45,1,1,0,0,1,"",2]],[["img_bianfu-sc/bianfufei002","img",4.3,2.45,1,1,0,0,1,"",2]],[["img_bianfu-sc/bianfufei002","img",4.3,2.45,1,1,0,0,1,"",2]],[["img_bianfu-sc/bianfufei002","img",4.3,2.45,1,1,0,0,1,"",2]],[["img_bianfu-sc/bianfufei002","img",4.3,2.45,1,1,0,0,1,"",2]],[["img_bianfu-sc/bianfufei002","img",4.3,2.45,1,1,0,0,1,"",2]],[["img_bianfu-sc/bianfujifei","img",1.15,-5.65,1,1,0,0,1,"",0]]],"frameEvents":{}}},"comp":{},"particle":{},"shapeImg":{},"img":{"img_bianfu-sc/bianfufei004":[58.1,41.9],"img_bianfu-sc/bianfufei003":[58.1,41.6],"img_bianfu-sc/bianfufei002":[58.1,40.6],"img_bianfu-sc/bianfuqifei001":[47.7,58.1],"img_bianfu-sc/bianfufei001":[58.1,40.25],"img_bianfu-sc/bianfuqifei002":[58.1,45.5],"img_bianfu-sc/bianfujifei":[54.1,31.05]},"s9":{},"spr":{},"btn":{}}