{"frames":{"img_bianfu-sc/bianfufei004":{"y":83,"h":83,"offY":-1,"w":109,"offX":-2,"x":108},"img_bianfu-sc/bianfufei003":{"y":248,"h":81,"offY":-1,"w":109,"offX":-2,"x":92},"img_bianfu-sc/bianfufei002":{"y":0,"h":81,"offY":0,"w":113,"offX":-1,"x":108},"img_bianfu-sc/bianfuqifei001":{"y":93,"h":97,"offY":-18,"w":93,"offX":-3,"x":0},"img_bianfu-sc/bianfufei001":{"y":168,"h":78,"offY":-2,"w":113,"offX":-2,"x":95},"img_bianfu-sc/bianfuqifei002":{"y":0,"h":91,"offY":0,"w":106,"offX":-2,"x":0},"img_bianfu-sc/bianfujifei":{"y":192,"h":60,"offY":-1,"w":90,"offX":-1,"x":0}},"file":"bianfu.png"}